file,camera,source,coverage,transparent_ratio,semi_ratio,opaque_ratio,effective_occlusion,spatial_occlusion,soiling_centroid_r,roi_coverage,roi_occlusion,roi_opaque,severity,health_score,state,override,roi_edge_ratio,image_flag,camera_weight
0088_RV.png,RV,GT,0.8768438254633423,0.30878540331653864,0.16100376657046422,0.5302108301129971,0.6474373667663194,0.6106773019878486,0.1671321432056251,0.8152169168994413,0.5919908781424581,0.471848812849162,0.6142307518832336,38.58,Unreliable,False,,False,0.0
0088_RV.png,RV,fpn_resnet18_torch_cross_entropy_correct_files,1.0,0.1767413132712541,0.32518239878529487,0.498076287943451,0.7710213045212596,0.7764352846971497,0.10649241995619639,1.0,0.7907413145949721,0.595430342178771,0.7805335026035116,21.95,Unreliable,True,,False,0.0
0088_RV.png,RV,fpn_resnet50_torch_cross_entropy_all_files,0.953007381735673,0.1764864731059873,0.312453023804273,0.5110605030897397,0.7390763179679424,0.741810923395153,0.13562883763268468,0.9803814594972067,0.7573384034567039,0.5256852304469274,0.7472015337916103,25.28,Unreliable,True,,False,0.0
0088_RV.png,RV,unet_resnet18_torch_cross_entropy_all_files,0.9652573742295502,0.24813480090471599,0.2424558862084135,0.5094093128868705,0.7252120372475263,0.7458260394981961,0.12180846803546888,0.9883358065642458,0.7554785701815643,0.5625872905027933,0.7435028510963424,25.65,Unreliable,True,,False,0.0
0088_RV.png,RV,pan_resnet18_torch_cross_entropy_correct_clear_strict_files,0.7737911925299066,0.22630318618212455,0.1096594310547438,0.6640373827631316,0.6276163556272332,0.6521400022550433,0.19075350881445013,0.8404111382681564,0.6707023612081006,0.5553312674581006,0.6522078518479232,34.78,Unreliable,True,,False,0.0
0089_RV.png,RV,GT,0.8768566931025165,0.3087466309255355,0.1612606575259376,0.5299927115485269,0.6473930591954294,0.6106248475785917,0.16704007565714404,0.8150314245810056,0.5918696534567038,0.47160876396648044,0.6141532334148878,38.58,Unreliable,False,,False,0.0
0089_RV.png,RV,fpn_resnet18_torch_cross_entropy_correct_files,1.0,0.1793448655975088,0.3445867986600498,0.47606833574244134,0.7626794285052522,0.767831888296443,0.10864437089439652,1.0,0.7769487604748602,0.5570879888268156,0.7699328992304526,23.01,Unreliable,True,,False,0.0
0089_RV.png,RV,fpn_resnet50_torch_cross_entropy_all_files,0.9641207327691589,0.1894313500431537,0.2940812712987926,0.5164873786580537,0.7453553398557967,0.7376628376108046,0.1327857905595232,0.9864263268156425,0.7482392414455308,0.5289149790502793,0.7442011498181927,25.58,Unreliable,True,,False,0.0
0089_RV.png,RV,unet_resnet18_torch_cross_entropy_all_files,0.9732653350089859,0.1971662773786964,0.3090167907981138,0.4938169318231898,0.7424388036526939,0.7587200049293349,0.11915051542922259,0.9904962465083799,0.778027780202514,0.5393243715083799,0.7615587546556142,23.84,Unreliable,True,,False,0.0
0089_RV.png,RV,pan_resnet18_torch_cross_entropy_correct_clear_strict_files,0.38091643326198943,0.21970993604179803,0.0,0.780290063958202,0.32484337938518415,0.38293220669867606,0.2311505383410529,0.5022804643854749,0.4257313853002793,0.3880281075418994,0.3826252299452698,61.74,Degraded,False,,False,0.5
0090_RV.png,RV,GT,0.8773327957519634,0.30892619680851063,0.16119759073842302,0.5298762124530664,0.6476578323175047,0.6109489814666447,0.16675024006540826,0.8152387395251397,0.5922304905726257,0.47204521648044695,0.6144742403642951,38.55,Unreliable,False,,False,0.0
0090_RV.png,RV,fpn_resnet18_torch_cross_entropy_correct_files,1.0,0.16773825506234372,0.34516584242289067,0.4870959025147656,0.7702589826844469,0.7812090331875724,0.10638428885959833,1.0,0.7945840607541901,0.5857847416201117,0.7832740290632818,21.67,Unreliable,True,,False,0.0
0090_RV.png,RV,fpn_resnet50_torch_cross_entropy_all_files,0.9443131468669443,0.1092296511627907,0.3651889534883721,0.5255813953488372,0.7579547316453852,0.7526679022882402,0.12306341091486296,0.9598900139664804,0.7620838425279328,0.5296133030726257,0.7580203271912607,24.2,Unreliable,True,,False,0.0
0090_RV.png,RV,unet_resnet18_torch_cross_entropy_all_files,0.9484565266810498,0.21099734992719082,0.29391839946455867,0.4950842506082505,0.7195935112784857,0.7400481323590574,0.11971601415900811,0.9803814594972067,0.7579993016759776,0.5341633205307262,0.741092213761654,25.89,Unreliable,True,,False,0.0
0090_RV.png,RV,pan_resnet18_torch_cross_entropy_correct_clear_strict_files,0.8632041279386471,0.14442732919254658,0.19518509316770186,0.6603875776397515,0.722390292653007,0.7530419210321934,0.14489705222918434,0.9389948498603352,0.7770084453561451,0.5792597765363129,0.7534330422480182,24.66,Unreliable,True,,False,0.0
0091_RV.png,RV,GT,0.8774271584392411,0.309093397729828,0.16142467467712132,0.5294819275930507,0.6475614537000897,0.6108042862138676,0.16668130740411466,0.815260562150838,0.5920023350209498,0.47155420740223464,0.6143106559825671,38.57,Unreliable,False,,False,0.0
0091_RV.png,RV,fpn_resnet18_torch_cross_entropy_correct_files,1.0,0.17500418198273163,0.35576448788940696,0.46923133012786145,0.7617872721891714,0.7691932621555492,0.10768210958683386,1.0,0.7782234200418994,0.5534872555865922,0.770583528320176,22.94,Unreliable,True,,False,0.0
0091_RV.png,RV,fpn_resnet50_torch_cross_entropy_all_files,0.9889381195232111,0.32883711247202513,0.15410905431897434,0.5170538332090006,0.7192369489969676,0.7179974595861197,0.12657155208794013,0.9988652234636871,0.7131698454958101,0.5395316864525139,0.7164382607732502,28.36,Unreliable,True,,False,0.0
0091_RV.png,RV,unet_resnet18_torch_cross_entropy_all_files,0.962580905281308,0.17982880237413054,0.3055445394552155,0.514626658170654,0.7466062030599246,0.7676959313646955,0.11653508121066988,0.9808288233240223,0.7833457358589386,0.567017283519553,0.7676289346709615,23.24,Unreliable,True,,False,0.0
0091_RV.png,RV,pan_resnet18_torch_cross_entropy_correct_clear_strict_files,0.8235117502991726,0.16806600137502864,0.1846392633179858,0.6472947353069856,0.6790829662481824,0.7216568138486504,0.16905934359255723,0.9080503666201117,0.7444938241969273,0.5655769902234636,0.7180194637078208,28.2,Unreliable,True,,False,0.0
0092_RV.png,RV,GT,0.877367109456428,0.3090167781297665,0.16151883139739528,0.5294643904728382,0.6475340885207791,0.6108115192526017,0.16661395948579416,0.8151732716480447,0.5920276492667598,0.4715651187150838,0.6143147420387182,38.57,Unreliable,False,,False,0.0
0092_RV.png,RV,fpn_resnet18_torch_cross_entropy_correct_files,1.0,0.18747292434257087,0.34622956726129456,0.46629750839613454,0.7566750878216374,0.7625403528427753,0.10888356060041655,1.0,0.7734594317388269,0.5437434532122905,0.7651484048948546,23.49,Unreliable,True,,False,0.0
0092_RV.png,RV,fpn_resnet50_torch_cross_entropy_all_files,0.9703701161947818,0.3254978230600924,0.16745419585828894,0.5070479810816186,0.7035008985901356,0.6977551194762814,0.14189722286139053,0.9947407472067039,0.6958933091829609,0.512864437849162,0.6987341290931095,30.13,Unreliable,True,,False,0.0
0092_RV.png,RV,unet_resnet18_torch_cross_entropy_all_files,0.9655147270130349,0.22741589405738707,0.28783712345015394,0.484746982492459,0.7239108186820964,0.7488289566817076,0.11994187001262129,0.9850187674581006,0.7596323978701116,0.5321992842178771,0.7456748917571858,25.43,Unreliable,True,,False,0.0
0092_RV.png,RV,pan_resnet18_torch_cross_entropy_correct_clear_strict_files,0.8224308686085364,0.1522498748331108,0.20607163718291055,0.6416784879839786,0.6809137310577628,0.7026103317089382,0.17600446539974746,0.8748363303072626,0.7169397040851955,0.5510431215083799,0.7018331004640885,29.82,Unreliable,True,,False,0.0
0093_RV.png,RV,GT,0.8775515456179255,0.30902514724211244,0.16157775116693956,0.529397101590948,0.6476477097746878,0.6110220608680694,0.1665253591741501,0.8154024092178771,0.5922343095321229,0.4717069657821229,0.6144946550056762,38.55,Unreliable,False,,False,0.0
0093_RV.png,RV,fpn_resnet18_torch_cross_entropy_correct_files,1.0,0.17161570366684825,0.3381486898598714,0.49023560647328035,0.7700469239908554,0.7788680563685978,0.10573469943496148,1.0,0.7885897128142458,0.5786705656424581,0.7801103792335342,21.99,Unreliable,True,,False,0.0
0093_RV.png,RV,fpn_resnet50_torch_cross_entropy_all_files,0.9784810180876115,0.2199135565433138,0.2865828533354374,0.4935035901212488,0.7389681869067483,0.7331913369381358,0.13010071023028227,0.9981450768156425,0.7378464341829608,0.5180036662011173,0.7367864308266496,26.32,Unreliable,True,,False,0.0
0093_RV.png,RV,unet_resnet18_torch_cross_entropy_all_files,0.9749595741669276,0.23090121202789204,0.29018719341853455,0.4789115945535734,0.7279365453820188,0.7453996082355013,0.10714283915885049,0.9878666201117319,0.7474577732192736,0.5202623079608939,0.7409839553729656,25.9,Unreliable,True,,False,0.0
0093_RV.png,RV,pan_resnet18_torch_cross_entropy_correct_clear_strict_files,0.8021386016307588,0.1342740878976328,0.18445776496821076,0.6812681471341564,0.6796686582912632,0.7225341041230259,0.16890843554550702,0.8731014315642458,0.7481624258030726,0.6011696927374302,0.7199257990455158,28.01,Unreliable,True,,False,0.0
0094_RV.png,RV,GT,0.8777145357141325,0.3090948185287808,0.16180185991506746,0.5291033215561517,0.647660148492556,0.6110564877909537,0.16640082850354976,0.8154133205307262,0.59220703125,0.47149965083798884,0.6144978033850529,38.55,Unreliable,False,,False,0.0
0094_RV.png,RV,fpn_resnet18_torch_cross_entropy_correct_files,1.0,0.17671557799290563,0.34514439635760025,0.4781400256494941,0.7642514679831691,0.7717617622236698,0.1078940506610386,1.0,0.7815504975558658,0.5614088687150838,0.7734241680843981,22.66,Unreliable,True,,False,0.0
0094_RV.png,RV,fpn_resnet50_torch_cross_entropy_all_files,0.9968560068284272,0.20312809259498302,0.3246460995654232,0.47222580783959384,0.7511554282135857,0.7404962903684876,0.11954057200931238,1.0,0.7435046045740222,0.49618104050279327,0.7448973574042308,25.51,Unreliable,False,,False,0.0
0094_RV.png,RV,unet_resnet18_torch_cross_entropy_all_files,0.9490613057222391,0.25869198750830447,0.23758626455820345,0.5037217479334921,0.7079020172169013,0.7268289294507961,0.12517094566839373,0.9705831005586593,0.7330209060754189,0.5409938023743017,0.7236276464304767,27.64,Unreliable,True,,False,0.0
0094_RV.png,RV,pan_resnet18_torch_cross_entropy_correct_clear_strict_files,0.557734952368289,0.28400701365817643,0.0010612772240679218,0.7149317091177556,0.4514052748742189,0.4912057595772985,0.1880388569571204,0.6442148219273743,0.5210315555167597,0.4603592004189944,0.4911959325421591,50.88,Degraded,False,,False,0.5
0095_RV.png,RV,GT,0.8768438254633423,0.3086924619674216,0.16100376657046422,0.5303037714621142,0.6474919684485487,0.6107884593295454,0.1671212572354098,0.8152169168994413,0.592129779155028,0.4720561277932961,0.6143360399954394,38.57,Unreliable,False,,False,0.0
0095_RV.png,RV,fpn_resnet18_torch_cross_entropy_correct_files,1.0,0.17381178075258533,0.34527307274934266,0.480915146498072,0.7661532621609914,0.7736389070535654,0.1067819727337621,1.0,0.7866399703212291,0.5752553247206704,0.7765936388928587,22.34,Unreliable,True,,False,0.0
0095_RV.png,RV,fpn_resnet50_torch_cross_entropy_all_files,0.9571979428934173,0.21385617751967162,0.2864798981914646,0.4996639242888638,0.7268130289135852,0.7192629697149591,0.1348806036289665,0.9700266236033519,0.728774004888268,0.508423533519553,0.7253324015438705,27.47,Unreliable,True,,False,0.0
0095_RV.png,RV,unet_resnet18_torch_cross_entropy_all_files,0.9376948911183265,0.25256498808418376,0.24711253013260634,0.5003224817832099,0.7002360353945861,0.7165104909301084,0.13126325965391988,0.9372817737430168,0.7331883947276536,0.5422595146648045,0.7182993157884698,28.17,Unreliable,True,,False,0.0
0095_RV.png,RV,pan_resnet18_torch_cross_entropy_correct_clear_strict_files,0.746074297748592,0.20012992836692692,0.12415632797139277,0.6757137436616804,0.6145412472173731,0.6391409315906496,0.20121413036683694,0.8063787534916201,0.6639366925628492,0.5600231319832403,0.6416793306675463,35.83,Unreliable,True,,False,0.0
0191_FV.png,FV,GT,1.0,0.2366498750608729,0.7633501249391271,0.0,0.581905541229912,0.5159125250259505,0.03036822624092436,1.0,0.5084415371857542,0.0,0.5327220347510604,46.73,Unreliable,False,,False,0.0
0191_FV.png,FV,fpn_resnet18_torch_cross_entropy_correct_files,1.0,0.1903944563750888,0.5289874741539665,0.28061806947094464,0.6925799730163419,0.5977696697933425,0.00897956909778821,1.0,0.5913983938547487,0.15118715083798884,0.6236642503848048,37.63,Unreliable,False,,False,0.0
0191_FV.png,FV,fpn_resnet50_torch_cross_entropy_all_files,1.0,0.0,0.6486496195942871,0.35135038040571287,0.7794591293379425,0.7183369593901319,0.03137479649969529,1.0,0.6782747032122906,0.053749127094972066,0.7206487079033386,27.94,Unreliable,False,,False,0.0
0191_FV.png,FV,unet_resnet18_torch_cross_entropy_all_files,1.0,0.026887858152178253,0.440121027295008,0.5329911145528137,0.8323439857577379,0.7820508803027026,0.04208343807811489,1.0,0.7722750087290502,0.3705700069832402,0.7932284633097523,20.68,Unreliable,False,,False,0.0
0191_FV.png,FV,pan_resnet18_torch_cross_entropy_correct_clear_strict_files,0.0,0.0,0.0,0.0,0.0,0.0,,0.0,0.0,0.0,0.0,100.0,Healthy,False,,False,1.0
0192_FV.png,FV,GT,1.0,0.23728454985989256,0.7627154501401074,0.0,0.5816960985462355,0.5156757784492724,0.030596704639170573,1.0,0.5080418557960894,0.0,0.5324283054170882,46.76,Unreliable,False,,False,0.0
0192_FV.png,FV,fpn_resnet18_torch_cross_entropy_correct_files,0.9968226343394991,0.11859798338979521,0.6322089009554471,0.2491931156547576,0.7033464126903026,0.6362778461575082,0.06642610792765775,0.9913145949720671,0.6205355272346368,0.0888944657821229,0.6501014885481979,34.99,Unreliable,False,,False,0.0
0192_FV.png,FV,fpn_resnet50_torch_cross_entropy_all_files,1.0,0.04105427866614509,0.8809166460430621,0.07802907529079282,0.6729819736390417,0.6503123558174644,0.04595463630624955,1.0,0.6248028325768157,0.0,0.646909431867678,35.31,Unreliable,False,,False,0.0
0192_FV.png,FV,unet_resnet18_torch_cross_entropy_all_files,1.0,0.011432129713158923,0.7203000135716624,0.2682678567151787,0.7474384684778184,0.7078921411055612,0.08897719499153621,1.0,0.6743291724860336,0.06535876396648045,0.7063308518694273,29.37,Unreliable,False,,False,0.0
0192_FV.png,FV,pan_resnet18_torch_cross_entropy_correct_clear_strict_files,0.9151691268631098,0.022131111789593056,0.10327561390500284,0.8745932743054041,0.8694641588363496,0.7945315107453854,0.0490002761089588,0.8226802548882681,0.7824050715782122,0.7455263617318436,0.8121607295058053,18.78,Unreliable,True,,False,0.0
0193_FV.png,FV,GT,1.0,0.23747614979921924,0.7625238502007807,0.0,0.5816328705662577,0.515611588701651,0.030672540841160893,1.0,0.5079482367318436,0.0,0.53235263247311,46.76,Unreliable,False,,False,0.0
0193_FV.png,FV,fpn_resnet18_torch_cross_entropy_correct_files,1.0,0.15630563383654927,0.6124531977231541,0.23124116844029666,0.6870411381036395,0.6136456739344319,0.06640199889252753,1.0,0.6048493147695531,0.07470975907821228,0.6321457695192426,36.79,Unreliable,False,,False,0.0
0193_FV.png,FV,fpn_resnet50_torch_cross_entropy_all_files,1.0,0.016649236394408476,0.8663909756428577,0.1169597879627338,0.6942720798971748,0.6745270907408557,0.05202718178043098,1.0,0.6554810797835197,0.0,0.672832183104817,32.72,Unreliable,False,,False,0.0
0193_FV.png,FV,unet_resnet18_torch_cross_entropy_all_files,1.0,0.0,0.6641013563679038,0.3358986436320962,0.7742055388349128,0.7353759621989692,0.07889227576907652,1.0,0.7149725034916201,0.16168383379888268,0.7388634517068127,26.11,Unreliable,False,,False,0.0
0193_FV.png,FV,pan_resnet18_torch_cross_entropy_correct_clear_strict_files,0.0,0.0,0.0,0.0,0.0,0.0,,0.0,0.0,0.0,0.0,100.0,Healthy,False,,False,1.0
0194_FV.png,FV,GT,1.0,0.237655774742338,0.762344225257662,0.0,0.5815735943350284,0.5155515211098473,0.030744007684550313,1.0,0.5078618191340782,0.0,0.532282262287094,46.77,Unreliable,False,,False,0.0
0194_FV.png,FV,fpn_resnet18_torch_cross_entropy_correct_files,0.9863245543305578,0.12976333085116715,0.44636902256612815,0.4238676465827047,0.7508820782206753,0.665972782653231,0.05055672561366671,0.962617842178771,0.6582127269553074,0.23499694483240224,0.6883415490442948,31.17,Unreliable,False,,False,0.0
0194_FV.png,FV,fpn_resnet50_torch_cross_entropy_all_files,1.0,0.02163482648230495,0.846093357070437,0.13227181644725813,0.6978329248529072,0.6703305899606996,0.06770472448259793,1.0,0.6425685230446928,0.005008292597765363,0.6674764636619591,33.25,Unreliable,False,,False,0.0
0194_FV.png,FV,unet_resnet18_torch_cross_entropy_all_files,1.0,0.04681026017675095,0.41459831871053243,0.5385914211127166,0.827673697319996,0.7753422482915008,0.05840949511213956,1.0,0.7640198367667599,0.39626614874301674,0.786512718390153,21.35,Unreliable,False,,False,0.0
0194_FV.png,FV,pan_resnet18_torch_cross_entropy_correct_clear_strict_files,0.0,0.0,0.0,0.0,0.0,0.0,,0.0,0.0,0.0,0.0,100.0,Healthy,False,,False,1.0
0195_FV.png,FV,GT,1.0,0.23770766639257232,0.7622923336074277,0.0,0.5815564700904512,0.5155380153599254,0.0307656272981562,1.0,0.5078546176675978,0.0,0.532270192702152,46.77,Unreliable,False,,False,0.0
0195_FV.png,FV,fpn_resnet18_torch_cross_entropy_correct_files,0.9997245750872179,0.21874363653060655,0.6459814815554216,0.13527488191397188,0.6336334932660604,0.5510328509126186,0.07102895919012178,0.9992471194134078,0.5296234505935754,0.014642981843575419,0.5672492834910339,43.28,Unreliable,False,,False,0.0
0195_FV.png,FV,fpn_resnet50_torch_cross_entropy_all_files,0.9900208364934018,0.09543911427212103,0.8723621291659611,0.032198756561917896,0.6330714667773689,0.5988804043159551,0.0301062330529282,0.9759623777932961,0.5886478701117319,0.0,0.6050447093726901,39.5,Unreliable,False,,False,0.0
0195_FV.png,FV,unet_resnet18_torch_cross_entropy_all_files,0.9804927311773018,0.1088281393123944,0.4907158996071407,0.40045596108046494,0.7454115007863581,0.6617084333744182,0.07566349335611341,0.9515865048882681,0.6270275401536314,0.1839429120111732,0.6729469963096855,32.71,Unreliable,False,,False,0.0
0195_FV.png,FV,pan_resnet18_torch_cross_entropy_correct_clear_strict_files,0.0,0.0,0.0,0.0,0.0,0.0,,0.0,0.0,0.0,0.0,100.0,Healthy,False,,False,1.0
0196_FV.png,FV,GT,1.0,0.23686143332721277,0.7631385666727872,0.0,0.5818357270020199,0.5158409293787245,0.030451472330860877,1.0,0.5083263137220672,0.0,0.5326335224030502,46.74,Unreliable,False,,False,0.0
0196_FV.png,FV,fpn_resnet18_torch_cross_entropy_correct_files,0.9903441613910156,0.1973454573302217,0.5614482694687287,0.24120627320104956,0.6703502287224274,0.6031442468783821,0.10398178281057616,0.9736055342178771,0.6011816951815643,0.11771124301675978,0.6225210207528686,37.75,Unreliable,False,,False,0.0
0196_FV.png,FV,fpn_resnet50_torch_cross_entropy_all_files,0.987262595700178,0.034528627628562535,0.8171923454803482,0.14827902689108927,0.6901167162963733,0.660555952924928,0.06523259147509214,0.9975013093575419,0.6433060186801677,0.033028543994413406,0.6625242082384575,33.75,Unreliable,False,,False,0.0
0196_FV.png,FV,unet_resnet18_torch_cross_entropy_all_files,1.0,0.014573570385036044,0.40367712216891133,0.5817493074460527,0.852985486304596,0.8317868392121506,0.053095903032860645,1.0,0.8544811670740222,0.6098005412011173,0.8472241644846328,15.28,Unreliable,True,,False,0.0
0196_FV.png,FV,pan_resnet18_torch_cross_entropy_correct_clear_strict_files,0.8931550921675542,0.008612098053674778,0.15580433956783088,0.8355835623784943,0.8406879635321449,0.7723968709100613,0.06478591942239163,0.8193304818435754,0.7961803858240223,0.7641410614525139,0.8023976046622708,19.76,Unreliable,True,,False,0.0
0197_FV.png,FV,GT,1.0,0.2383183911991761,0.7616816088008239,0.0,0.5813549309042719,0.5153151249630773,0.03098988076444045,1.0,0.5074801414106146,0.0,0.5319930733244507,46.8,Unreliable,False,,False,0.0
0197_FV.png,FV,fpn_resnet18_torch_cross_entropy_correct_files,1.0,0.22942496068209578,0.5812423659399174,0.18933267337798676,0.6486628719234239,0.5674257677075283,0.032443926203974155,1.0,0.5633960370111732,0.09326990223463687,0.590185006693755,40.98,Unreliable,False,,False,0.0
0197_FV.png,FV,fpn_resnet50_torch_cross_entropy_all_files,0.9924597440544144,0.02810568186845672,0.8505347238701219,0.12135959426142146,0.6867696250229521,0.663272706573218,0.04559190171461584,0.9969339210893855,0.6454941733589385,0.0008729050279329608,0.6632103688224265,33.68,Unreliable,False,,False,0.0
0197_FV.png,FV,unet_resnet18_torch_cross_entropy_all_files,1.0,0.01926377723313721,0.6007137097739919,0.3800225129928709,0.7828506079306409,0.7513881825825728,0.08208201980755504,1.0,0.7443955132681566,0.26264621159217877,0.7580298424612267,24.2,Unreliable,False,,False,0.0
0197_FV.png,FV,pan_resnet18_torch_cross_entropy_correct_clear_strict_files,0.6482145280653995,0.0005295827380659146,0.0,0.9994704172619341,0.6479845283048994,0.6161645425617581,0.07257827034663333,0.6692562849162011,0.6686275750698325,0.6683179120111732,0.6466957512879302,35.33,Unreliable,True,,False,0.0
0198_FV.png,FV,GT,1.0,0.23839024117642363,0.7616097588235764,0.0,0.5813312204117802,0.5152944344824334,0.03101988460140549,1.0,0.5074621377444135,0.0,0.5319725515660295,46.8,Unreliable,False,,False,0.0
0198_FV.png,FV,fpn_resnet18_torch_cross_entropy_correct_files,0.9998123917260759,0.1373829723525302,0.6199421099910171,0.24267491765645274,0.6970422956866064,0.6407742449072845,0.013973888102964726,0.9994871682960894,0.6418078954259777,0.12158475907821228,0.6580681203485583,34.19,Unreliable,False,,False,0.0
0198_FV.png,FV,fpn_resnet50_torch_cross_entropy_all_files,0.9569379136363273,0.013540006840915348,0.7734989613488283,0.21296103181025636,0.6965919959125346,0.6524837990466065,0.056218029799223114,0.9429010998603352,0.6277990790851956,0.040731930865921785,0.6558423701218206,34.42,Unreliable,False,,False,0.0
0198_FV.png,FV,unet_resnet18_torch_cross_entropy_all_files,1.0,0.013284262459983555,0.6932045888185469,0.29351114872146955,0.7554099839535051,0.7222931390063148,0.08064605075020267,1.0,0.6961490703561453,0.11571447276536313,0.721770565030404,27.82,Unreliable,False,,False,0.0
0198_FV.png,FV,pan_resnet18_torch_cross_entropy_correct_clear_strict_files,0.2822466689552215,0.0974840543636595,0.07693504362952382,0.8255809020068167,0.2564289363808368,0.29568798924802103,0.18585266751908922,0.359440467877095,0.32981156162709496,0.2908192213687151,0.29755970233949536,70.24,Degraded,False,,False,0.5
0222_FV.png,FV,GT,0.5583421815249758,0.14994602400680598,0.0,0.850053975993194,0.502248984121155,0.5912826420768056,0.45391811910866614,0.6311648917597765,0.540689158519553,0.49612648393854747,0.5443351512672094,45.57,Unreliable,False,,False,0.0
0222_FV.png,FV,fpn_resnet18_torch_cross_entropy_correct_files,0.8049592450962391,0.4072647029653873,0.008152335614400477,0.5845829614202123,0.5830809669410271,0.6420201103309597,0.31984968911466927,0.760300279329609,0.5780102129888268,0.48598987430167595,0.5987344083771268,40.13,Unreliable,False,,False,0.0
0222_FV.png,FV,fpn_resnet50_torch_cross_entropy_all_files,0.5560110489298346,0.01906054144860115,0.12521088640491626,0.8557285721464826,0.5252401385906229,0.6067083061202801,0.4439499227241553,0.6002640537709497,0.5581289280726256,0.48258554469273746,0.5628361046423211,43.72,Unreliable,False,,False,0.0
0222_FV.png,FV,unet_resnet18_torch_cross_entropy_all_files,0.6149599635960116,0.14457909529342272,0.0761321814086628,0.7792887232979144,0.5394718228339228,0.6192411758808779,0.4302420178491838,0.6732061801675978,0.5695727129888268,0.49705394553072624,0.5754429848099709,42.46,Unreliable,False,,False,0.0
0222_FV.png,FV,pan_resnet18_torch_cross_entropy_correct_clear_strict_files,0.5021674743136332,0.06781978315474865,0.0,0.9321802168452513,0.47934935853936983,0.5628338615630607,0.47043704904553096,0.5363564944134078,0.5035246813896648,0.48735378840782123,0.5140648385865951,48.59,Unreliable,False,,False,0.0
0223_FV.png,FV,GT,0.5583421815249758,0.14945273347297983,0.0,0.8505472665270202,0.502433518812719,0.5916485575962664,0.453722036130263,0.6311648917597765,0.5411862779329609,0.4968684532122905,0.54469913409588,45.53,Unreliable,False,,False,0.0
0223_FV.png,FV,fpn_resnet18_torch_cross_entropy_correct_files,0.5505983506438556,0.13110332978098696,0.021596815937710696,0.8472998542813023,0.49819121673944805,0.5808778680113178,0.4590068867348752,0.6042685055865922,0.5312287229399442,0.48735378840782123,0.5362122146012074,46.38,Unreliable,False,,False,0.0
0223_FV.png,FV,fpn_resnet50_torch_cross_entropy_all_files,0.5381243962606078,0.09959795863869685,0.018054772572174582,0.8823472687891286,0.4989116724279704,0.5798305746295725,0.46184990953343286,0.5922224162011173,0.5302287011173183,0.4885322101955307,0.5357141545641902,46.43,Unreliable,False,,False,0.0
0223_FV.png,FV,unet_resnet18_torch_cross_entropy_all_files,0.5449102274450947,0.09382325363338022,0.040721694796061886,0.8654550515705579,0.5031118225145895,0.5815507603289196,0.4615745068430981,0.577852217178771,0.5267970932262571,0.49032166550279327,0.5361176121435556,46.39,Unreliable,False,,False,0.0
0223_FV.png,FV,pan_resnet18_torch_cross_entropy_correct_clear_strict_files,0.6165646130878725,0.2212698186620744,0.008461573321766377,0.7702686080161593,0.5233846129282058,0.6043036224816228,0.41824367160207765,0.6694090432960894,0.5516063634776537,0.49358414804469275,0.55894901601401,44.11,Unreliable,False,,False,0.0
0224_FV.png,FV,GT,0.5585138231372894,0.14971412235563178,0.0,0.8502858776443682,0.5024901605447825,0.5916804963435942,0.4536954837075217,0.6311648917597765,0.5411862779329609,0.4968684532122905,0.5447257082396973,45.53,Unreliable,False,,False,0.0
0224_FV.png,FV,fpn_resnet18_torch_cross_entropy_correct_files,0.8464206736334533,0.44658023928657326,0.005272416020976481,0.5481473446924503,0.5916468813118209,0.6642165490359826,0.2997246350888657,0.8908541375698324,0.6224821054469274,0.48807393505586594,0.6257518712831119,37.42,Unreliable,False,,False,0.0
0224_FV.png,FV,fpn_resnet50_torch_cross_entropy_all_files,0.5390983626188518,0.09020702523397701,0.02063588437388935,0.8891570903921336,0.5027335323843815,0.5846104452677657,0.45868685246099455,0.5940555167597765,0.5365047791550279,0.49861426326815644,0.5408051049576553,45.92,Unreliable,False,,False,0.0
0224_FV.png,FV,unet_resnet18_torch_cross_entropy_all_files,0.5654154126184526,0.13316719496784304,0.01801636439367733,0.8488164406384796,0.5115044187736008,0.5906198414760473,0.45388125138881186,0.6007223289106145,0.5380412011173185,0.5010256634078212,0.5458537585218218,45.41,Unreliable,True,,False,0.0
0224_FV.png,FV,pan_resnet18_torch_cross_entropy_correct_clear_strict_files,0.47797798197363905,0.05913448690539818,0.0,0.9408655130946019,0.45904044355385953,0.5514459850942571,0.46574567273506307,0.523710282821229,0.4950893636522346,0.4809924930167598,0.5011816740553289,49.88,Unreliable,False,,False,0.0
0225_FV.png,FV,GT,0.5583421815249758,0.14945273347297983,0.0,0.8505472665270202,0.502433518812719,0.5916485575962664,0.453722036130263,0.6311648917597765,0.5411862779329609,0.4968684532122905,0.54469913409588,45.53,Unreliable,False,,False,0.0
0225_FV.png,FV,fpn_resnet18_torch_cross_entropy_correct_files,0.5592442979059723,0.16139554470639458,0.009493015852622712,0.8291114394409828,0.49696537629429755,0.5789744907564451,0.45862502414112105,0.6098660090782123,0.5285725820530726,0.4867536662011173,0.5342109929364518,46.58,Unreliable,False,,False,0.0
0225_FV.png,FV,fpn_resnet50_torch_cross_entropy_all_files,0.5556118823895706,0.11965400558936154,0.016193343056044484,0.864152651354594,0.5080104342133626,0.5850462713899319,0.45862823375573586,0.6058833798882681,0.5300482280027933,0.48884863826815644,0.5399363028821056,46.01,Unreliable,False,,False,0.0
0225_FV.png,FV,unet_resnet18_torch_cross_entropy_all_files,0.6300684171450013,0.1772360401910723,0.07236166896848828,0.7504022908404394,0.5397474074133211,0.6218003448147361,0.42257860106718553,0.6933266410614525,0.5785909130586592,0.4947298358938548,0.5799006908918808,42.01,Unreliable,False,,False,0.0
0225_FV.png,FV,pan_resnet18_torch_cross_entropy_correct_clear_strict_files,0.8385451177940461,0.29094985576511134,0.09718004131877339,0.6118701029161153,0.6473755997477268,0.7008793686288384,0.2568884588228328,0.8955023568435754,0.6570630019203911,0.5182655377094972,0.667301691281126,33.27,Unreliable,True,,False,0.0
0226_FV.png,FV,GT,0.5587134064074213,0.1500178609702079,0.0,0.8499821390297921,0.502556023023926,0.5917193661275358,0.45366729877111023,0.6313285614525139,0.5412402889315643,0.4968684532122905,0.5447787323180642,45.52,Unreliable,False,,False,0.0
0226_FV.png,FV,fpn_resnet18_torch_cross_entropy_correct_files,0.5534643664029506,0.14385344920846707,0.025256932674624068,0.8308896181169089,0.4953676723002371,0.5762566291880787,0.4589728585575532,0.5959977304469274,0.5221906642807262,0.4779700593575419,0.5303635561587852,46.96,Unreliable,False,,False,0.0
0226_FV.png,FV,fpn_resnet50_torch_cross_entropy_all_files,0.5495525343083641,0.07800980570183402,0.05066279280915199,0.871327401489014,0.5113630739016933,0.5972622535410891,0.4507504824915307,0.6067126396648045,0.5513885736731844,0.4955700069832402,0.5531430277021084,44.69,Unreliable,False,,False,0.0
0226_FV.png,FV,unet_resnet18_torch_cross_entropy_all_files,0.5531530165015448,0.10225362073071288,0.03892420820193827,0.8588221710673488,0.5079359896536033,0.5852726680146734,0.4579087864923676,0.5852937325418994,0.5304069919692737,0.49231843575418993,0.5401253940881925,45.99,Unreliable,False,,False,0.0
0226_FV.png,FV,pan_resnet18_torch_cross_entropy_correct_clear_strict_files,0.5586415564301738,0.1216702869555276,0.02401537670058306,0.8543143363438893,0.5085401681289468,0.5871925411949909,0.4553971810346551,0.6098550977653632,0.5324056171438548,0.494140625,0.5416820596547232,45.83,Unreliable,False,,False,0.0
0227_FV.png,FV,GT,0.5587134064074213,0.1500178609702079,0.0,0.8499821390297921,0.502556023023926,0.5917193661275358,0.45366729877111023,0.6313285614525139,0.5412402889315643,0.4968684532122905,0.5447787323180642,45.52,Unreliable,False,,False,0.0
0227_FV.png,FV,fpn_resnet18_torch_cross_entropy_correct_files,0.8000295383239795,0.3903455157789697,0.027711113882998628,0.5819433703380317,0.5832589153846768,0.6445519459010476,0.3215808234622728,0.7825484462290503,0.5924099816689944,0.4827928596368715,0.6053072510533151,39.47,Unreliable,False,,False,0.0
0227_FV.png,FV,fpn_resnet50_torch_cross_entropy_all_files,0.5428385531011248,0.0628708830601575,0.0598045487635393,0.8773245681763032,0.5089344648374194,0.5925236979120753,0.4528227370228107,0.5961723114525139,0.5486275750698324,0.4913255062849162,0.5498884788527814,45.01,Unreliable,False,,False,0.0
0227_FV.png,FV,unet_resnet18_torch_cross_entropy_all_files,0.6207877950838648,0.18434809446955716,0.04781990856540274,0.7678319969650401,0.5340190482273014,0.6069358085204796,0.4139751492961662,0.620755499301676,0.5490251833100559,0.496159217877095,0.5618965303483566,43.81,Unreliable,False,,False,0.0
0227_FV.png,FV,pan_resnet18_torch_cross_entropy_correct_clear_strict_files,0.4890348951389499,0.06126646750575444,0.0,0.9387335324942455,0.4689607299957689,0.555096212010039,0.47323165347311635,0.5289040677374302,0.49855054120111736,0.4836002967877095,0.5066372990821892,49.34,Unreliable,False,,False,0.0
0228_FV.png,FV,GT,0.5587134064074213,0.1500178609702079,0.0,0.8499821390297921,0.502556023023926,0.5917193661275358,0.45366729877111023,0.6313285614525139,0.5412402889315643,0.4968684532122905,0.5447787323180642,45.52,Unreliable,False,,False,0.0
0228_FV.png,FV,fpn_resnet18_torch_cross_entropy_correct_files,0.703151819001924,0.3226760523402685,0.009996877749709063,0.6673270699100224,0.5487453796472965,0.6189046469497862,0.36009620330703457,0.6933921089385475,0.5572797005935755,0.48660090782122906,0.5732068882165551,42.68,Unreliable,False,,False,0.0
0228_FV.png,FV,fpn_resnet50_torch_cross_entropy_all_files,0.5331747311613352,0.06748420327613572,0.039693947833378256,0.892821848890486,0.5018718515739137,0.5847386778096694,0.4589584154529439,0.5807655377094972,0.5377839123603353,0.4907799406424581,0.541096723759209,45.89,Unreliable,False,,False,0.0
0228_FV.png,FV,unet_resnet18_torch_cross_entropy_all_files,0.5388708376909014,0.09816369010140816,0.022452018163097505,0.8793842917354944,0.49931590838329565,0.5798381939376532,0.4625818794311581,0.5811037884078212,0.5270874432611731,0.49091087639664804,0.5345812080007538,46.54,Unreliable,False,,False,0.0
0228_FV.png,FV,pan_resnet18_torch_cross_entropy_correct_clear_strict_files,0.4522876234422526,0.061716736682317225,0.0,0.9382832633176827,0.43358543361461266,0.5381263706938876,0.4505063888821987,0.5106276187150838,0.4850844535614526,0.47250349162011174,0.48554732271713114,51.45,Degraded,False,,False,0.5
0229_FV.png,FV,GT,0.5587134064074213,0.1500178609702079,0.0,0.8499821390297921,0.502556023023926,0.5917193661275358,0.45366729877111023,0.6313285614525139,0.5412402889315643,0.4968684532122905,0.5447787323180642,45.52,Unreliable,False,,False,0.0
0229_FV.png,FV,fpn_resnet18_torch_cross_entropy_correct_files,0.8338389442843344,0.43288254864884274,0.012992173101318845,0.5541252782498385,0.5883161957832046,0.6487116603113053,0.30907111796714704,0.8239350558659218,0.5982131634078213,0.4787120286312849,0.6103936221914815,38.96,Unreliable,False,,False,0.0
0229_FV.png,FV,fpn_resnet50_torch_cross_entropy_all_files,0.5528217082731257,0.011783903995840976,0.14365243259635796,0.8445636634078011,0.5214562393721909,0.610500507446191,0.4413629988567193,0.6227850034916201,0.5716035265363129,0.4772499127094972,0.5682284346600397,43.18,Unreliable,False,,False,0.0
0229_FV.png,FV,unet_resnet18_torch_cross_entropy_all_files,0.5892656133992225,0.15382322657562456,0.0439494933073213,0.8022272801170541,0.5197296844189333,0.5913521226055426,0.43114227366310764,0.5875196403631285,0.5316261129539106,0.49180560405027934,0.545974987288907,45.4,Unreliable,False,,False,0.0
0229_FV.png,FV,pan_resnet18_torch_cross_entropy_correct_clear_strict_files,0.47055348432473,0.049090631468223,0.0,0.950909368531777,0.4550766399757307,0.5422740040354568,0.4762515580560349,0.5054010998603352,0.48270175017458095,0.47152147346368717,0.4922858932731886,50.77,Degraded,False,,False,0.5
0253_FV.png,FV,GT,0.04930105938799786,0.5488624402882357,0.0,0.4511375597117642,0.0311711945457884,0.04748209614244879,0.4702394803028592,0.03921525837988827,0.0172031031773743,0.006361295391061453,0.030477228477420876,96.95,Healthy,False,,False,1.0
0253_FV.png,FV,fpn_resnet18_torch_cross_entropy_correct_files,0.06604210408666704,0.6750679963735268,0.0,0.32493200362647323,0.036171553795674626,0.0558964370337657,0.4614282523687836,0.04824982541899441,0.02302101518854749,0.010594884776536313,0.03682880332425109,96.32,Healthy,False,,False,1.0
0253_FV.png,FV,fpn_resnet50_torch_cross_entropy_all_files,0.04875020956243364,0.5160075329566854,0.0,0.4839924670433145,0.03189604106625366,0.04978604631831061,0.45481545461996026,0.02868584148044693,0.018780006110335198,0.013901012569832403,0.03201662865950336,96.8,Healthy,False,,False,1.0
0253_FV.png,FV,unet_resnet18_torch_cross_entropy_all_files,0.04801973479375065,0.5055694098088113,0.0,0.4944305901911887,0.031753937777919704,0.04905969157855875,0.4599153868673477,0.028784043296089384,0.01738684968575419,0.01177330656424581,0.03119882868124521,96.88,Healthy,False,,False,1.0
0253_FV.png,FV,pan_resnet18_torch_cross_entropy_correct_clear_strict_files,0.05607491557627674,0.37912870159453305,0.013880979498861048,0.6069903189066059,0.04156632950399566,0.06716069854774182,0.4358157225750626,0.03542903282122905,0.03315544256284916,0.032035614525139665,0.04588028544066091,95.41,Healthy,False,,False,1.0
0254_FV.png,FV,GT,0.04930105938799786,0.5488624402882357,0.0,0.4511375597117642,0.0311711945457884,0.0474816061769718,0.47024000926484155,0.039204347067039104,0.01719950244413408,0.006361295391061453,0.030475641194481692,96.95,Healthy,False,,False,1.0
0254_FV.png,FV,fpn_resnet18_torch_cross_entropy_correct_files,0.05699699028428641,0.6204916310666013,0.0,0.3795083689333987,0.033301666121139065,0.05250483921841594,0.4494906564199988,0.04211766759776536,0.021933157297486038,0.011991532821229051,0.03451521452086091,96.55,Healthy,False,,False,1.0
0254_FV.png,FV,fpn_resnet50_torch_cross_entropy_all_files,0.05108533382297762,0.6050164088138772,0.0,0.3949835911861228,0.030377332130511494,0.04733890667945663,0.4535505917481664,0.03457795041899441,0.019174559182960894,0.011587814245810056,0.030984695316174794,96.9,Healthy,False,,False,1.0
0254_FV.png,FV,unet_resnet18_torch_cross_entropy_all_files,0.048426884664819855,0.48747115067589847,0.013435542367293109,0.4990933069568084,0.03238917141009572,0.04991853026655395,0.4566982144046307,0.029547835195530725,0.018816013442737433,0.012820792597765363,0.03221871588008987,96.78,Healthy,False,,False,1.0
0254_FV.png,FV,pan_resnet18_torch_cross_entropy_correct_clear_strict_files,0.045325360646969126,0.3474240422721268,0.03628357551739322,0.61629238221048,0.034215637748381385,0.0506192146866039,0.48819529823658353,0.017589036312849162,0.017589036312849162,0.017589036312849162,0.03248607025563525,96.75,Healthy,False,,False,1.0
0255_FV.png,FV,GT,0.04930105938799786,0.5488624402882357,0.0,0.4511375597117642,0.0311711945457884,0.0474816061769718,0.47024000926484155,0.039204347067039104,0.01719950244413408,0.006361295391061453,0.030475641194481692,96.95,Healthy,False,,False,1.0
0255_FV.png,FV,fpn_resnet18_torch_cross_entropy_correct_files,0.06109243898739432,0.6352825873897419,0.0,0.3647174126102581,0.03508909397178691,0.05376727917030467,0.46518860629846176,0.04199764315642458,0.02084813634776536,0.010431215083798883,0.03499616648173362,96.5,Healthy,False,,False,1.0
0255_FV.png,FV,fpn_resnet50_torch_cross_entropy_all_files,0.047524768283823376,0.4672434066857047,0.0,0.5327565933142954,0.03264699307845219,0.05065255002085727,0.45621806488974953,0.026710893854748605,0.018493802374301677,0.014446578212290503,0.03238738387951351,96.76,Healthy,False,,False,1.0
0255_FV.png,FV,unet_resnet18_torch_cross_entropy_all_files,0.05021115909979962,0.5187216789887908,0.0005564830272676684,0.48072183798394147,0.032751095712153025,0.05165558769951813,0.4451691656062037,0.031959235335195534,0.021103024615921787,0.015755935754189945,0.03376321486987006,96.62,Healthy,False,,False,1.0
0255_FV.png,FV,pan_resnet18_torch_cross_entropy_correct_clear_strict_files,0.06183888041768787,0.2505163955589982,0.2243093209398399,0.5251742835011619,0.04674331994794869,0.07220741266394301,0.4587970555516864,0.03558179120111732,0.03480501483938547,0.033879626396648044,0.0496072257193217,95.04,Healthy,False,,False,1.0
0256_FV.png,FV,GT,0.04930105938799786,0.5488624402882357,0.0,0.4511375597117642,0.0311711945457884,0.0474816061769718,0.47024000926484155,0.039204347067039104,0.01719950244413408,0.006361295391061453,0.030475641194481692,96.95,Healthy,False,,False,1.0
0256_FV.png,FV,fpn_resnet18_torch_cross_entropy_correct_files,0.060018680994084354,0.689877627028465,0.0,0.310122372971535,0.03227696569562753,0.04874714717077802,0.4723265503071224,0.04052461592178771,0.01706496595670391,0.005510212988826816,0.03113322024260323,96.89,Healthy,False,,False,1.0
0256_FV.png,FV,fpn_resnet50_torch_cross_entropy_all_files,0.0516721086371656,0.5629200463499421,0.0,0.4370799536500579,0.032183640558513825,0.049550707065129485,0.45987929487286083,0.031915590083798885,0.01795238303072626,0.01107498254189944,0.031701257499383496,96.83,Healthy,False,,False,1.0
0256_FV.png,FV,unet_resnet18_torch_cross_entropy_all_files,0.056218615530771746,0.5261999431979552,0.060210167566032376,0.4135898892360125,0.03524764292157974,0.05527948647595378,0.447025848944078,0.04075375349162011,0.02291899441340782,0.012995373603351955,0.03632573658462318,96.37,Healthy,False,,False,1.0
0256_FV.png,FV,pan_resnet18_torch_cross_entropy_correct_clear_strict_files,0.040583262148633656,0.26340119996065703,0.0011802891708468574,0.7354185108684961,0.033404890588451315,0.05501947394531637,0.42172229197555355,0.030551675977653632,0.02911880237430168,0.028413058659217876,0.03817483030985098,96.18,Healthy,False,,False,1.0
0257_FV.png,FV,GT,0.04930105938799786,0.5488624402882357,0.0,0.4511375597117642,0.0311711945457884,0.0474816061769718,0.47024000926484155,0.039204347067039104,0.01719950244413408,0.006361295391061453,0.030475641194481692,96.95,Healthy,False,,False,1.0
0257_FV.png,FV,fpn_resnet18_torch_cross_entropy_correct_files,0.06323596330861161,0.725097841181669,0.0,0.274902158818331,0.03251494878693288,0.049449757444190154,0.46753542634144557,0.04472547136871508,0.01890450418994414,0.006186714385474861,0.03215121354531457,96.78,Healthy,False,,False,1.0
0257_FV.png,FV,fpn_resnet50_torch_cross_entropy_all_files,0.06162333048594534,0.7025521440601115,0.0,0.2974478559398886,0.032616616504738107,0.050483972892565024,0.45780459872668117,0.047016847067039104,0.020245504539106146,0.0070596194134078215,0.03302837863483339,96.7,Healthy,False,,False,1.0
0257_FV.png,FV,unet_resnet18_torch_cross_entropy_all_files,0.04508586072281077,0.4703851261620186,0.0,0.5296148738379814,0.030876689472381667,0.04785983947016533,0.4576629359601151,0.02635082053072626,0.017285701815642457,0.012820792597765363,0.030535239409021083,96.95,Healthy,False,,False,1.0
0257_FV.png,FV,pan_resnet18_torch_cross_entropy_correct_clear_strict_files,0.06464901286114592,0.3456408989874043,0.07711780686589281,0.5772412941467029,0.047982532472198046,0.07977749061068527,0.40462279037913107,0.046875,0.046875,0.046875,0.057078006924865,94.29,Healthy,False,,False,1.0
0258_FV.png,FV,GT,0.04930105938799786,0.5488624402882357,0.0,0.4511375597117642,0.0311711945457884,0.0474816061769718,0.47024000926484155,0.039204347067039104,0.01719950244413408,0.006361295391061453,0.030475641194481692,96.95,Healthy,False,,False,1.0
0258_FV.png,FV,fpn_resnet18_torch_cross_entropy_correct_files,0.06623769569139637,0.6901892250210919,0.0,0.309810774978908,0.03560761130758975,0.05336781517083758,0.475095347947801,0.04127749650837989,0.019813634776536315,0.009241881983240224,0.034618081854142724,96.54,Healthy,False,,False,1.0
0258_FV.png,FV,fpn_resnet50_torch_cross_entropy_all_files,0.05564780737819433,0.6467972168424073,0.0,0.35320278315759274,0.03153259993134335,0.049206653110156054,0.45305460740004916,0.04018636522346369,0.019358523917597768,0.009100034916201117,0.03196518547948893,96.8,Healthy,False,,False,1.0
0258_FV.png,FV,unet_resnet18_torch_cross_entropy_all_files,0.05008342580691516,0.508328684147605,0.0,0.491671315852395,0.0330260017084328,0.05219089952106576,0.44707058823162793,0.034381546787709494,0.021434510300279333,0.015057611731843576,0.0341388744889613,96.59,Healthy,False,,False,1.0
0258_FV.png,FV,pan_resnet18_torch_cross_entropy_correct_clear_strict_files,0.03802061296013923,0.30582677165354333,0.0,0.6941732283464567,0.0302300396771541,0.04980841339914891,0.42250499254595647,0.027485597067039107,0.02671798620810056,0.026339909217877096,0.034698730406131126,96.53,Healthy,False,,False,1.0
0259_FV.png,FV,GT,0.04930105938799786,0.5488624402882357,0.0,0.4511375597117642,0.0311711945457884,0.0474816061769718,0.47024000926484155,0.039204347067039104,0.01719950244413408,0.006361295391061453,0.030475641194481692,96.95,Healthy,False,,False,1.0
0259_FV.png,FV,fpn_resnet18_torch_cross_entropy_correct_files,0.06838122001261367,0.6511003444048801,0.0,0.34889965559512,0.038550785958917776,0.05791878658316242,0.47473236095401206,0.044212639664804466,0.021666812150837995,0.010562150837988827,0.03760759662295926,96.24,Healthy,False,,False,1.0
0259_FV.png,FV,fpn_resnet50_torch_cross_entropy_all_files,0.05494926593273246,0.5945808513729478,0.0,0.40541914862705214,0.03305917244792872,0.04927836553541874,0.47914390968022347,0.030071578212290503,0.015786705656424583,0.008750872905027933,0.031015943657574072,96.9,Healthy,False,,False,1.0
0259_FV.png,FV,unet_resnet18_torch_cross_entropy_all_files,0.060118472629150335,0.5732023106035455,0.0029878494123896154,0.4238098399840648,0.036969168376430016,0.058519746699248476,0.4473759279042346,0.04615485335195531,0.0250690686103352,0.014479312150837989,0.03867430196683763,96.13,Healthy,False,,False,1.0
0259_FV.png,FV,pan_resnet18_torch_cross_entropy_correct_clear_strict_files,0.06579861249710604,0.2665615141955836,0.20644261101674352,0.5269958747876728,0.04942879268088232,0.07444754813427674,0.47430801525447175,0.0375676501396648,0.03512668034217877,0.032919430865921785,0.05121357438141922,94.88,Healthy,False,,False,1.0
0260_FV.png,FV,GT,0.04930105938799786,0.5488624402882357,0.0,0.4511375597117642,0.0311711945457884,0.0474816061769718,0.47024000926484155,0.039204347067039104,0.01719950244413408,0.006361295391061453,0.030475641194481692,96.95,Healthy,False,,False,1.0
0260_FV.png,FV,fpn_resnet18_torch_cross_entropy_correct_files,0.06210233033426206,0.6639028152718859,0.0,0.3360971847281142,0.034478289331875044,0.05159041999627753,0.47824288326275366,0.03623646997206704,0.01844251920391061,0.009678334497206703,0.033197620480010015,96.68,Healthy,False,,False,1.0
0260_FV.png,FV,fpn_resnet50_torch_cross_entropy_all_files,0.053492308060769114,0.6136109245578688,0.0,0.3863890754421312,0.03150058677481419,0.04725265606270814,0.47564921947986677,0.03096630586592179,0.015416703037709496,0.00775794343575419,0.029792654066340497,97.02,Healthy,False,,False,1.0
0260_FV.png,FV,unet_resnet18_torch_cross_entropy_all_files,0.060066580978916026,0.6109117490696439,6.645401382243488e-05,0.38902179691653377,0.035479319181548924,0.05753192775407251,0.4178894900836136,0.05944483240223464,0.029142479923184358,0.0142174406424581,0.039560366049960174,96.04,Healthy,False,,False,1.0
0260_FV.png,FV,pan_resnet18_torch_cross_entropy_correct_clear_strict_files,0.030508298672372088,0.3908151249509355,0.0,0.6091848750490645,0.022519818618724107,0.030865215384237317,0.5216011520794859,0.007506983240223464,0.007506983240223464,0.007506983240223464,0.019018303496977813,98.1,Healthy,False,,False,1.0
0261_MVL.png,MVL,GT,0.032414138476947435,0.5667829553949664,0.0,0.43321704460503363,0.020105045071241643,0.0341577846087388,0.3513521150316906,0.0955382508116883,0.06107295048701298,0.04409750405844156,0.04070802909879932,95.93,Healthy,False,,False,1.0
0261_MVL.png,MVL,fpn_resnet18_torch_cross_entropy_correct_files,0.03718781299473361,0.6535621198957429,0.0,0.3464378801042572,0.020903767245000163,0.0352531147166729,0.35887618234577706,0.10595068993506493,0.06207031250000001,0.04045758928571429,0.04167518958850192,95.83,Healthy,False,,False,1.0
0261_MVL.png,MVL,fpn_resnet50_torch_cross_entropy_all_files,0.0368162579561242,0.6365730583589293,0.0,0.36342694164107064,0.021113978546735166,0.035795570207581104,0.35653874589417967,0.10928622159090909,0.06421621347402597,0.042017552759740256,0.042759350015905265,95.72,Healthy,False,,False,1.0
0261_MVL.png,MVL,unet_resnet18_torch_cross_entropy_all_files,0.027377952247100254,0.44387077740079656,0.011801150612184688,0.5443280719870187,0.01912607831734031,0.03214292366526049,0.34609955148863325,0.08167613636363637,0.058643212256493514,0.046798904220779224,0.038837985497377644,96.12,Healthy,False,,False,1.0
0261_MVL.png,MVL,pan_resnet18_torch_cross_entropy_correct_clear_strict_files,0.042446124519401635,0.7636536631779258,0.0,0.2363463368220742,0.020728651739846855,0.040067434990668026,0.2950104364973862,0.1253804788961039,0.062483005275974036,0.0315036525974026,0.043232028129544076,95.68,Healthy,False,,False,1.0
0262_MVL.png,MVL,GT,0.032393945268327354,0.5668869218301957,0.0,0.43311307816980427,0.020090263642531744,0.03413309705165696,0.35131482444008816,0.09547483766233766,0.06102653206168831,0.04405945616883117,0.04067762103293193,95.93,Healthy,False,,False,1.0
0262_MVL.png,MVL,fpn_resnet18_torch_cross_entropy_correct_files,0.03680818067267617,0.6585472898836954,0.02326091727013386,0.3181917928461707,0.02027632386675713,0.03295193891908184,0.36929047534343723,0.10066203327922078,0.058748097605519495,0.036779626623376624,0.03946771787795949,96.05,Healthy,False,,False,1.0
0262_MVL.png,MVL,fpn_resnet50_torch_cross_entropy_all_files,0.03913847694743304,0.7056031369311733,0.0,0.29439686306882673,0.020635601434525544,0.03371007053251837,0.3653407939545505,0.10654677353896104,0.05940340909090909,0.03618354301948052,0.040065065226476806,95.99,Healthy,False,,False,1.0
0262_MVL.png,MVL,unet_resnet18_torch_cross_entropy_all_files,0.031444864463183744,0.6026200873362445,0.005651168764449011,0.39172874389930645,0.018688410713708765,0.032611069762762505,0.3346610528196566,0.09518313717532467,0.05751154119318182,0.038682021103896104,0.03839446062021411,96.16,Healthy,False,,False,1.0
0262_MVL.png,MVL,pan_resnet18_torch_cross_entropy_correct_clear_strict_files,0.07285305805951342,0.46283053384333944,0.2353234658240479,0.30184600033261266,0.04443261122419308,0.06584767233646198,0.23942853190914307,0.166307325487013,0.10184367390422078,0.06648234577922078,0.07382155462988482,92.62,Healthy,False,,False,1.0
0263_MVL.png,MVL,GT,0.03233740428419114,0.566129636568003,0.0,0.43387036343199703,0.020071605117766796,0.0341044755127362,0.35124158779791426,0.09529728084415584,0.06096793831168832,0.04405945616883117,0.04063999951382623,95.94,Healthy,False,,False,1.0
0263_MVL.png,MVL,fpn_resnet18_torch_cross_entropy_correct_files,0.03706665374301315,0.5764872521246459,0.056657223796033995,0.3668555240793201,0.02203575813382443,0.03565629631007341,0.37076410559055273,0.0987596387987013,0.06327566964285714,0.04255022321428571,0.042617884190312205,95.74,Healthy,False,,False,1.0
0263_MVL.png,MVL,fpn_resnet50_torch_cross_entropy_all_files,0.07298229459468192,0.8248021692214045,0.0,0.17519783077859555,0.032651004814060934,0.047522689088340474,0.38473644104397364,0.16269277597402598,0.08059126420454546,0.04015320616883117,0.0562886138525386,94.37,Healthy,False,,False,1.0
0263_MVL.png,MVL,unet_resnet18_torch_cross_entropy_all_files,0.05633501340829052,0.7237794824001721,0.012904150835185318,0.26331636676464265,0.02876918354818907,0.04377673690847302,0.3393370124591157,0.13146814123376624,0.07533608969155844,0.046583299512987016,0.051898212013622005,94.81,Healthy,False,,False,1.0
0263_MVL.png,MVL,pan_resnet18_torch_cross_entropy_correct_clear_strict_files,0.05795450873962069,0.7262020905923345,0.025296167247386758,0.24850174216027873,0.02925798035604666,0.05075672885517994,0.3602084978973564,0.16735998376623376,0.0870496398133117,0.04522625811688312,0.05882426868869266,94.12,Healthy,False,,False,1.0
0264_MVL.png,MVL,GT,0.03227682465833091,0.5653153153153153,0.0,0.4346846846846847,0.02005161384123292,0.03407422598068597,0.35114910042647035,0.0951070413961039,0.06090515929383117,0.04405945616883117,0.040599815664108134,95.94,Healthy,False,,False,1.0
0264_MVL.png,MVL,fpn_resnet18_torch_cross_entropy_correct_files,0.03927982940777358,0.6330454451984372,0.009664815957228049,0.3572897388443348,0.022490589964783047,0.03681154119565857,0.3702392165879401,0.11083350243506493,0.06646281452922077,0.044021408279220776,0.04437576515982079,95.56,Healthy,False,,False,1.0
0264_MVL.png,MVL,fpn_resnet50_torch_cross_entropy_all_files,0.046064747504119416,0.6545677713484132,0.0,0.3454322286515869,0.02586257309941521,0.04262476232374713,0.3717598899851105,0.13555194805194806,0.0782117491883117,0.04996956168831169,0.05183090030227338,94.82,Healthy,False,,False,1.0
0264_MVL.png,MVL,unet_resnet18_torch_cross_entropy_all_files,0.051327097670511454,0.6834526713352742,0.025965850971752302,0.2905814776929735,0.027370601919162553,0.04590058043451891,0.3633760361998099,0.14454393262987014,0.08046139407467533,0.04683695211038961,0.054165912335974564,94.58,Healthy,False,,False,1.0
0264_MVL.png,MVL,pan_resnet18_torch_cross_entropy_correct_clear_strict_files,0.09908807469871733,0.5150193600978195,0.07947829631139189,0.4055023435907887,0.062218829763174055,0.09060219818433723,0.2966319292167035,0.22605519480519481,0.14364016842532468,0.09978693181818182,0.10330237575438325,89.67,Healthy,False,,False,1.0
0265_MVL.png,MVL,GT,0.03227682465833091,0.5653153153153153,0.0,0.4346846846846847,0.02005161384123292,0.03407422598068597,0.35114910042647035,0.0951070413961039,0.06090515929383117,0.04405945616883117,0.040599815664108134,95.94,Healthy,False,,False,1.0
0265_MVL.png,MVL,fpn_resnet18_torch_cross_entropy_correct_files,0.04102452263254822,0.6545579838550896,0.0,0.34544201614491044,0.02303306032115279,0.03932323179363718,0.35086949920746124,0.11789772727272728,0.06872349330357143,0.04450334821428571,0.04619628495586556,95.38,Healthy,False,,False,1.0
0265_MVL.png,MVL,fpn_resnet50_torch_cross_entropy_all_files,0.04295499337662757,0.669894697254607,0.0,0.330105302745393,0.02367552744660916,0.04108928401219523,0.3550313608358676,0.13460075081168832,0.07425248579545454,0.044528713474025976,0.04913043775582314,95.09,Healthy,False,,False,1.0
0265_MVL.png,MVL,unet_resnet18_torch_cross_entropy_all_files,0.03210720170592227,0.500880503144654,0.004779874213836478,0.49433962264150944,0.021280168653678395,0.038342324110939296,0.33976214788536463,0.10077617694805195,0.06680981128246753,0.04984273538961039,0.04461067234237232,95.54,Healthy,False,,False,1.0
0265_MVL.png,MVL,pan_resnet18_torch_cross_entropy_correct_clear_strict_files,0.15457497334496462,0.8938443852223441,0.0,0.10615561477765585,0.062003772091370236,0.08584895322053435,0.24998358394288434,0.28572696834415584,0.1288146814123377,0.051529525162337664,0.09588169015850646,90.41,Healthy,False,,False,1.0
0266_MVL.png,MVL,GT,0.032470679461083646,0.5675373134328359,0.0,0.4324626865671642,0.020123703596006595,0.03418600553895004,0.3514389637513701,0.09571580762987013,0.06113154423701299,0.04409750405844156,0.040745530435292186,95.93,Healthy,False,,False,1.0
0266_MVL.png,MVL,fpn_resnet18_torch_cross_entropy_correct_files,0.036973764983360795,0.7083560895685418,0.0,0.2916439104314582,0.019426068624600175,0.03236919234765732,0.36012489142014364,0.10420048701298701,0.05707411728896104,0.03386262175324675,0.03836822520726167,96.16,Healthy,False,,False,1.0
0266_MVL.png,MVL,fpn_resnet50_torch_cross_entropy_all_files,0.042454201802849666,0.589041095890411,0.0,0.410958904109589,0.025699331200930504,0.04330375989324617,0.3608019409612985,0.1256341314935065,0.07807439630681819,0.05464945211038961,0.05193068585098028,94.81,Healthy,False,,False,1.0
0266_MVL.png,MVL,unet_resnet18_torch_cross_entropy_all_files,0.0353461923685826,0.5603290676416819,0.0013711151736745886,0.4382998171846435,0.022060030370585768,0.03876286356834686,0.34660525372659917,0.10857599431818182,0.06847618202110389,0.048650568181818184,0.045637340990121344,95.44,Healthy,False,,False,1.0
0266_MVL.png,MVL,pan_resnet18_torch_cross_entropy_correct_clear_strict_files,0.0842702982133049,0.2754241349563884,0.13318316879133518,0.5913926962522764,0.06490359762204775,0.09396809980532637,0.3058411041215636,0.1729403409090909,0.14540571732954546,0.1248351258116883,0.10582379616003042,89.42,Healthy,False,,False,1.0
0267_MVL.png,MVL,GT,0.032151626764886435,0.5641251099108152,0.0,0.4358748900891848,0.01999947497657588,0.03399196249355313,0.3509367125634046,0.09471387987012987,0.060741426542207794,0.04400872564935065,0.04049400185792182,95.95,Healthy,False,,False,1.0
0267_MVL.png,MVL,fpn_resnet18_torch_cross_entropy_correct_files,0.04043084229911796,0.6530816102287483,0.0,0.3469183897712516,0.022739733772737556,0.036773101584822825,0.37351028929095637,0.10735846185064934,0.06488864650974026,0.043970677759740256,0.043809309211164216,95.62,Healthy,False,,False,1.0
0267_MVL.png,MVL,fpn_resnet50_torch_cross_entropy_all_files,0.06977965170753772,0.6297025118647992,0.005961338117837713,0.36433615001736314,0.040198135762980196,0.05601753928372206,0.4477401287523202,0.179979200487013,0.1012488585633117,0.06182782061688312,0.06936424593933535,93.06,Healthy,False,,False,1.0
0267_MVL.png,MVL,unet_resnet18_torch_cross_entropy_all_files,0.03180834221834512,0.6306500761808025,0.004951752158456069,0.3643981716607415,0.018314634422151144,0.034201478638118045,0.3442622586370784,0.09949523133116883,0.057384080762987025,0.03639914772727273,0.03870846622327557,96.13,Healthy,False,,False,1.0
0267_MVL.png,MVL,pan_resnet18_torch_cross_entropy_correct_clear_strict_files,0.03603276146166521,0.5035866397668685,0.0019054023761488456,0.49450795785698276,0.023851854544279672,0.04528176177954555,0.34496590721863885,0.1131544237012987,0.07490247057629872,0.055955762987012984,0.05070107312766706,94.93,Healthy,False,,False,1.0
0268_MVR.png,MVR,GT,0.042596632544610394,0.612043898320983,0.0,0.38795610167901695,0.025129056489184027,0.03840330334032863,0.5174258941588243,0.10227272727272728,0.05754261363636365,0.03551136363636364,0.04207675340339925,95.79,Healthy,False,,False,1.0
0268_MVR.png,MVR,fpn_resnet18_torch_cross_entropy_correct_files,0.05688074860754841,0.5588648496768756,0.004425400393368924,0.43670974992975553,0.03549676759443499,0.054208298345614546,0.5166227579337598,0.1289569805194805,0.0810913403003247,0.05751572646103896,0.059348055902144745,94.07,Healthy,False,,False,1.0
0268_MVR.png,MVR,fpn_resnet50_torch_cross_entropy_all_files,0.062422586084274284,0.6211355053446841,0.0,0.37886449465531585,0.036444753434181194,0.05331633030896124,0.5403848416827436,0.13940746753246752,0.07851537134740261,0.04852374188311688,0.05833447366190377,94.17,Healthy,False,,False,1.0
0268_MVR.png,MVR,unet_resnet18_torch_cross_entropy_all_files,0.04983658172112611,0.4606750581255512,0.00833801010181993,0.5309869317726289,0.03431312380632736,0.051766459664980384,0.5241379429206665,0.11721286525974026,0.07850928368506493,0.05879667207792208,0.0572275885154183,94.28,Healthy,False,,False,1.0
0268_MVR.png,MVR,pan_resnet18_torch_cross_entropy_correct_clear_strict_files,0.04838619455165855,0.5162675474814203,0.0,0.48373245251857966,0.03164944581625233,0.03935697410694094,0.6119016816569347,0.07653967126623376,0.050886135349025974,0.03825081168831169,0.04165638011656837,95.83,Healthy,False,,False,1.0
0346_MVL.png,MVL,GT,0.13111450357015927,0.0,0.3708301247497305,0.6291698752502696,0.1145832929469161,0.2075154130599356,0.3120565633183996,0.349216213474026,0.3085445413961039,0.22959364853896103,0.22004742836049707,78.0,Degraded,False,,False,0.5
0346_MVL.png,MVL,fpn_resnet18_torch_cross_entropy_correct_files,0.132354366579432,0.0,0.3698279018674478,0.6301720981325521,0.11571193176310945,0.20853763657656646,0.31320023261556384,0.3547585227272727,0.3125905539772727,0.23073508522727273,0.22231109209281186,77.77,Degraded,False,,False,0.5
0346_MVL.png,MVL,fpn_resnet50_torch_cross_entropy_all_files,0.134721010629705,0.0009892679417231249,0.30181665567480065,0.6971940763834762,0.12080696100287552,0.2139867328960865,0.32622542696758494,0.34883573457792205,0.3165595829951299,0.25431209415584416,0.22706194136774055,77.29,Degraded,False,,False,0.5
0346_MVL.png,MVL,unet_resnet18_torch_cross_entropy_all_files,0.14031856805919032,0.2970872668662215,0.039747870135850794,0.6631648629979277,0.11049206810765402,0.2045979643208221,0.2954251482506331,0.3871372767857143,0.30911183543019477,0.2641411323051948,0.21817174390062075,78.18,Degraded,False,,False,0.5
0346_MVL.png,MVL,pan_resnet18_torch_cross_entropy_correct_clear_strict_files,0.13829520855545863,0.112928189703005,0.07402972870367666,0.8130420815933184,0.12435062679719557,0.2173787633953146,0.2879544422062716,0.363572950487013,0.3239396053165584,0.291700487012987,0.2320946591843764,76.79,Degraded,False,,False,0.5
0347_MVR.png,MVR,GT,0.10449979622659603,0.0,0.44765619025770437,0.5523438097422957,0.08859460280168452,0.14501794660836853,0.25801740227417397,0.27052049512987014,0.2356701501623377,0.1680194805194805,0.164351824887951,83.56,Healthy,False,,False,1.0
0347_MVR.png,MVR,fpn_resnet18_torch_cross_entropy_correct_files,0.1044398628724858,0.3865870920846245,0.05593174949309461,0.5574811584222809,0.07540243249506548,0.12708112555004347,0.2537034170948992,0.2858791599025974,0.2130416751217533,0.17065746753246752,0.145961737462234,85.4,Healthy,False,,False,1.0
0347_MVR.png,MVR,fpn_resnet50_torch_cross_entropy_all_files,0.111460056417264,0.006990249498135933,0.3238457126469745,0.6691640378548895,0.09866544402624282,0.1667658194093364,0.23742584859252477,0.2974203530844156,0.2690141791801948,0.21447595373376624,0.1872350507027517,81.28,Healthy,False,,False,1.0
0347_MVR.png,MVR,unet_resnet18_torch_cross_entropy_all_files,0.10841943758540502,0.2548737792518887,0.14254652662612863,0.6025796941219826,0.08465050863439856,0.1451421928978243,0.23656313166253812,0.29277851055194803,0.23997742491883114,0.19737976866883117,0.16492878042719933,83.51,Healthy,False,,False,1.0
0347_MVR.png,MVR,pan_resnet18_torch_cross_entropy_correct_clear_strict_files,0.07129671804952892,0.5699955167002914,0.2284241201524322,0.2015803631472764,0.038531512957591156,0.06956625144251834,0.2847763343461668,0.19311840503246752,0.11135323660714286,0.045619419642857144,0.07697062396288999,92.3,Healthy,False,,False,1.0
0348_MVR.png,MVR,GT,0.10998170034921168,0.0,0.4255976167986631,0.574402383201337,0.09406699749878136,0.15400922888374582,0.25789905947486474,0.28228997564935066,0.2491472199675325,0.18481128246753248,0.17408175590177116,82.59,Healthy,False,,False,1.0
0348_MVR.png,MVR,fpn_resnet18_torch_cross_entropy_correct_files,0.10117149729500795,0.34346984716243434,0.04213893606097705,0.6143912167765886,0.07643991881028296,0.12861867308776095,0.2594650251032156,0.278713474025974,0.21500418526785717,0.17982700892857142,0.14751925167655605,85.25,Healthy,False,,False,1.0
0348_MVR.png,MVR,fpn_resnet50_torch_cross_entropy_all_files,0.10644563245670814,0.021132840358845387,0.29570962050974064,0.683157539131414,0.09423628924635803,0.16060026427803026,0.23253587496561534,0.28921469155844154,0.2609954596185065,0.2082234172077922,0.1808491499047191,81.92,Healthy,False,,False,1.0
0348_MVR.png,MVR,unet_resnet18_torch_cross_entropy_all_files,0.10887093551970209,0.29870082207868465,0.15080005871990604,0.5504991192014093,0.08150061132021193,0.14039035776412723,0.23258036834571585,0.295606737012987,0.23213182325487014,0.18165330762987014,0.1594200200272498,84.06,Healthy,False,,False,1.0
0348_MVR.png,MVR,pan_resnet18_torch_cross_entropy_correct_clear_strict_files,0.055434356995021535,0.4556004036326943,0.09816923742251694,0.4462303589447888,0.03666263115415658,0.06931231241377461,0.31005420425896013,0.17532467532467533,0.11607624797077923,0.0784674310064935,0.07822298225869105,92.18,Healthy,False,,False,1.0
0349_MVR.png,MVR,GT,0.1163985647959469,0.0,0.4463133324179596,0.5536866675820403,0.09873548613941298,0.16202200275056355,0.2583383184253543,0.2984095982142857,0.26067877435064934,0.18743658685064934,0.18249875640725272,81.75,Healthy,False,,False,1.0
0349_MVR.png,MVR,fpn_resnet18_torch_cross_entropy_correct_files,0.11978280152470452,0.138463591180493,0.230594749658094,0.630941659161413,0.09927924148347038,0.16304922752598486,0.2625379093318479,0.3086444805194805,0.26235009131493503,0.20640980113636365,0.18363857722881058,81.64,Healthy,False,,False,1.0
0349_MVR.png,MVR,fpn_resnet50_torch_cross_entropy_all_files,0.1008278793981093,0.0022983950861898157,0.18791361204676046,0.8097879928670497,0.0942306555110717,0.1578150539317382,0.24436358622585083,0.2700512378246753,0.25450372869318183,0.22492644074675325,0.1774152043101157,82.26,Healthy,False,,False,1.0
0349_MVR.png,MVR,unet_resnet18_torch_cross_entropy_all_files,0.1177490630418974,0.230675262979301,0.060739735324058367,0.7085850016966406,0.09711896371235187,0.16227877293912252,0.2404641783726161,0.3065518465909091,0.26176123681006497,0.23290381493506493,0.1825238157194683,81.75,Healthy,False,,False,1.0
0349_MVR.png,MVR,pan_resnet18_torch_cross_entropy_correct_clear_strict_files,0.10513109422322378,0.3266570386135604,0.14537093341441168,0.527972027972028,0.0769258584454087,0.13022701592541783,0.24343032704460224,0.294820413961039,0.21769188818993507,0.16065087256493507,0.149222617587222,85.08,Healthy,False,,False,1.0
0350_MVR.png,MVR,GT,0.11565539120498006,0.0,0.4591307952739584,0.5408692047260416,0.09760106761281456,0.1593543157788228,0.2618136098684888,0.29561941964285715,0.25711241883116887,0.1823635349025974,0.17993158254995878,82.01,Healthy,False,,False,1.0
0350_MVR.png,MVR,fpn_resnet18_torch_cross_entropy_correct_files,0.10995772700756759,0.0,0.34651162790697676,0.6534883720930232,0.09700317247221091,0.15954483540293576,0.26110151032022566,0.28458553165584416,0.2561386465097403,0.2009182224025974,0.17941986096644014,82.06,Healthy,False,,False,1.0
0350_MVR.png,MVR,fpn_resnet50_torch_cross_entropy_all_files,0.11193952325014583,0.010029982866933181,0.24364648772130212,0.7463235294117647,0.10191423137471133,0.16492662252517115,0.26558145629976654,0.28306361607142855,0.26221134334415586,0.22266893262987014,0.1849367935076271,81.51,Healthy,False,,False,1.0
0350_MVR.png,MVR,unet_resnet18_torch_cross_entropy_all_files,0.12289534038149577,0.23931985174588724,0.02896807334677157,0.7317120749073411,0.10197935895284445,0.1687602890783345,0.26433198975842126,0.31634283685064934,0.27422851562500006,0.2504185267857143,0.1909133006593537,80.91,Healthy,False,,False,1.0
0350_MVR.png,MVR,pan_resnet18_torch_cross_entropy_correct_clear_strict_files,0.1140291995301225,0.0408914117523389,0.06787203475945197,0.8912365534882091,0.10827371962377835,0.1780670222211883,0.2675586716175167,0.3019226866883117,0.28561257102272725,0.2680093344155844,0.2001472509625809,79.99,Degraded,False,,False,0.5
0351_MVR.png,MVR,GT,0.12259567361094463,0.0,0.446762050646938,0.5532379493530619,0.1039735014663694,0.1685517107760747,0.25124072250249796,0.3103312702922078,0.27111708603896106,0.19499543425324675,0.19020439808831766,80.98,Healthy,False,,False,1.0
0351_MVR.png,MVR,fpn_resnet18_torch_cross_entropy_correct_files,0.11398924396071568,0.04917802937361983,0.31290967086122895,0.6379122997651513,0.09810614596568616,0.15852834403247426,0.24516502445202082,0.28907518262987014,0.255971489448052,0.2001065340909091,0.17937894277866892,82.06,Healthy,False,,False,1.0
0351_MVR.png,MVR,fpn_resnet50_torch_cross_entropy_all_files,0.1176851341308465,0.005126638147620018,0.214537923541794,0.780335438310586,0.10869660937038013,0.1760637581777013,0.24823017390982763,0.2995637175324675,0.2803940493100649,0.24504109172077923,0.1975857299884504,80.24,Healthy,False,,False,1.0
0351_MVR.png,MVR,unet_resnet18_torch_cross_entropy_all_files,0.11510000879022526,0.2668448640955323,0.036518901655847535,0.6966362342486201,0.09309260102765723,0.15562638571352524,0.23835038644706497,0.3042562905844156,0.25517425933441557,0.22585227272727273,0.17668539975612096,82.33,Healthy,False,,False,1.0
0351_MVR.png,MVR,pan_resnet18_torch_cross_entropy_correct_clear_strict_files,0.11959900590543315,0.12728426819897773,0.10837537166338156,0.7643403601376407,0.10499260821965974,0.1710078324391479,0.26199881144659254,0.3115741680194805,0.2751501623376624,0.24464793019480519,0.19286019713270725,80.71,Healthy,False,,False,1.0
0352_MVR.png,MVR,GT,0.12374639400986104,0.0,0.43263052533014756,0.5673694746698524,0.10554399507747385,0.17066602536037212,0.24840621481776975,0.30990006087662336,0.27165178571428567,0.19740513392857142,0.19152372041706806,80.85,Healthy,False,,False,1.0
0352_MVR.png,MVR,fpn_resnet18_torch_cross_entropy_correct_files,0.11425295071880069,0.03584542752229411,0.2881622661304424,0.6759923063472635,0.10031504966477278,0.16124172508691453,0.24988566212965957,0.287007913961039,0.2558234831574675,0.20790635146103897,0.1807964256884932,81.92,Healthy,False,,False,1.0
0352_MVR.png,MVR,fpn_resnet50_torch_cross_entropy_all_files,0.11959101479155179,0.0,0.3156259396612208,0.6843740603387792,0.10675736580922014,0.17084639228664875,0.2445285432744776,0.291890726461039,0.26562576095779217,0.21464082792207792,0.18953143181187754,81.05,Healthy,False,,False,1.0
0352_MVR.png,MVR,unet_resnet18_torch_cross_entropy_all_files,0.12186049113385915,0.30561657759270794,0.02000065575920522,0.6743827666480868,0.096079279840817,0.16056123302456746,0.23165447581551252,0.3144784902597403,0.2621636566558442,0.23380428165584416,0.181857616521953,81.81,Healthy,False,,False,1.0
0352_MVR.png,MVR,pan_resnet18_torch_cross_entropy_correct_clear_strict_files,0.11263075460088381,0.03504913264039164,0.19347972613430772,0.7714711412253007,0.10257665475990699,0.16711913253736702,0.24545770906300562,0.29229657061688313,0.26814541903409095,0.2330686891233766,0.18816690380281859,81.18,Healthy,False,,False,1.0
0353_MVR.png,MVR,GT,0.11933929470428883,0.0,0.417369760278559,0.582630239721441,0.10240436634462478,0.1680455269816306,0.24789076807660318,0.30589234983766234,0.26896788758116885,0.19729099025974026,0.18872212303034416,81.13,Healthy,False,,False,1.0
0353_MVR.png,MVR,fpn_resnet18_torch_cross_entropy_correct_files,0.10342898696649326,0.0,0.3741404620258055,0.6258595379741946,0.09027201751652164,0.14863915738561057,0.2553359189109916,0.2691127232142857,0.24055803571428577,0.18512834821428573,0.16789656675635398,83.21,Healthy,False,,False,1.0
0353_MVR.png,MVR,fpn_resnet50_torch_cross_entropy_all_files,0.11319812368646065,3.529702446083795e-05,0.3539938583177438,0.6459708446577953,0.09957115687355661,0.16122342808618248,0.25345418680370585,0.2821504667207792,0.2531172635957793,0.19677100243506493,0.17948528092623345,82.05,Healthy,False,,False,1.0
0353_MVR.png,MVR,unet_resnet18_torch_cross_entropy_all_files,0.11430089740208887,0.2551123850805747,0.02209249484391932,0.722795120075506,0.09390541717610017,0.1559184952907458,0.24668812479502122,0.2947443181818182,0.25121448863636364,0.22705712256493507,0.17543296919459925,82.46,Healthy,False,,False,1.0
0353_MVR.png,MVR,pan_resnet18_torch_cross_entropy_correct_clear_strict_files,0.10390445824243441,0.5235531628532974,0.0,0.47644683714670255,0.06745678805168653,0.11416931515554758,0.22924747557068387,0.27684912743506496,0.19354948762175325,0.15252130681818182,0.13190762601087153,86.81,Healthy,False,,False,1.0
0354_MVR.png,MVR,GT,0.12220810458769849,0.0,0.44638069705093836,0.5536193029490617,0.103660649357914,0.16845349148953295,0.2547829481268871,0.306640625,0.267322950487013,0.19100040584415584,0.1885634224490393,81.14,Healthy,False,,False,1.0
0354_MVR.png,MVR,fpn_resnet18_torch_cross_entropy_correct_files,0.10268581337552642,0.004747081712062257,0.3247081712062257,0.6705447470817121,0.09102262284339814,0.15260051253347204,0.24133587629347933,0.2794744318181818,0.25049538352272727,0.19574370941558442,0.17328509402215198,82.67,Healthy,False,,False,1.0
0354_MVR.png,MVR,fpn_resnet50_torch_cross_entropy_all_files,0.11054906943478851,0.00777070984530866,0.27367355790082404,0.7185557322538673,0.09968702802483638,0.16573401490391676,0.23134739539326069,0.2892400568181818,0.2636146763392857,0.21651785714285715,0.18507218341434023,81.49,Healthy,False,,False,1.0
0354_MVR.png,MVR,unet_resnet18_torch_cross_entropy_all_files,0.11996260158703521,0.29632960298427924,0.0346722621902478,0.668998134825473,0.09473093919561447,0.15929342776739105,0.24116585247048108,0.312893161525974,0.2584982497970779,0.22928926542207792,0.17960661000773281,82.04,Healthy,False,,False,1.0
0354_MVR.png,MVR,pan_resnet18_torch_cross_entropy_correct_clear_strict_files,0.12633551490742295,0.10873209146399317,0.11126221575634904,0.7800056927796578,0.11235274374895117,0.1855788651924342,0.2400544352587591,0.3224304991883117,0.2880511870941559,0.25740665584415584,0.20459995752007798,79.54,Degraded,False,,False,0.5
0355_MVR.png,MVR,GT,0.10726871718648863,0.0,0.42380899169367153,0.5761910083063284,0.09181182525032165,0.1510281076631563,0.26404905993552974,0.2779017857142857,0.2442588271103896,0.17895190746753248,0.17055551071819924,82.94,Healthy,False,,False,1.0
0355_MVR.png,MVR,fpn_resnet18_torch_cross_entropy_correct_files,0.12096948193608707,0.3785176377328577,0.08534813053243494,0.5361342317347073,0.08678046012833728,0.1391294559789207,0.2347960583600788,0.28369774756493504,0.22439059963474026,0.18473518668831168,0.1575292146860735,84.25,Healthy,False,,False,1.0
0355_MVR.png,MVR,fpn_resnet50_torch_cross_entropy_all_files,0.1086911354573714,7.352130279748557e-05,0.27368304966364004,0.7262434290335624,0.09857182812712265,0.1654060220411099,0.24459501073324,0.2883395900974026,0.2651019683441559,0.220018262987013,0.18523414238813213,81.48,Healthy,False,,False,1.0
0355_MVR.png,MVR,unet_resnet18_torch_cross_entropy_all_files,0.1043719384044942,0.29086593675828804,0.0854835004976648,0.6236505627440472,0.08099840976833761,0.13944837754259798,0.2316612747488864,0.2849786931818182,0.23199599228896106,0.19778561282467533,0.15893243310886512,84.11,Healthy,False,,False,1.0
0355_MVR.png,MVR,pan_resnet18_torch_cross_entropy_correct_clear_strict_files,0.07357018994877695,0.5279422147395861,0.07657633193939065,0.3954814533210232,0.04563137790776657,0.08480108620601054,0.2641321311205519,0.22514204545454544,0.14198242187500004,0.09221540178571429,0.09592270798413316,90.41,Healthy,False,,False,1.0
0356_RV.png,RV,GT,0.13055506706184616,0.0,0.4225310467179184,0.5774689532820816,0.11179945355425641,0.18476352037476101,0.0434956427949044,0.33211854050279327,0.2844062063547486,0.19178814594972068,0.20273137472060468,79.73,Degraded,False,,False,0.5
0356_RV.png,RV,fpn_resnet18_torch_cross_entropy_correct_files,0.1336089867591993,0.010401284109149278,0.3682182985553772,0.6213804173354736,0.11595081130464995,0.19102401674241964,0.04838138054917373,0.33988739525139666,0.29496682960893855,0.2111993715083799,0.21007918025769629,78.99,Degraded,False,,False,0.5
0356_RV.png,RV,fpn_resnet50_torch_cross_entropy_all_files,0.12808876955345003,0.03331882262331313,0.213541841074239,0.7531393363024479,0.11592957970001243,0.19233605419668592,0.039423907204942585,0.32584453561452514,0.2949128186103352,0.2454063372905028,0.2104448176131436,78.96,Degraded,False,,False,0.5
0356_RV.png,RV,unet_resnet18_torch_cross_entropy_all_files,0.1565691442591028,0.2968249184998493,0.0670081911075802,0.6361668903925705,0.12186473537700039,0.20227040810152058,0.0672105950812129,0.3977173533519553,0.3098203997905028,0.2533825069832402,0.2211687029597574,77.88,Degraded,False,,False,0.5
0356_RV.png,RV,pan_resnet18_torch_cross_entropy_correct_clear_strict_files,0.12135470505226406,0.018308415509136537,0.21220796663485667,0.7694836178560068,0.11111026280008407,0.18347572897904665,0.037960186229974754,0.3053749127094972,0.2793141148743017,0.23421133030726257,0.20010144348345987,79.99,Degraded,False,,False,0.5
0357_RV.png,RV,GT,0.1323479581201237,0.0,0.4072789732953072,0.5927210267046927,0.11402109434981965,0.18853679403853646,0.04535517083395054,0.33667946927374304,0.2900578299581006,0.19955700069832402,0.20679049849974707,79.32,Degraded,False,,False,0.5
0357_RV.png,RV,fpn_resnet18_torch_cross_entropy_correct_files,0.13064514053606585,0.0,0.3391444236514659,0.6608555763485341,0.11558056643347646,0.19095582172913078,0.043612647658994586,0.3323476780726257,0.29402496508379894,0.21963381634078213,0.20957090248230176,79.04,Degraded,False,,False,0.5
0357_RV.png,RV,fpn_resnet50_torch_cross_entropy_all_files,0.1382284692227517,0.08499084618487604,0.168523287926273,0.7464858658888509,0.12243700218320945,0.20216316474986012,0.04031605397572824,0.35163887918994413,0.31146702601256987,0.2624934532122905,0.22196686048494882,77.8,Degraded,False,,False,0.5
0357_RV.png,RV,unet_resnet18_torch_cross_entropy_all_files,0.15034120689877029,0.2534021853870075,0.09257938432569685,0.6540184302872957,0.12008406857593838,0.2002462532244309,0.06012665150103421,0.3824524266759777,0.30548140712290506,0.25013093575418993,0.2182916593892728,78.17,Degraded,False,,False,0.5
0357_RV.png,RV,pan_resnet18_torch_cross_entropy_correct_clear_strict_files,0.13196192894489647,0.05587336670350387,0.17369823831502307,0.7704283949814731,0.11922858503150426,0.19283911882884647,0.017720902809188813,0.3307764490223464,0.29846914280726256,0.25392807262569833,0.21300796828101023,78.7,Degraded,False,,False,0.5
0358_RV.png,RV,GT,0.13821989079663555,0.0,0.42929402637703645,0.5707059736229635,0.11804531982517169,0.1942329645299427,0.03778945158776114,0.3516170565642458,0.30029504189944134,0.20066995460893855,0.21380150206631085,78.62,Degraded,False,,False,0.5
0358_RV.png,RV,fpn_resnet18_torch_cross_entropy_correct_files,0.12799869607923034,0.02392601032102406,0.3024261108504792,0.6736478788284967,0.11278537206778672,0.18695674457881897,0.0460724327307704,0.32561539804469275,0.28691428072625696,0.2193501222067039,0.20468834728448448,79.53,Degraded,False,,False,0.5
0358_RV.png,RV,fpn_resnet50_torch_cross_entropy_all_files,0.13885469432923142,0.09668550952954623,0.14990887467951688,0.7534056157909369,0.12278249829503783,0.2033255894914394,0.037591630050540885,0.3532319308659218,0.3123459322625699,0.26612692039106145,0.22277079924097112,77.72,Degraded,False,,False,0.5
0358_RV.png,RV,unet_resnet18_torch_cross_entropy_all_files,0.14533998447304872,0.25199940976833407,0.030633023461708722,0.7173675667699572,0.1192870898976165,0.19975602232634898,0.048099275267505626,0.3697298358938548,0.30345397608240227,0.26523219273743015,0.21709452410015057,78.29,Degraded,False,,False,0.5
0358_RV.png,RV,pan_resnet18_torch_cross_entropy_correct_clear_strict_files,0.14214452074477896,0.0755884127942064,0.12012673506336753,0.8042848521424261,0.12914009856611608,0.21237200344767135,0.032094093951753215,0.3598332751396648,0.3268775096019553,0.2894334846368715,0.23320463444491835,76.68,Degraded,False,,False,0.5
0359_RV.png,RV,GT,0.13439820196188607,0.0,0.42318248547903237,0.5768175145209676,0.11506071381083713,0.19044574231642536,0.03993985221058046,0.34189507681564246,0.29270251396648045,0.1972110684357542,0.20873294242477092,79.13,Degraded,False,,False,0.5
0359_RV.png,RV,fpn_resnet18_torch_cross_entropy_correct_files,0.12518068310007163,0.0015076237793387015,0.35936268631146134,0.6391296899091999,0.10975924647104997,0.18171892680312057,0.06667246211458218,0.31844666550279327,0.27921613128491624,0.203528718575419,0.19912990449621765,80.09,Healthy,False,,False,1.0
0359_RV.png,RV,fpn_resnet50_torch_cross_entropy_all_files,0.11790617775356756,0.027538288042489725,0.1649023245661901,0.8075593873913202,0.10912011083326544,0.18353974771716805,0.03760501161851446,0.2999410789106145,0.2775902365572626,0.2422202339385475,0.19883405218803507,80.12,Healthy,False,,False,1.0
0359_RV.png,RV,unet_resnet18_torch_cross_entropy_all_files,0.1298945282509018,0.2634394399683001,0.07327301545370493,0.663287544577995,0.10373152957626863,0.17609460145905173,0.039914695840888435,0.3304381983240223,0.2638822451117318,0.21917554120111732,0.18950073735528883,81.05,Healthy,False,,False,1.0
0359_RV.png,RV,pan_resnet18_torch_cross_entropy_correct_clear_strict_files,0.11662370304920157,0.23891136447223243,0.26528135343876424,0.4958072820890033,0.08743672338436068,0.1454799662210889,0.030208885373635547,0.2966785963687151,0.2224299493715084,0.14709540851955308,0.15884698663023822,84.12,Healthy,False,,False,1.0
0360_RV.png,RV,GT,0.13692454845309532,0.0,0.44641794317576666,0.5535820568242333,0.11614185285425684,0.19012702780807308,0.04408196049776357,0.3483218400837989,0.2954528194832402,0.19282472067039105,0.21006179199199507,78.99,Degraded,False,,False,0.5
0360_RV.png,RV,fpn_resnet18_torch_cross_entropy_correct_files,0.12654036363948307,0.00023727204935258627,0.3313673649244119,0.6683953630262355,0.11226358929927127,0.19031112107241743,0.06611555441743518,0.3219055516759777,0.28558691951815646,0.2151601780726257,0.20500718091876918,79.5,Degraded,False,,False,0.5
0360_RV.png,RV,fpn_resnet50_torch_cross_entropy_all_files,0.1301990623780255,0.0,0.2192390051062428,0.7807609948937572,0.12049385999150734,0.204814103177598,0.06698679951837644,0.33121290153631283,0.3065238739525139,0.25859811452513964,0.22020193853173717,77.98,Degraded,False,,False,0.5
0360_RV.png,RV,unet_resnet18_torch_cross_entropy_all_files,0.14176278078260982,0.23887325648240598,0.03449214849777616,0.7266345950198179,0.11741184594862382,0.19749472568286996,0.0784384603978844,0.3606298009776536,0.2986835501047486,0.26204608938547486,0.2139453915313476,78.61,Degraded,False,,False,0.5
0360_RV.png,RV,pan_resnet18_torch_cross_entropy_correct_clear_strict_files,0.12375666436478899,0.44750979100960037,0.021210965930752435,0.5312792430596471,0.08575801117768923,0.14645777136940946,0.08669726190424172,0.3148241096368715,0.21815947974860336,0.16725951466480446,0.15692852666357093,84.31,Healthy,False,,False,1.0
0361_RV.png,RV,GT,0.1396825124494409,0.0,0.4587299637658908,0.5412700362341092,0.11789648413205628,0.1927399894234101,0.04251563863114471,0.35533781424581007,0.2999164193435754,0.19233371159217877,0.21315750980407006,78.68,Degraded,False,,False,0.5
0361_RV.png,RV,fpn_resnet18_torch_cross_entropy_correct_files,0.12886940633002064,0.0,0.34811116658345814,0.6518888334165418,0.11361670734270385,0.18893245049742796,0.057724745279608344,0.3278303945530726,0.2890291113826816,0.21370897346368714,0.2063763919051122,79.36,Degraded,False,,False,0.5
0361_RV.png,RV,fpn_resnet50_torch_cross_entropy_all_files,0.1331500409619847,0.08774925103888155,0.11477627806590858,0.7974744708952098,0.12012584551112407,0.19942798874386178,0.05331309730487903,0.3387198847765363,0.30558768331005587,0.2701204608938548,0.2181012236005181,78.19,Degraded,False,,False,0.5
0361_RV.png,RV,unet_resnet18_torch_cross_entropy_all_files,0.1472100813663717,0.28775385332595205,0.072025873371988,0.64022027330206,0.11522370390704419,0.1955849849019556,0.05400667265613789,0.3744871682960894,0.29311714385474863,0.23975427723463688,0.21048946418459938,78.95,Degraded,False,,False,0.5
0361_RV.png,RV,pan_resnet18_torch_cross_entropy_correct_clear_strict_files,0.11928301514521131,0.03239841783531104,0.16116504854368932,0.8064365336209997,0.1101574999034927,0.18525413019263312,0.04761720470671719,0.3034436103351955,0.2802292466829609,0.24470801326815642,0.2007151877020221,79.93,Degraded,False,,False,0.5
0362_RV.png,RV,GT,0.13494293202026225,0.0,0.43517370712946185,0.5648262928705381,0.11497690258768224,0.19036409389768205,0.04879850368383974,0.343280813547486,0.29248930691340785,0.19389402932960895,0.20859802171097241,79.14,Degraded,False,,False,0.5
0362_RV.png,RV,fpn_resnet18_torch_cross_entropy_correct_files,0.14346130915360958,0.009597273298053637,0.3579992226507609,0.6324035040511855,0.12507675546767433,0.20828666653967257,0.06487273923752777,0.36489612430167595,0.3181462770600559,0.23079608938547486,0.22726753742622643,77.27,Degraded,False,,False,0.5
0362_RV.png,RV,fpn_resnet50_torch_cross_entropy_all_files,0.13450543228833806,0.07497050288593386,0.13721738575847445,0.7878121113555917,0.12147398806740926,0.2007848506480409,0.060816832368477514,0.3421678596368715,0.309017218051676,0.26956398393854747,0.22028453883530544,77.97,Degraded,False,,False,0.5
0362_RV.png,RV,unet_resnet18_torch_cross_entropy_all_files,0.14642086616368494,0.26803761314702523,0.035298942496411516,0.6966634443565632,0.11836855492122861,0.1989216013639817,0.06265912074008945,0.37247948673184356,0.30111731843575423,0.25949284217877094,0.2156339742598648,78.44,Degraded,False,,False,0.5
0362_RV.png,RV,pan_resnet18_torch_cross_entropy_correct_clear_strict_files,0.13992699759375146,0.04162707292401067,0.1761334028139656,0.7822395242620237,0.1276448360019387,0.21295206696572308,0.044122267646237445,0.3559488477653631,0.3247043034217877,0.2784348812849162,0.23206079225901363,76.79,Degraded,False,,False,0.5
0363_RV.png,RV,GT,0.13161879190025005,0.0,0.42309196376197616,0.5769080362380239,0.11268526183501114,0.18692237767632194,0.04828990208640457,0.3348245460893855,0.2866596106843576,0.19316297136871508,0.20454613612714295,79.55,Degraded,False,,False,0.5
0363_RV.png,RV,fpn_resnet18_torch_cross_entropy_correct_files,0.1312198950858486,0.015787925342398586,0.28826855816690095,0.6959435164907005,0.116970829061992,0.19327746962005862,0.05407893331601367,0.3338097939944134,0.2975616489175978,0.23231276187150837,0.2120991491716543,78.79,Degraded,False,,False,0.5
0363_RV.png,RV,fpn_resnet50_torch_cross_entropy_all_files,0.1477333653594575,0.008971343959585402,0.3056063641378509,0.6854222919025637,0.13149496231926328,0.2149559200666409,0.056173819864665506,0.37574196927374304,0.3344591262220671,0.25759427374301674,0.2377189152045981,76.23,Degraded,False,,False,0.5
0363_RV.png,RV,unet_resnet18_torch_cross_entropy_all_files,0.1414839819338346,0.2798459952707209,0.023252288849815072,0.696901715879464,0.11383764470732556,0.1923194796744596,0.06428469772278184,0.3599096543296089,0.2895875523743017,0.2508292597765363,0.20768215826425623,79.23,Degraded,False,,False,0.5
0363_RV.png,RV,pan_resnet18_torch_cross_entropy_correct_clear_strict_files,0.1292254110138413,0.2843866171003718,0.0006306425916091343,0.7149827403080191,0.10457521778479302,0.17274298926816287,0.04955345035228591,0.32873603351955305,0.26602850034916203,0.23504059008379888,0.1896068622555516,81.04,Healthy,False,,False,1.0
0364_RV.png,RV,GT,0.13352749171109576,0.0,0.4116475538851948,0.5883524461148052,0.11483896149573439,0.18968072640078995,0.045417886383513247,0.33968008030726254,0.2921383990921788,0.1998516061452514,0.20821126600582884,79.18,Degraded,False,,False,0.5
0364_RV.png,RV,fpn_resnet18_torch_cross_entropy_correct_files,0.12825175964965707,0.012641717668305408,0.31330055850974886,0.6740577238219457,0.11350381525501516,0.18722092499462314,0.04864211501062714,0.32620460893854747,0.2887059182960894,0.21991751047486033,0.20569978939332723,79.43,Degraded,False,,False,0.5
0364_RV.png,RV,fpn_resnet50_torch_cross_entropy_all_files,0.1264245548869149,0.033486005089058524,0.17014418999151823,0.7963698049194232,0.11627460399840442,0.19270503438840794,0.04296722537321323,0.3216109462290503,0.2957905246159218,0.25612124650837986,0.21101010136241244,78.9,Degraded,False,,False,0.5
0364_RV.png,RV,unet_resnet18_torch_cross_entropy_all_files,0.14262491260728394,0.2531276314206664,0.08065680259833995,0.6662155659809936,0.11452511977627466,0.19090544746913987,0.053305967553896313,0.3628229748603352,0.29134001833100565,0.24171831354748605,0.20816517750602662,79.18,Degraded,False,,False,0.5
0364_RV.png,RV,pan_resnet18_torch_cross_entropy_correct_clear_strict_files,0.13655567613010042,0.17542482017778058,0.28058548230046804,0.5439896975217514,0.10747837164315464,0.17765708284485193,0.026547416174673627,0.34672878840782123,0.2731977784567039,0.18897302723463688,0.19481974772908353,80.52,Healthy,False,,False,1.0
0365_FV.png,FV,GT,0.3829164704097844,0.0,0.32888907421113533,0.6711109257888647,0.34009787563567273,0.36469808535225456,0.0837140915171979,0.4682589909217877,0.42021277060055867,0.3269465782122905,0.3795238965366017,62.05,Degraded,False,,False,0.5
0365_FV.png,FV,fpn_resnet18_torch_cross_entropy_correct_files,0.382189987306504,0.07704680042194534,0.2090300479388388,0.7139231516392158,0.33529849673880935,0.35723455638110807,0.060730912308186384,0.4615812674581006,0.41230763355446925,0.34335719273743015,0.3726829693577629,62.73,Degraded,False,,False,0.5
0365_FV.png,FV,fpn_resnet50_torch_cross_entropy_all_files,0.37963132978341224,0.16916913759384267,0.10585031438605345,0.7249805480201039,0.32294006115231394,0.3533169747309973,0.08063261894851105,0.46925192039106145,0.41202001134776534,0.36140450418994413,0.36768511530409953,63.23,Degraded,False,,False,0.5
0365_FV.png,FV,unet_resnet18_torch_cross_entropy_all_files,0.4394983274921963,0.17172854755503889,0.1279880839933154,0.7002833684516457,0.3698052865616593,0.4041428479266583,0.05054705422114758,0.5357454608938548,0.4611681651536313,0.39614612430167595,0.4166517064079478,58.33,Degraded,False,,False,0.5
0365_FV.png,FV,pan_resnet18_torch_cross_entropy_correct_clear_strict_files,0.2294968106593433,0.09345322990225068,0.0,0.9065467700977493,0.21512717445972807,0.27401727630574124,0.04850077213773223,0.3426370460893855,0.3407801588687151,0.33986557262569833,0.2830553987771268,71.69,Degraded,False,,False,0.5
0373_MVL.png,MVL,GT,0.33934283221866823,0.14905265162334572,0.19650337998667047,0.6544439683899839,0.2827823818293432,0.2560530403256932,0.5438360222048217,0.407328023538961,0.34351955661525974,0.2746677150974026,0.2990584492926148,70.09,Degraded,False,,False,0.5
0373_MVL.png,MVL,fpn_resnet18_torch_cross_entropy_correct_files,0.351640496268295,0.26214841103033226,0.002641583112244312,0.7352100058574235,0.28956273626054085,0.2522406970413899,0.5629939577571722,0.40287642045454547,0.3315768313717532,0.2962155032467532,0.2951717625392805,70.48,Degraded,False,,False,0.5
0373_MVL.png,MVL,fpn_resnet50_torch_cross_entropy_all_files,0.3464064165939711,0.19946836417054317,0.015494386345353432,0.7850372494841034,0.29828644470291754,0.26350727255501516,0.5570661342426882,0.39989600243506496,0.34883281757305196,0.3154804180194805,0.3080712422066006,69.19,Degraded,False,,False,0.5
0373_MVL.png,MVL,unet_resnet18_torch_cross_entropy_all_files,0.3754765597234338,0.20969979886201073,0.08204708995278097,0.7082531111852083,0.3122482310749249,0.2840767193145485,0.5424437969730752,0.4617365056818182,0.3770023336038962,0.3128170657467532,0.3296984185584005,67.03,Degraded,False,,False,0.5
0373_MVL.png,MVL,pan_resnet18_torch_cross_entropy_correct_clear_strict_files,0.6307631417401699,0.1935690412467506,0.32811719660396205,0.4783137621492874,0.47859083712965655,0.48155899509150807,0.33050052338166247,0.8093293425324676,0.6082511921672078,0.35260247564935066,0.5313454265332326,46.87,Unreliable,False,,False,0.0
0374_MVL.png,MVL,GT,0.3392620593841879,0.14877862958906718,0.1963120803771249,0.6549092900338079,0.2827994248974185,0.25598061405391304,0.5439811582196237,0.40707437094155846,0.343352145900974,0.2746677150974026,0.29897487004578904,70.1,Degraded,False,,False,0.5
0374_MVL.png,MVL,fpn_resnet18_torch_cross_entropy_correct_files,0.34263836386546476,0.23635077793493636,0.0,0.7636492220650637,0.288379858485994,0.2497371149707026,0.5661119889804951,0.3908406047077922,0.328223544034091,0.2973823051948052,0.2927245096506454,70.73,Degraded,False,,False,0.5
0374_MVL.png,MVL,fpn_resnet50_torch_cross_entropy_all_files,0.3351426448256922,0.21160705678203026,0.0,0.7883929432179697,0.2876272172143065,0.2522040929666621,0.5680804668536497,0.38198812905844154,0.3313523488230519,0.30641233766233766,0.2944903325835113,70.55,Degraded,False,,False,0.5
0374_MVL.png,MVL,unet_resnet18_torch_cross_entropy_all_files,0.34864382410907563,0.19039234538441044,0.05811623246492986,0.7514914221506597,0.29728078252722046,0.26295312225840184,0.5575484256677598,0.40850750811688313,0.3439820921266234,0.3008319805194805,0.305663008286336,69.43,Degraded,False,,False,0.5
0374_MVL.png,MVL,pan_resnet18_torch_cross_entropy_correct_clear_strict_files,0.5020152822202837,0.16735718365606622,0.2533647619124237,0.5792780544315101,0.4024790394494524,0.40430031003156464,0.4612923838466243,0.7181285511363636,0.5371682224025974,0.3278713474025974,0.45690109380534405,54.31,Degraded,False,,False,0.5
0375_MVL.png,MVL,GT,0.3393912959193564,0.14903136750916274,0.1966181160455043,0.6543505164453329,0.28281436787179737,0.25610120670686626,0.543831129433842,0.4074802150974026,0.34362000304383117,0.2746677150974026,0.29912267359113154,70.09,Degraded,False,,False,0.5
0375_MVL.png,MVL,fpn_resnet18_torch_cross_entropy_correct_files,0.33738812962424475,0.22668182906392148,0.004440986353842471,0.7688771845822361,0.2856372572776324,0.24079197036798922,0.5768625044991265,0.3703708400974026,0.31076273336038956,0.279398336038961,0.2822338616378423,71.78,Degraded,False,,False,0.5
0375_MVL.png,MVL,fpn_resnet50_torch_cross_entropy_all_files,0.32067219152854515,0.21341041044823114,0.0,0.7865895895517688,0.2748208862395399,0.23919430309628287,0.5689104745647672,0.36016132305194803,0.31102107853084415,0.286817674512987,0.2786129882130845,72.14,Degraded,False,,False,0.5
0375_MVL.png,MVL,unet_resnet18_torch_cross_entropy_all_files,0.3325619527640464,0.19198494140506406,0.04102252717226304,0.7669925314226729,0.2851460776711577,0.24990217816159338,0.5632466413543075,0.39351663961038963,0.3287781554383117,0.28839032061688313,0.29202573892515005,70.8,Degraded,False,,False,0.5
0375_MVL.png,MVL,pan_resnet18_torch_cross_entropy_correct_clear_strict_files,0.3475533908435915,0.1005612559117794,0.07744866774347235,0.8219900763447483,0.31498465316144875,0.27944685528881014,0.5547651635552586,0.40531148538961037,0.36162705458603894,0.3292791193181818,0.3229802743694932,67.7,Degraded,False,,False,0.5
0376_MVL.png,MVL,GT,0.3394761073955607,0.14899413493224836,0.1968188253209132,0.6541870397468385,0.28287034344609224,0.25619397824183127,0.5437732782916035,0.4077465503246753,0.3437957842938312,0.2746677150974026,0.29923761022390954,70.08,Degraded,False,,False,0.5
0376_MVL.png,MVL,fpn_resnet18_torch_cross_entropy_correct_files,0.3530984459306646,0.2763811048839071,0.0,0.7236188951160929,0.28771332105586245,0.24756480525390995,0.5693322790840003,0.40401785714285715,0.32138950892857143,0.2806919642857143,0.2891392414643603,71.09,Degraded,False,,False,0.5
0376_MVL.png,MVL,fpn_resnet50_torch_cross_entropy_all_files,0.3419275629220381,0.24469668336010583,0.0001299253519795899,0.7551733912879146,0.2858545362023844,0.2504655749216507,0.56425985517631,0.3861099837662338,0.3247165432224026,0.29447798295454547,0.2907826506261716,70.92,Degraded,False,,False,0.5
0376_MVL.png,MVL,unet_resnet18_torch_cross_entropy_all_files,0.3267665018900843,0.18688666419478434,0.03160301569645285,0.7815103201087629,0.28233962553713937,0.2459355107311604,0.571299943014887,0.38139204545454547,0.32239929991883115,0.29168780438311687,0.2874422608480224,71.26,Degraded,False,,False,0.5
0376_MVL.png,MVL,pan_resnet18_torch_cross_entropy_correct_clear_strict_files,0.36649865917094765,0.0964428968131529,0.0819301802794552,0.8216269229073919,0.33260742786985886,0.30480963262672256,0.5110757072280836,0.41951603084415584,0.38100256189123377,0.34746601055194803,0.34362614290546795,65.64,Degraded,False,,False,0.5
0377_MVL.png,MVL,GT,0.33958918936383314,0.14894452042575965,0.19708628173871678,0.6539691978355235,0.282944977545152,0.25631756880452194,0.5436968460276246,0.408101663961039,0.3440301592938312,0.2746677150974026,0.2993908276224347,70.06,Degraded,False,,False,0.5
0377_MVL.png,MVL,fpn_resnet18_torch_cross_entropy_correct_files,0.3714863817001066,0.29137992889990544,0.0,0.7086200711000946,0.29896311912377627,0.26236758679630184,0.560436060743129,0.43167867288961037,0.3438754312094156,0.30062905844155846,0.3059493842597897,69.41,Degraded,False,,False,0.5
0377_MVL.png,MVL,fpn_resnet50_torch_cross_entropy_all_files,0.3420406448903105,0.2175884381051339,0.00011807490672082369,0.7822934869881453,0.29216277341604474,0.2581199367442867,0.5583379127253163,0.3928190949675325,0.3383679991883117,0.3115488027597403,0.3004320127234241,69.96,Degraded,False,,False,0.5
0377_MVL.png,MVL,unet_resnet18_torch_cross_entropy_all_files,0.3415115828244645,0.16501696999798962,0.05637350551672757,0.7786095244852829,0.2972078446576847,0.26365315058350564,0.5569946950139731,0.40626268262987014,0.35070807122564934,0.31383167613636365,0.30854152706261684,69.15,Degraded,False,,False,0.5
0377_MVL.png,MVL,pan_resnet18_torch_cross_entropy_correct_clear_strict_files,0.34235162030305966,0.26165225495169225,0.032264153169201004,0.7060835918791067,0.27857944815999486,0.2508615811951608,0.5577603373943795,0.409471387987013,0.32776798396915585,0.284471387987013,0.28993950239420907,71.01,Degraded,False,,False,0.5
0378_MVL.png,MVL,GT,0.33962957578107333,0.1492597657411261,0.1971817587252512,0.6535584755336227,0.282895867661788,0.2563490455921356,0.5435481355905776,0.4082284902597403,0.344113864650974,0.2746677150974026,0.2994190198365667,70.06,Degraded,False,,False,0.5
0378_MVL.png,MVL,fpn_resnet18_torch_cross_entropy_correct_files,0.3433532034506155,0.235788136490349,0.0,0.764211863509651,0.28911093341087524,0.25020690062152673,0.5675161449269527,0.3901937905844156,0.3275427404626624,0.29668476055194803,0.29281244639478554,70.72,Degraded,False,,False,0.5
0378_MVL.png,MVL,fpn_resnet50_torch_cross_entropy_all_files,0.3485751671997674,0.24668057003823426,0.0,0.7533194299617657,0.29096406416593973,0.25589990811571667,0.5629385014120984,0.3984882305194805,0.3345880681818182,0.3031148538961039,0.2978944189572242,70.21,Degraded,False,,False,0.5
0378_MVL.png,MVL,unet_resnet18_torch_cross_entropy_all_files,0.3262818648832025,0.16589924495605893,0.030251268721376408,0.8038494863225647,0.28665887208813934,0.25237339319344126,0.5615761585146907,0.3844231939935065,0.33369394277597403,0.3036855722402597,0.2951872566948638,70.48,Degraded,False,,False,0.5
0378_MVL.png,MVL,pan_resnet18_torch_cross_entropy_correct_clear_strict_files,0.3687804917450163,0.24920876545508305,0.026973158257860327,0.7238180762870566,0.3038232205744564,0.27393805218469935,0.5583412048354444,0.4489650974025974,0.3620814732142857,0.3140345982142857,0.318160971113461,68.18,Degraded,False,,False,0.5
0379_MVL.png,MVL,GT,0.3397063099738296,0.1492260503602254,0.1973631024561904,0.6534108471835842,0.2829465122290072,0.2564312007477088,0.5434996512338871,0.4084694602272727,0.3442729048295454,0.2746677150974026,0.29952247582483293,70.05,Degraded,False,,False,0.5
0379_MVL.png,MVL,fpn_resnet18_torch_cross_entropy_correct_files,0.3420850699492747,0.2606519249613355,0.0,0.7393480750386645,0.282344431520791,0.24146594935286225,0.5737270125853149,0.38507000811688313,0.3146693638392858,0.27999441964285715,0.28301085979781027,71.7,Degraded,False,,False,0.5
0379_MVL.png,MVL,fpn_resnet50_torch_cross_entropy_all_files,0.3376223708442377,0.23168018373645302,0.022907246584846528,0.7454125696787004,0.2825851345675423,0.24880687172781873,0.5649791438323568,0.3864016842532468,0.32425908076298704,0.2843065137987013,0.28912123419380314,71.09,Degraded,False,,False,0.5
0379_MVL.png,MVL,unet_resnet18_torch_cross_entropy_all_files,0.3331637103809247,0.1878318423158048,0.03959075811574175,0.7725773995684535,0.2867512762107848,0.2519658866528275,0.5601675711715537,0.3922103287337662,0.3337978135146104,0.2956574675324675,0.2951342742649279,70.49,Degraded,False,,False,0.5
0379_MVL.png,MVL,pan_resnet18_torch_cross_entropy_correct_clear_strict_files,0.35702804432813157,0.1249052633960386,0.0474078933972829,0.8276868432066785,0.321394785305806,0.2916928847571296,0.5385495314631871,0.43340351055194803,0.38594967532467533,0.357523336038961,0.33830617114875083,66.17,Degraded,False,,False,0.5
0380_MVR.png,MVR,GT,0.3015846378826745,0.06572602013778485,0.3974297827239004,0.5368441971383148,0.24755196221801357,0.2766322160510976,0.20210680965795233,0.3500279017857143,0.26452871347402596,0.11498072240259741,0.2630667388703437,73.69,Degraded,False,,False,0.5
0380_MVR.png,MVR,fpn_resnet18_torch_cross_entropy_correct_files,0.35041034369780805,0.1258266818700114,0.25233751425313566,0.6218358038768529,0.29080602370164377,0.34842755802853576,0.17496700022299308,0.44918070211038963,0.36516322544642854,0.26646205357142855,0.3378353646976253,66.22,Degraded,False,,False,0.5
0380_MVR.png,MVR,fpn_resnet50_torch_cross_entropy_all_files,0.3529635045829038,0.26818279582064547,0.00834286102400978,0.7234743431553448,0.2885409424719712,0.3507844042214671,0.18381244295596147,0.45747514204545453,0.36897511668019484,0.32538555194805197,0.33938765068010945,66.06,Degraded,False,,False,0.5
0380_MVR.png,MVR,unet_resnet18_torch_cross_entropy_all_files,0.4281319173079536,0.2853236523816634,0.07479095117216664,0.6398853964461699,0.3354003548054564,0.3773435771228953,0.2475398958472683,0.5069627637987013,0.3883086444805195,0.3125887784090909,0.3691466373707133,63.09,Degraded,False,,False,0.5
0380_MVR.png,MVR,pan_resnet18_torch_cross_entropy_correct_clear_strict_files,0.5600811897170347,0.02578187421527223,0.22970408629151923,0.7445140394932085,0.5066644291547799,0.5692987510501031,0.15698687683760104,0.6381011566558441,0.6114900821834416,0.573533887987013,0.5673849869348415,43.26,Unreliable,True,,False,0.0
0395_FV.png,FV,GT,0.08774079721541421,0.0,0.41772439834402436,0.5822756016559756,0.07527929682822268,0.12182416888496908,0.3448449348553621,0.14309095670391062,0.12597001571229052,0.09273524790502793,0.10951904599887374,89.05,Healthy,False,,False,1.0
0395_FV.png,FV,fpn_resnet18_torch_cross_entropy_correct_files,0.0868346891690151,0.024363335478532682,0.3451778983175508,0.6304587662039165,0.07522628751167562,0.12350229828399299,0.33105133329320446,0.1544168994413408,0.13418514315642457,0.0968815467877095,0.1132926330012704,88.67,Healthy,False,,False,1.0
0395_FV.png,FV,fpn_resnet50_torch_cross_entropy_all_files,0.10609447473674967,0.15241355957710975,0.18300161781857857,0.6645848226043116,0.08865915967459945,0.1448157299796428,0.31001313005903675,0.194570530726257,0.16329139752094973,0.1283606843575419,0.13535902590465254,86.46,Healthy,False,,False,1.0
0395_FV.png,FV,unet_resnet18_torch_cross_entropy_all_files,0.1225760611842473,0.42125830402500974,0.29344144848248016,0.2853002474925101,0.07575039317904217,0.1265728735999926,0.310273833687865,0.22720626745810055,0.1431954870810056,0.06640625,0.11797517486611267,88.2,Healthy,False,,False,1.0
0395_FV.png,FV,pan_resnet18_torch_cross_entropy_correct_clear_strict_files,0.04218391997509201,0.06557532172596518,0.051570779712339136,0.8828538985616957,0.0395908942128835,0.07027527474146744,0.40864095772621767,0.08663582402234637,0.08206409305167597,0.07811408868715083,0.06578548790697566,93.42,Healthy,False,,False,1.0
0396_FV.png,FV,GT,0.08537773129705176,0.0,0.39702650895320024,0.6029734910467998,0.07385267561331939,0.1192607593434543,0.3438873610733235,0.14060317737430167,0.1250923097067039,0.09498297835195531,0.10797095436971367,89.2,Healthy,False,,False,1.0
0396_FV.png,FV,fpn_resnet18_torch_cross_entropy_correct_files,0.08938536336130161,0.007859598981824678,0.41620149153753405,0.5759389094806413,0.076265876849139,0.12427867251364567,0.34019244161834616,0.14993234986033518,0.1301774179469274,0.09182960893854748,0.11223433198760636,88.78,Healthy,False,,False,1.0
0396_FV.png,FV,fpn_resnet50_torch_cross_entropy_all_files,0.08678678918418342,0.03375954374022629,0.22196670039554778,0.744273755864226,0.07827408371320681,0.13162031291390433,0.3175524131691591,0.15787578561452514,0.14435699633379886,0.12206485684357542,0.12071111752165288,87.93,Healthy,False,,False,1.0
0396_FV.png,FV,unet_resnet18_torch_cross_entropy_all_files,0.11524736350500156,0.29132031033527295,0.2957536713771128,0.41292601828761427,0.08116400954806365,0.13539957893516472,0.32700542822309697,0.20011347765363127,0.14396397084497206,0.0878033344972067,0.12255466488295733,87.74,Healthy,False,,False,1.0
0396_FV.png,FV,pan_resnet18_torch_cross_entropy_correct_clear_strict_files,0.06363912151427818,0.0,0.1640845512136988,0.8359154487863012,0.06008877463855469,0.10867747872730822,0.27709911560248923,0.13093575418994413,0.1266916899441341,0.11845321229050279,0.10130655198741252,89.87,Healthy,False,,False,1.0
0397_FV.png,FV,GT,0.0851581896999066,0.0,0.4111277772569607,0.5888722227430393,0.07325448463607986,0.11792866381272157,0.34301464829951317,0.14095233938547486,0.12356428945530729,0.08981101606145252,0.10678066031676334,89.32,Healthy,False,,False,1.0
0397_FV.png,FV,fpn_resnet18_torch_cross_entropy_correct_files,0.08322223197962654,0.0013909540025900523,0.43368986522135355,0.5649191807760564,0.07087317680682735,0.11669198789658111,0.34383731237974774,0.14313460195530725,0.1227724554818436,0.08336243016759777,0.10537853160375998,89.46,Healthy,False,,False,1.0
0397_FV.png,FV,fpn_resnet50_torch_cross_entropy_all_files,0.08815193875188607,0.06271508784640464,0.2179858721246151,0.7192990400289803,0.07791447457708305,0.12765492716821636,0.3346955083028383,0.1515690467877095,0.13418088774441342,0.10545783868715083,0.11534317562135518,88.47,Healthy,False,,False,1.0
0397_FV.png,FV,unet_resnet18_torch_cross_entropy_all_files,0.09018369644182946,0.3215597751515956,0.12012570265126367,0.5583145221971407,0.06707071634427315,0.11097545109497035,0.335321469298985,0.16300410265363127,0.11872370373603353,0.0832096717877095,0.10090333172618646,89.91,Healthy,False,,False,1.0
0397_FV.png,FV,pan_resnet18_torch_cross_entropy_correct_clear_strict_files,0.07527482616297171,0.011400996924382225,0.15823523173189097,0.8303637713437269,0.0706500427108198,0.11928015972841212,0.3186282397831829,0.13127400488826815,0.12770033170391062,0.12101737081005587,0.10805919341333382,89.19,Healthy,False,,False,1.0
0398_FV.png,FV,GT,0.08530188965440161,0.0,0.42737482452035563,0.5726251754796443,0.07290689041281803,0.11688162391372911,0.349176869824519,0.13736251745810055,0.1206236906424581,0.08813067388268156,0.10518603055494738,89.48,Healthy,False,,False,1.0
0398_FV.png,FV,fpn_resnet18_torch_cross_entropy_correct_files,0.09237911241328108,0.04995030894871019,0.4066888475997062,0.5433608434515836,0.07651383910395096,0.12489360948161515,0.33814399234344455,0.15536618365921787,0.1330947756634078,0.09046569483240223,0.11366014484103296,88.63,Healthy,False,,False,1.0
0398_FV.png,FV,fpn_resnet50_torch_cross_entropy_all_files,0.08658321424864882,0.03181042828823014,0.24563182886911622,0.7225577428426536,0.07750688562281956,0.1265588359389931,0.3380433498546645,0.1471390537709497,0.1318955132681564,0.10700724511173185,0.11397792177580636,88.6,Healthy,False,,False,1.0
0398_FV.png,FV,unet_resnet18_torch_cross_entropy_all_files,0.10446986691787548,0.29099801314381785,0.171595598349381,0.5374063885068011,0.07800648246461389,0.12734972774716202,0.34670018293319327,0.17316253491620112,0.13201368278631287,0.09649965083798882,0.11441233617805793,88.56,Healthy,False,,False,1.0
0398_FV.png,FV,pan_resnet18_torch_cross_entropy_correct_clear_strict_files,0.09501760324442564,0.009536212401277097,0.4677785246177113,0.5226852629810116,0.07929846480548615,0.13262255582075508,0.3212210404973062,0.15982891061452514,0.14119217004189946,0.10552330656424581,0.12005317420463214,87.99,Healthy,False,,False,1.0
0399_FV.png,FV,GT,0.08408842337199926,0.0,0.44018798063229847,0.5598120193677015,0.07150342085725006,0.11608612937139526,0.3419804505281746,0.13933746508379888,0.12227588163407821,0.08915633729050279,0.10518721772222489,89.48,Healthy,False,,False,1.0
0399_FV.png,FV,fpn_resnet18_torch_cross_entropy_correct_files,0.09722499421208516,0.17608900931970276,0.22736790245104077,0.5965430882292565,0.07823843814116126,0.12516041109493878,0.3484543154310995,0.15907603002793297,0.1292890188547486,0.09228788407821228,0.11273526231272946,88.73,Healthy,False,,False,1.0
0399_FV.png,FV,fpn_resnet50_torch_cross_entropy_all_files,0.09779580236466258,0.14024489795918368,0.17118367346938776,0.6885714285714286,0.08291455441039111,0.13523033904934045,0.3304172603764109,0.16505542946927373,0.14316373516061454,0.1179622032122905,0.1227089621021653,87.73,Healthy,False,,False,1.0
0399_FV.png,FV,unet_resnet18_torch_cross_entropy_all_files,0.11755055444232443,0.36646405650446534,0.21379333763455466,0.41974260586098,0.08014354028787893,0.13108360303292613,0.33201391095956717,0.20658388617318435,0.14084322625698326,0.08359156773743016,0.11970543349903483,88.03,Healthy,False,,False,1.0
0399_FV.png,FV,pan_resnet18_torch_cross_entropy_correct_clear_strict_files,0.06953481131397642,0.11888633754305396,0.14276693455797934,0.7383467278989667,0.06062082372007249,0.10133812385182428,0.3211595150821403,0.11508161662011174,0.10439365834497208,0.09481930865921788,0.09034514760955786,90.97,Healthy,False,,False,1.0
0400_FV.png,FV,GT,0.08479095648286378,0.0,0.39115902457395724,0.6088409754260428,0.07351426222048364,0.11847887132851874,0.34213553302532984,0.14151972765363127,0.12486251745810055,0.09252793296089386,0.10754294704794094,89.25,Healthy,False,,False,1.0
0400_FV.png,FV,fpn_resnet18_torch_cross_entropy_correct_files,0.09851430213713766,8.103727714748784e-05,0.49692058346839546,0.502998379254457,0.0818646665761889,0.1306826788750595,0.3531860313219459,0.15745024441340782,0.13500218226256983,0.09144771298882681,0.11776507654040246,88.22,Healthy,False,,False,1.0
0400_FV.png,FV,fpn_resnet50_torch_cross_entropy_all_files,0.08324219030663974,0.07403855375467536,0.10544739618298647,0.8205140500623381,0.07612848372598016,0.1255479391302938,0.3270347880210264,0.15404591480446927,0.13801392283519553,0.12220670391061453,0.1157084959909604,88.43,Healthy,False,,False,1.0
0400_FV.png,FV,unet_resnet18_torch_cross_entropy_all_files,0.12117099496251826,0.30606799314797734,0.10238503096587166,0.591546975886151,0.09210492491677377,0.15288770729385254,0.31952460352732776,0.21247599511173185,0.1658335151885475,0.13448193086592178,0.1398311957386069,86.02,Healthy,False,,False,1.0
0400_FV.png,FV,pan_resnet18_torch_cross_entropy_correct_clear_strict_files,0.025913891793934267,0.030036968576709795,0.0,0.9699630314232902,0.025392380709079444,0.05078941378382631,0.22263649508139022,0.068359375,0.06693381197625699,0.0662316689944134,0.04962806313837452,95.04,Healthy,False,,False,1.0
0401_FV.png,FV,GT,0.09307765385874295,0.0,0.4057380564370872,0.5942619435629127,0.08023750409145705,0.1279563226607797,0.3544796436302157,0.1473136347765363,0.1301110771648045,0.09671787709497207,0.11450257889159282,88.55,Healthy,False,,False,1.0
0401_FV.png,FV,fpn_resnet18_torch_cross_entropy_correct_files,0.09410750353262388,0.047633186291143534,0.3882762130980658,0.5640906006107906,0.07868063483446563,0.126852120128925,0.343042849670649,0.15275837988826815,0.13438471106843575,0.103515625,0.1154137109163915,88.46,Healthy,False,,False,1.0
0401_FV.png,FV,fpn_resnet50_torch_cross_entropy_all_files,0.09355266204165702,0.05499850663480821,0.1700302939796049,0.7749711993855869,0.08469703259593968,0.13816281293294916,0.33663113469757255,0.15712290502793297,0.14480588774441344,0.12734593226256982,0.12478030875643203,87.52,Healthy,False,,False,1.0
0401_FV.png,FV,unet_resnet18_torch_cross_entropy_all_files,0.12679125984943437,0.3561893968014104,0.09155018259665029,0.5522604206019393,0.09258627984767806,0.14761855368280538,0.35269000812326584,0.19311932611731844,0.15808910178072627,0.13239787011173185,0.13529709077143554,86.47,Healthy,False,,False,1.0
0401_FV.png,FV,pan_resnet18_torch_cross_entropy_correct_clear_strict_files,0.10452575023351243,0.285037806461468,0.14809440158863516,0.5668677919498969,0.0793008198880737,0.12693667392160257,0.34873662307293746,0.16553552723463688,0.1415821403631285,0.12435623254189944,0.11850410428815428,88.15,Healthy,False,,False,1.0
0402_FV.png,FV,GT,0.08637963931311422,0.0,0.3845656192236599,0.6154343807763402,0.07508530188965441,0.12212971660558436,0.34538675055972945,0.14273088337988826,0.1262294867318436,0.09419736382681564,0.10965630024130907,89.03,Healthy,False,,False,1.0
0402_FV.png,FV,fpn_resnet18_torch_cross_entropy_correct_files,0.09504155323684148,0.0024779504409911802,0.4145737085258295,0.5829483410331794,0.08148717477906131,0.13637113123800135,0.31962954272879057,0.17149310405027932,0.15177527060055868,0.11349947625698324,0.12606760004534226,87.39,Healthy,False,,False,1.0
0402_FV.png,FV,fpn_resnet50_torch_cross_entropy_all_files,0.0941593951828582,0.0,0.24816651829242445,0.7518334817075756,0.08621454403206107,0.1428931683166828,0.3190820950458579,0.17283519553072627,0.15827775837988828,0.13001920391061453,0.13204341705657846,86.8,Healthy,False,,False,1.0
0402_FV.png,FV,unet_resnet18_torch_cross_entropy_all_files,0.0987019104110617,0.31123872689772314,0.04193796255105755,0.6468233105512193,0.07671222487446212,0.13352700961580602,0.2966474768856712,0.19088250698324022,0.15296602217178773,0.13067388268156424,0.12425817921579554,87.57,Healthy,False,,False,1.0
0402_FV.png,FV,pan_resnet18_torch_cross_entropy_correct_clear_strict_files,0.13029195040754904,0.01896387978309488,0.22159247572071933,0.7594436444961857,0.11882010362363386,0.18175113482764316,0.1887696320454409,0.2393178247206704,0.227233000174581,0.20719491969273743,0.1810645716052155,81.89,Healthy,False,,False,1.0
0403_FV.png,FV,GT,0.08774079721541421,0.0,0.41786087985078024,0.5821391201492198,0.07527522532951197,0.12183118349878352,0.34477059972100144,0.14309095670391062,0.12602937325418995,0.09290982891061453,0.10954367195016464,89.05,Healthy,False,,False,1.0
0403_FV.png,FV,fpn_resnet18_torch_cross_entropy_correct_files,0.09894939366602534,0.04025979264996571,0.39497357698979385,0.5647666303602404,0.08299231205243453,0.13525006517456525,0.3382072250348473,0.1668448847765363,0.1423099249301676,0.09739437849162011,0.12239668314016697,87.76,Healthy,False,,False,1.0
0403_FV.png,FV,fpn_resnet50_torch_cross_entropy_all_files,0.08749730562585321,0.010127737226277373,0.25136861313868614,0.7385036496350365,0.0794255993485602,0.13028896891162567,0.32592272799840827,0.1588905377094972,0.14349412971368716,0.11571447276536313,0.12031202236353063,87.97,Healthy,False,,False,1.0
0403_FV.png,FV,unet_resnet18_torch_cross_entropy_all_files,0.13201634986148922,0.36231971698968946,0.23683971819913524,0.4008405648111753,0.08933814195958839,0.14756878502276974,0.33095941870473705,0.2196992842178771,0.1527420129189944,0.0924297311452514,0.1321688832623052,86.78,Healthy,False,,False,1.0
0403_FV.png,FV,pan_resnet18_torch_cross_entropy_correct_clear_strict_files,0.043648861177860626,0.0,0.147599451303155,0.852400548696845,0.04145839487150829,0.07583538024425725,0.36328715028492503,0.09300803072625698,0.08931673358938547,0.08215127444134078,0.07091482597048385,92.91,Healthy,False,,False,1.0
0435_MVL.png,MVL,GT,1.0,0.0,0.12339665923556589,0.8766033407644341,0.9580451358599077,0.9816843442938111,0.023173075881365125,1.0,0.9983269074675325,0.9950791396103896,0.9812496070331287,1.88,Unreliable,True,,False,0.0
0435_MVL.png,MVL,fpn_resnet18_torch_cross_entropy_correct_files,1.0,0.0,0.10623647055022455,0.8937635294497754,0.9638796000129236,0.9855138861916778,0.021796106805628372,1.0,0.9976024756493508,0.9929484577922078,0.9838590361211206,1.61,Unreliable,True,,False,0.0
0435_MVL.png,MVL,fpn_resnet50_torch_cross_entropy_all_files,1.0,0.0,0.15319779651707538,0.8468022034829247,0.9479127491841943,0.9732823987336934,0.030298160207919814,1.0,0.9900994318181816,0.9708806818181818,0.9723983171026389,2.76,Unreliable,True,,False,0.0
0435_MVL.png,MVL,unet_resnet18_torch_cross_entropy_all_files,1.0,0.0,0.13383654809214565,0.8661634519078544,0.9544955736486704,0.9768751382866324,0.024218930431236196,1.0,0.9916216010551948,0.9753576501623377,0.9760598540026688,2.39,Unreliable,True,,False,0.0
0435_MVL.png,MVL,pan_resnet18_torch_cross_entropy_correct_clear_strict_files,0.7164429259151562,0.0,0.0,1.0,0.7164429259151562,0.874144329987558,0.11772506163856772,0.9740132913961039,0.9740132913961039,0.9740132913961039,0.8667814933292559,13.32,Unreliable,True,,False,0.0
0436_MVL.png,MVL,GT,1.0,0.0,0.12339665923556589,0.8766033407644341,0.9580451358599077,0.9816843442938111,0.023173075881365125,1.0,0.9983269074675325,0.9950791396103896,0.9812496070331287,1.88,Unreliable,True,,False,0.0
0436_MVL.png,MVL,fpn_resnet18_torch_cross_entropy_correct_files,1.0,0.0,0.11575151045200478,0.8842484895479952,0.9606444864463184,0.9826903091614282,0.020519033646284702,1.0,0.9979086343344157,0.993848924512987,0.9821638924160903,1.78,Unreliable,True,,False,0.0
0436_MVL.png,MVL,fpn_resnet50_torch_cross_entropy_all_files,0.9992932376982973,0.0,0.14325090024370232,0.8567490997562976,0.9506223546896708,0.9768241138654896,0.025248751378589424,1.0,0.9998447646103897,0.9995434253246753,0.9781718464107041,2.18,Unreliable,True,,False,0.0
0436_MVL.png,MVL,unet_resnet18_torch_cross_entropy_all_files,1.0,0.0,0.04111337275047656,0.9588866272495234,0.9860214532648379,0.9959076612544107,0.013646925475184282,1.0,1.0,1.0,0.9945787343557746,0.54,Unreliable,True,,False,0.0
0436_MVL.png,MVL,pan_resnet18_torch_cross_entropy_correct_clear_strict_files,0.9985582049045265,0.0,0.11995906993298308,0.8800409300670169,0.9578309263028658,0.9808793979281888,0.019887865275631602,1.0,0.9993186891233766,0.9979961444805194,0.981340572918667,1.87,Unreliable,True,,False,0.0
0437_MVL.png,MVL,GT,1.0,0.0,0.12339665923556589,0.8766033407644341,0.9580451358599077,0.9816843442938111,0.023173075881365125,1.0,0.9983269074675325,0.9950791396103896,0.9812496070331287,1.88,Unreliable,True,,False,0.0
0437_MVL.png,MVL,fpn_resnet18_torch_cross_entropy_correct_files,1.0,0.0,0.1198790022939485,0.8801209977060515,0.9592411392200575,0.9823678574792918,0.021756526751256278,1.0,0.9979258827110389,0.9938996550324676,0.9816530520942204,1.83,Unreliable,True,,False,0.0
0437_MVL.png,MVL,fpn_resnet50_torch_cross_entropy_all_files,1.0,0.0,0.17436027915091595,0.825639720849084,0.9407175050886886,0.9654928785688294,0.03444042648510072,1.0,0.975757406655844,0.9286982548701299,0.9621660777595928,3.78,Unreliable,True,,False,0.0
0437_MVL.png,MVL,unet_resnet18_torch_cross_entropy_all_files,1.0,0.0,0.12419227165519692,0.875807728344803,0.9577746276372331,0.9669351313821796,0.015231091148504699,1.0,0.9600786323051947,0.8825842126623377,0.9614443806279016,3.86,Unreliable,True,,False,0.0
0437_MVL.png,MVL,pan_resnet18_torch_cross_entropy_correct_clear_strict_files,0.7454363348518627,0.004783937239944521,0.07400203710124827,0.9212140256588072,0.7242913395366871,0.8590450029316672,0.14298327500058652,0.970601663961039,0.9477949979707792,0.903523234577922,0.8541189019288179,14.59,Unreliable,True,,False,0.0
0438_MVL.png,MVL,GT,1.0,0.0,0.12339665923556589,0.8766033407644341,0.9580451358599077,0.9816843442938111,0.023173075881365125,1.0,0.9983269074675325,0.9950791396103896,0.9812496070331287,1.88,Unreliable,True,,False,0.0
0438_MVL.png,MVL,fpn_resnet18_torch_cross_entropy_correct_files,1.0,0.0,0.07655649252043553,0.9234435074795645,0.9739707925430519,0.9886361424165238,0.016140189624781243,1.0,0.9942088575487014,0.9829672280844156,0.9864656235073532,1.35,Unreliable,True,,False,0.0
0438_MVL.png,MVL,fpn_resnet50_torch_cross_entropy_all_files,1.0,0.0,0.1454597589738619,0.8545402410261381,0.9505436819488869,0.9734852793441859,0.030406022957399248,1.0,0.9804791497564936,0.942585734577922,0.9694003482905194,3.06,Unreliable,True,,False,0.0
0438_MVL.png,MVL,unet_resnet18_torch_cross_entropy_all_files,1.0,0.0,0.024336855028916676,0.9756631449710833,0.9917254692901684,0.9975011178753767,0.018287538579997546,1.0,1.0,1.0,0.9967679761496635,0.32,Unreliable,True,,False,0.0
0438_MVL.png,MVL,pan_resnet18_torch_cross_entropy_correct_clear_strict_files,1.0,0.0,0.067752253562082,0.932247746437918,0.9769642337888922,0.9918739318696194,0.014854560710191905,1.0,1.0,1.0,0.9906514496975535,0.93,Unreliable,True,,False,0.0
0439_MVL.png,MVL,GT,1.0,0.0,0.12339665923556589,0.8766033407644341,0.9580451358599077,0.9816843442938111,0.023173075881365125,1.0,0.9983269074675325,0.9950791396103896,0.9812496070331287,1.88,Unreliable,True,,False,0.0
0439_MVL.png,MVL,fpn_resnet18_torch_cross_entropy_correct_files,1.0,0.005520823236729023,0.09859939905011146,0.8958797777131595,0.9627772527543537,0.9854404858655534,0.02353418919198483,1.0,0.9964209618506494,0.9894734172077922,0.9830337063262319,1.7,Unreliable,True,,False,0.0
0439_MVL.png,MVL,fpn_resnet50_torch_cross_entropy_all_files,0.9999111498820716,0.0,0.17761101193120774,0.8223889880687922,0.9395287712836419,0.9657439027694928,0.02987853562183559,1.0,0.9876932832792208,0.9638037743506493,0.9666591155276287,3.33,Unreliable,True,,False,0.0
0439_MVL.png,MVL,unet_resnet18_torch_cross_entropy_all_files,1.0,0.0,0.04982876159090175,0.9501712384090982,0.9830582210590935,0.993940671981327,0.011377488147422768,1.0,1.0,1.0,0.9930996679121261,0.69,Unreliable,True,,False,0.0
0439_MVL.png,MVL,pan_resnet18_torch_cross_entropy_correct_clear_strict_files,0.0,0.0,0.0,0.0,0.0,0.0,,0.0,0.0,0.0,0.0,100.0,Healthy,False,,False,1.0
0440_MVL.png,MVL,GT,1.0,0.0,0.12339665923556589,0.8766033407644341,0.9580451358599077,0.9816843442938111,0.023173075881365125,1.0,0.9983269074675325,0.9950791396103896,0.9812496070331287,1.88,Unreliable,True,,False,0.0
0440_MVL.png,MVL,fpn_resnet18_torch_cross_entropy_correct_files,1.0,0.0,0.12266970372524312,0.8773302962747569,0.9582923007334173,0.9814880144139436,0.02177734672252651,1.0,0.9982579139610389,0.9948762175324676,0.9812372601286238,1.88,Unreliable,True,,False,0.0
0440_MVL.png,MVL,fpn_resnet50_torch_cross_entropy_all_files,1.0,8.077283448030759e-05,0.13966430809989985,0.8602549190656199,0.9524600174469322,0.9760148197247873,0.02571710805062774,1.0,0.9932903814935063,0.980265827922078,0.9758586037489183,2.41,Unreliable,True,,False,0.0
0440_MVL.png,MVL,unet_resnet18_torch_cross_entropy_all_files,1.0,0.0,0.0853203450615489,0.914679654938451,0.9709910826790734,0.985743681235969,0.010740554376587268,1.0,0.9950324675324677,0.9853896103896104,0.9850334161874998,1.5,Unreliable,True,,False,0.0
0440_MVL.png,MVL,pan_resnet18_torch_cross_entropy_correct_clear_strict_files,0.0009894672223837678,0.0,0.0,1.0,0.0009894672223837678,0.0003708595492743995,0.9898088881567648,0.0,0.0,0.0,0.0004080980314974502,99.96,Healthy,False,,False,1.0
0441_MVL.png,MVL,GT,1.0,0.0,0.12339665923556589,0.8766033407644341,0.9580451358599077,0.9816843442938111,0.023173075881365125,1.0,0.9983269074675325,0.9950791396103896,0.9812496070331287,1.88,Unreliable,True,,False,0.0
0441_MVL.png,MVL,fpn_resnet18_torch_cross_entropy_correct_files,1.0,0.0,0.09573196342606055,0.9042680365739395,0.9674511324351395,0.9878581660437731,0.017518431744901745,1.0,0.9992669439935065,0.997843952922078,0.9862995671410764,1.37,Unreliable,True,,False,0.0
0441_MVL.png,MVL,fpn_resnet50_torch_cross_entropy_all_files,0.9999111498820716,0.0,0.2081660513922435,0.7918339486077565,0.9291409809053018,0.9564858255489717,0.03612297460480514,1.0,0.9715488027597402,0.9163200081168831,0.954307563040178,4.57,Unreliable,True,,False,0.0
0441_MVL.png,MVL,unet_resnet18_torch_cross_entropy_all_files,1.0,0.0,0.13443830570902393,0.8655616942909761,0.9542909760589319,0.9751079456746538,0.021464761306444747,1.0,0.9889696631493506,0.9675578327922078,0.9744075417798159,2.56,Unreliable,True,,False,0.0
0441_MVL.png,MVL,pan_resnet18_torch_cross_entropy_correct_clear_strict_files,1.0,0.0,0.14035491583470647,0.8596450841652935,0.9522793286161998,0.9748224894372345,0.01695146131029023,1.0,0.9985080154220779,0.995611810064935,0.9775337515848614,2.25,Unreliable,True,,False,0.0
0532_MVR.png,MVR,GT,0.32894221625552383,0.39334604686190433,0.0,0.6066539531380957,0.2422521755807542,0.34029629535872524,0.16286431241018628,0.559963474025974,0.4399722250405843,0.38087205762987014,0.35075343129807757,64.92,Degraded,False,,False,0.5
0532_MVR.png,MVR,fpn_resnet18_torch_cross_entropy_correct_files,0.36684007383789224,0.478074761469089,0.0,0.521925238530911,0.24933749670366553,0.3458703158940204,0.1561961853019378,0.6168323863636364,0.43165787337662337,0.3404525162337662,0.35122549312995516,64.88,Degraded,False,,False,0.5
0532_MVR.png,MVR,fpn_resnet50_torch_cross_entropy_all_files,0.32422346350857845,0.2882458778005077,0.007776107263451064,0.7039780149360412,0.26075068523801537,0.36660795504763777,0.15350502778524125,0.5534446022727273,0.46656808035714287,0.42006138392857145,0.3748348242285531,62.52,Degraded,False,,False,0.5
0532_MVR.png,MVR,unet_resnet18_torch_cross_entropy_all_files,0.35805783968227334,0.298134220099538,0.06328252282009507,0.6385832570803669,0.27883181901725285,0.38790257961194086,0.17444843493775727,0.604783887987013,0.49385729504870135,0.420606737012987,0.39756323760823864,60.24,Degraded,False,,False,0.5
0532_MVR.png,MVR,pan_resnet18_torch_cross_entropy_correct_clear_strict_files,0.34060924252231517,0.20683425809705913,0.010017947845671988,0.7831477940572689,0.29224782042368885,0.3973859845334045,0.16258422436901185,0.573825588474026,0.4983157467532467,0.46089945211038963,0.40621644018842673,59.38,Degraded,False,,False,0.5
0533_MVR.png,MVR,GT,0.32894221625552383,0.3909288568756301,0.0,0.6090711431243699,0.24278490318765533,0.34118441676617495,0.16339119212086828,0.559963474025974,0.44134879768668833,0.38292664366883117,0.3517303150608244,64.83,Degraded,False,,False,0.5
0533_MVR.png,MVR,fpn_resnet18_torch_cross_entropy_correct_files,0.3645666019386442,0.4341922120053045,0.010291200420854203,0.5555165875738413,0.25723535428603395,0.3548177705338245,0.16271786359388699,0.610554484577922,0.44546773538961043,0.364156351461039,0.3618030316018017,63.82,Degraded,False,,False,0.5
0533_MVR.png,MVR,fpn_resnet50_torch_cross_entropy_all_files,0.35249602442084405,0.36631452472172477,0.00053274693387137,0.6331527283444038,0.26591881827407926,0.3727694545103467,0.16064661037988054,0.6010044642857143,0.4759755478896104,0.41410054788961037,0.381996700991172,61.8,Degraded,False,,False,0.5
0533_MVR.png,MVR,unet_resnet18_torch_cross_entropy_all_files,0.29249075028568233,0.2928938309382001,0.024834708485875087,0.6822714605759248,0.2326229632648495,0.3302943339559594,0.0870789559955363,0.4790609780844156,0.39770355620941567,0.35057325487012986,0.32795661165000894,67.2,Degraded,False,,False,0.5
0533_MVR.png,MVR,pan_resnet18_torch_cross_entropy_correct_clear_strict_files,0.3371051390853371,0.26258148631029987,0.0025601517126940857,0.734858361977006,0.27750493451282177,0.391637318638456,0.14963164987525604,0.5808264001623377,0.5018743658685066,0.46226917613636365,0.401492422292786,59.85,Degraded,False,,False,0.5
0534_MVR.png,MVR,GT,0.32894221625552383,0.38880318728971053,0.0,0.6111968127102895,0.24325338223895032,0.3419704268057094,0.16388679171738724,0.559963474025974,0.4426064072646104,0.38480367288961037,0.3526097056192421,64.74,Degraded,False,,False,0.5
0534_MVR.png,MVR,fpn_resnet18_torch_cross_entropy_correct_files,0.3805288519166687,0.4715974715974716,0.0012285012285012285,0.5271740271740272,0.2601340908909293,0.35824877936357613,0.1628905866848313,0.632330560064935,0.44431792816558446,0.35171469155844154,0.36324203234258545,63.68,Degraded,False,,False,0.5
0534_MVR.png,MVR,fpn_resnet50_torch_cross_entropy_all_files,0.345863399899312,0.3673205332593979,0.0,0.6326794667406022,0.26074477181374317,0.36215772477920655,0.16315778496867378,0.5661272321428571,0.4538260957792208,0.3985135957792208,0.3684011872895733,63.16,Degraded,False,,False,0.5
0534_MVR.png,MVR,unet_resnet18_torch_cross_entropy_all_files,0.3670718161404518,0.31603352563404813,0.047926417764232065,0.6360400566017198,0.28336569734455286,0.3944286375397497,0.17384549943389474,0.6158811891233766,0.4978918932629871,0.42814021915584416,0.40249505777048566,59.75,Degraded,False,,False,0.5
0534_MVR.png,MVR,pan_resnet18_torch_cross_entropy_correct_clear_strict_files,0.3539424160333709,0.2003747855143141,0.006231373611487402,0.7933938408741985,0.3056753689896835,0.4222207122747711,0.16360155522431638,0.5912007913961039,0.5377371651785714,0.5107421875,0.43346369045076494,56.65,Unreliable,True,,False,0.0
0535_MVR.png,MVR,GT,0.32894221625552383,0.3855600228357647,0.0,0.6144399771642353,0.2439681474200689,0.3432656596806819,0.1642814113811677,0.559963474025974,0.44446732954545454,0.38758116883116883,0.3539570739484071,64.6,Degraded,False,,False,0.5
0535_MVR.png,MVR,fpn_resnet18_torch_cross_entropy_correct_files,0.36103452960308136,0.42349959605573323,0.0,0.5765004039442667,0.25859288471220004,0.3567447599311013,0.16546551501407827,0.6047077922077922,0.4435893110795455,0.3642324472402597,0.36203701782480857,63.8,Degraded,False,,False,0.5
0535_MVR.png,MVR,fpn_resnet50_torch_cross_entropy_all_files,0.33689737012442167,0.29430252140705426,0.0,0.7056974785929457,0.27046704065079635,0.3701737326845787,0.17095770577890124,0.5426263189935064,0.4636008522727273,0.4246778612012987,0.3776325729097034,62.24,Degraded,False,,False,0.5
0535_MVR.png,MVR,unet_resnet18_torch_cross_entropy_all_files,0.4077825458090603,0.3348161357646067,0.062395281160897126,0.6027885830744961,0.30765512749822205,0.423422235878587,0.18129690727026454,0.680372362012987,0.530220424107143,0.44796316964285715,0.4314113786558999,56.86,Degraded,False,,False,0.5
0535_MVR.png,MVR,pan_resnet18_torch_cross_entropy_correct_clear_strict_files,0.36699590055857884,0.12116362369489717,0.022155447409391297,0.8566809288957116,0.3344387840721118,0.4542967757390707,0.15447340717574903,0.591505174512987,0.5654380580357143,0.5520368303571429,0.46279589115764047,53.72,Unreliable,True,,False,0.0
0536_MVR.png,MVR,GT,0.32894221625552383,0.40518906312631336,0.0,0.5948109368736867,0.23964207800925372,0.3358210126405947,0.1606652346987757,0.559963474025974,0.4332253196022727,0.370802049512987,0.3459290550358636,65.41,Degraded,False,,False,0.5
0536_MVR.png,MVR,fpn_resnet18_torch_cross_entropy_correct_files,0.3542500739178034,0.3893481914257678,0.01299331160262122,0.597658496971611,0.2602742550284084,0.35926925748468125,0.15746052092646914,0.580471286525974,0.4458258928571429,0.37234933035714285,0.36419341089678403,63.58,Degraded,False,,False,0.5
0536_MVR.png,MVR,fpn_resnet50_torch_cross_entropy_all_files,0.34210757637507094,0.28492677115694565,0.007194412650954194,0.7078788161921001,0.27596209015574685,0.38458697320223323,0.1579467223918641,0.5684227881493507,0.4859173346185065,0.44231939935064934,0.39253165285479663,60.75,Degraded,False,,False,0.5
0536_MVR.png,MVR,unet_resnet18_torch_cross_entropy_all_files,0.3610025651475559,0.34486613319166365,0.06567719228342797,0.5894566745249085,0.2695279249474584,0.3708032322430197,0.15833606512930376,0.5845931412337663,0.4622824928977273,0.384080762987013,0.37701234431623437,62.3,Degraded,False,,False,0.5
0536_MVR.png,MVR,pan_resnet18_torch_cross_entropy_correct_clear_strict_files,0.36510999768257696,0.1482616356055549,0.0980312763326366,0.7537070880618085,0.31667234035752245,0.4245055254984513,0.13929115115876547,0.5685876623376623,0.516370611810065,0.47718394886363635,0.42890160448081815,57.11,Degraded,False,,False,0.5
0537_MVR.png,MVR,GT,0.32894221625552383,0.3999781359699734,0.0,0.6000218640300266,0.24079052094071396,0.3378235253406494,0.1615510815555956,0.559963474025974,0.4362078936688312,0.3752536525974026,0.34806737135194155,65.19,Degraded,False,,False,0.5
0537_MVR.png,MVR,fpn_resnet18_torch_cross_entropy_correct_files,0.3901581441437122,0.4586371456660659,0.022857611010978208,0.5185052433229559,0.2672355141083116,0.3574993200130095,0.15945270279816248,0.6086394074675324,0.43703188413149346,0.3513468952922078,0.3622332038889937,63.78,Degraded,False,,False,0.5
0537_MVR.png,MVR,fpn_resnet50_torch_cross_entropy_all_files,0.32832690048665886,0.2954741825173719,0.012656225280809999,0.6918695922018181,0.26191594946419583,0.36127362769239313,0.14802729658813032,0.5383903206168831,0.4463626217532468,0.39839945211038963,0.3655019218482754,63.45,Degraded,False,,False,0.5
0537_MVR.png,MVR,unet_resnet18_torch_cross_entropy_all_files,0.31806631026298754,0.29999371898750077,0.03745995854531751,0.6625463224671817,0.2500853051406835,0.3481004816960706,0.12865947354522048,0.5174259334415584,0.42901100852272733,0.3783608969155844,0.35106013946011716,64.89,Degraded,False,,False,0.5
0537_MVR.png,MVR,pan_resnet18_torch_cross_entropy_correct_clear_strict_files,0.3635597215895924,0.44665955973667726,0.0,0.5533404402633227,0.2547601467168509,0.3361248923376445,0.13795468211216752,0.515422077922078,0.3992036576704545,0.3419617491883117,0.3369469747845304,66.31,Degraded,False,,False,0.5
0538_MVR.png,MVR,GT,0.32894221625552383,0.3975002125669586,0.0,0.6024997874330414,0.24133663366336633,0.3386764088364733,0.16220916871457403,0.559963474025974,0.4375079900568182,0.3771940949675325,0.34900710877267915,65.1,Degraded,False,,False,0.5
0538_MVR.png,MVR,fpn_resnet18_torch_cross_entropy_correct_files,0.35331111803674314,0.41137222084002445,0.0003505756225544523,0.5882772035374211,0.25588961075284283,0.35570643191147105,0.15759306508686477,0.6021332183441559,0.44680993810876624,0.37030742694805197,0.3622027880428007,63.78,Degraded,False,,False,0.5
0538_MVR.png,MVR,fpn_resnet50_torch_cross_entropy_all_files,0.3249346726440199,0.20048202252717526,0.004660370862230092,0.7948576066105947,0.2807736197348548,0.3896207161912155,0.14074798203782923,0.5497285917207793,0.48908012885551955,0.45684101055194803,0.396750352320029,60.32,Degraded,False,,False,0.5
0538_MVR.png,MVR,unet_resnet18_torch_cross_entropy_all_files,0.3807725808900503,0.29886987271639787,0.09959181103684193,0.6015383162467602,0.29163218501026855,0.41257139117106,0.1652832518771119,0.6623249797077922,0.525326958198052,0.43197037337662336,0.42139185613361935,57.86,Degraded,False,,False,0.5
0538_MVR.png,MVR,pan_resnet18_torch_cross_entropy_correct_clear_strict_files,0.3906695754321195,0.153115283914253,0.0286368843069874,0.8182478317787596,0.346788091642094,0.46796176250579985,0.15213413997602138,0.6303393871753247,0.5782224025974027,0.5518719561688312,0.47571391728332924,52.43,Unreliable,True,,False,0.0
0539_MVR.png,MVR,GT,0.32894221625552383,0.39516804936412114,0.0,0.6048319506358789,0.24185062210821567,0.3395330231500753,0.16269948379864224,0.559963474025974,0.4388930600649351,0.37926136363636365,0.34997231760346137,65.0,Degraded,False,,False,0.5
0539_MVR.png,MVR,fpn_resnet18_torch_cross_entropy_correct_files,0.3705279728941417,0.44374831509138946,0.0,0.5562516849086105,0.2603657932379194,0.35391427328208974,0.1580509188850708,0.5954875202922078,0.43758104200487014,0.3598062094155844,0.3593164367579508,64.07,Degraded,False,,False,0.5
0539_MVR.png,MVR,fpn_resnet50_torch_cross_entropy_all_files,0.349355516665468,0.33507937234091223,0.00017155405096299007,0.6647490736081249,0.2709037150688435,0.3722329862026236,0.1570826367309789,0.5709593141233766,0.4678896103896104,0.41703023538961037,0.3800968545372843,61.99,Degraded,False,,False,0.5
0539_MVR.png,MVR,unet_resnet18_torch_cross_entropy_all_files,0.34507227962505693,0.33171228752721044,0.025867259506275764,0.6424204529665138,0.26534605518663246,0.3661079246564315,0.1606848704334966,0.570020799512987,0.46098150872564936,0.4033964082792208,0.37382879744317893,62.62,Degraded,False,,False,0.5
0539_MVR.png,MVR,pan_resnet18_torch_cross_entropy_correct_clear_strict_files,0.37685693508818197,0.2979781380209714,0.0003392741653325417,0.7016825878136961,0.30157572779069675,0.40784433323168034,0.13734204953383483,0.6033761160714286,0.5067526126217532,0.4591619318181818,0.4155270633554144,58.45,Degraded,False,,False,0.5
0540_RV.png,RV,GT,0.17866716993433215,0.0,0.5033489377025567,0.49665106229744327,0.14809031367015094,0.12672134367782845,0.657856741941569,0.1680233065642458,0.1370349598463687,0.07688111033519553,0.13725748114294128,86.27,Healthy,False,,False,1.0
0540_RV.png,RV,fpn_resnet18_torch_cross_entropy_correct_files,0.20372475261963688,0.2716592626902752,0.09992210034317957,0.6284186369665452,0.1597232170813621,0.14737824777830297,0.6485702671210565,0.21260693086592178,0.17164891759776538,0.1427854399441341,0.1607900064970057,83.92,Healthy,False,,False,1.0
0540_RV.png,RV,fpn_resnet50_torch_cross_entropy_all_files,0.1828663095181927,0.23108317305436976,0.0,0.7689168269456302,0.15455390039589437,0.13458990698412124,0.6781556902716959,0.1829936277932961,0.1568217527932961,0.1439311277932961,0.14947184333132313,85.05,Healthy,False,,False,1.0
0540_RV.png,RV,unet_resnet18_torch_cross_entropy_all_files,0.19800294240015784,0.2659055953902476,0.10525745727097459,0.6288369473387778,0.15564134458250944,0.1420774525464973,0.6521769335729797,0.2102828212290503,0.1682006153980447,0.14362561103351956,0.1565958852979199,84.34,Healthy,False,,False,1.0
0540_RV.png,RV,pan_resnet18_torch_cross_entropy_correct_clear_strict_files,0.07103794666792483,0.036831300567564305,0.0,0.9631686994324357,0.06928494529108745,0.07183086413174061,0.6103102016653541,0.1062980097765363,0.10573509514664804,0.10545783868715083,0.08462878088550764,91.54,Healthy,False,,False,1.0
0541_RV.png,RV,GT,0.17866716993433215,0.0,0.5033489377025567,0.49665106229744327,0.14809031367015094,0.12672134367782845,0.657856741941569,0.1680233065642458,0.1370349598463687,0.07688111033519553,0.13725748114294128,86.27,Healthy,False,,False,1.0
0541_RV.png,RV,fpn_resnet18_torch_cross_entropy_correct_files,0.19630012481609999,0.263361447362671,0.11917143731154133,0.6174671153257877,0.1537087967470608,0.13985744596905045,0.6376548218586814,0.19920783868715083,0.15767392632681565,0.12580743715083798,0.15113944334555962,84.89,Healthy,False,,False,1.0
0541_RV.png,RV,fpn_resnet50_torch_cross_entropy_all_files,0.18523395512625299,0.23732228036863798,0.00011577826147362571,0.7625619413698884,0.15577336656043717,0.13652659044256166,0.6720658182345285,0.1836810405027933,0.15749792685055866,0.14457489525139663,0.15068915784112313,84.93,Healthy,False,,False,1.0
0541_RV.png,RV,unet_resnet18_torch_cross_entropy_all_files,0.17313408508940864,0.19254304471695777,0.06768239811718073,0.7397745571658615,0.14681495905946135,0.1264969404728627,0.6756905855538028,0.1667030377094972,0.14335195530726255,0.12670216480446927,0.13933435198260224,86.07,Healthy,False,,False,1.0
0541_RV.png,RV,pan_resnet18_torch_cross_entropy_correct_clear_strict_files,0.031868853021536137,0.12301480484522208,0.0,0.8769851951547779,0.029242224729028963,0.03140661173340565,0.5212584427419616,0.04336155726256983,0.04293023306564246,0.042717789804469275,0.03536674416498737,96.46,Healthy,False,,False,1.0
0542_RV.png,RV,GT,0.17866716993433215,0.0,0.5033489377025567,0.49665106229744327,0.14809031367015094,0.12672134367782845,0.657856741941569,0.1680233065642458,0.1370349598463687,0.07688111033519553,0.13725748114294128,86.27,Healthy,False,,False,1.0
0542_RV.png,RV,fpn_resnet18_torch_cross_entropy_correct_files,0.20840428406600242,0.3011854778957767,0.10714579731620977,0.5916687247880135,0.15875741497707416,0.14314836745607068,0.6469200078913555,0.206627531424581,0.1605353090083799,0.1271277060055866,0.15478585833329542,84.52,Healthy,False,,False,1.0
0542_RV.png,RV,fpn_resnet50_torch_cross_entropy_all_files,0.19822169226611994,0.3225429523521011,0.0,0.6774570476478989,0.1553852356708115,0.13495625786744594,0.669325449640948,0.19245373603351956,0.15454107018156424,0.13586766759776536,0.14891887613410293,85.11,Healthy,False,,False,1.0
0542_RV.png,RV,unet_resnet18_torch_cross_entropy_all_files,0.18622476334266952,0.21404058318170302,0.09878618974134555,0.6871732270769514,0.1532640053529379,0.13648728421122117,0.6601058438444987,0.18322276536312848,0.15777572887569832,0.1403085719273743,0.15003567841952706,85.0,Healthy,False,,False,1.0
0542_RV.png,RV,pan_resnet18_torch_cross_entropy_correct_clear_strict_files,0.1873571155900027,0.02719717955175019,0.14860007783704585,0.824202742611204,0.17447703769789355,0.16081160411953677,0.6130970799355618,0.194908781424581,0.18557087988826818,0.1728242842178771,0.17481494450053636,82.52,Healthy,False,,False,1.0
0543_RV.png,RV,GT,0.17866716993433215,0.0,0.5033489377025567,0.49665106229744327,0.14809031367015094,0.12672134367782845,0.657856741941569,0.1680233065642458,0.1370349598463687,0.07688111033519553,0.13725748114294128,86.27,Healthy,False,,False,1.0
0543_RV.png,RV,fpn_resnet18_torch_cross_entropy_correct_files,0.19559669387457485,0.26395772115258104,0.11512652953817815,0.6209157493092409,0.15334884598722673,0.13703569659708428,0.6324695546900096,0.19532341131284917,0.15231330743715082,0.12049362779329609,0.14804068575015364,85.2,Healthy,False,,False,1.0
0543_RV.png,RV,fpn_resnet50_torch_cross_entropy_all_files,0.16534916338899303,0.14666666666666667,0.007392996108949416,0.8459403372243839,0.14868522752130667,0.12893446996099872,0.6917756594642486,0.16854704958100558,0.14985978962988827,0.1397957402234637,0.14322982509664695,85.68,Healthy,False,,False,1.0
0543_RV.png,RV,unet_resnet18_torch_cross_entropy_all_files,0.1847707201159803,0.18020799480013,0.11613816797437207,0.7036538372254979,0.1551655850701072,0.13726267938076722,0.6682547093996842,0.18803465432960895,0.15905388006284915,0.13165590083798884,0.15135003136040198,84.86,Healthy,False,,False,1.0
0543_RV.png,RV,pan_resnet18_torch_cross_entropy_correct_clear_strict_files,0.1671763681517352,0.023091133004926108,0.2100266830870279,0.766882183908046,0.1526520633259416,0.13627657446555838,0.6470654414077729,0.17035832751396648,0.15688863914106146,0.13297616969273743,0.14943404699387458,85.06,Healthy,False,,False,1.0
0544_RV.png,RV,GT,0.17866716993433215,0.0,0.5033489377025567,0.49665106229744327,0.14809031367015094,0.12672134367782845,0.657856741941569,0.1680233065642458,0.1370349598463687,0.07688111033519553,0.13725748114294128,86.27,Healthy,False,,False,1.0
0544_RV.png,RV,fpn_resnet18_torch_cross_entropy_correct_files,0.20044779384326358,0.24199174031198512,0.12027903194744613,0.6377292277405687,0.15975101118197846,0.14595121752849238,0.6518992917356394,0.208984375,0.16705405464385473,0.13159043296089384,0.15853229047068315,84.15,Healthy,False,,False,1.0
0544_RV.png,RV,fpn_resnet50_torch_cross_entropy_all_files,0.19334485701908272,0.2285644563746478,0.0,0.7714355436253522,0.16373637638702426,0.14233305830295928,0.6708033437922815,0.19095888617318435,0.1626303901885475,0.14867754888268156,0.15687298648241407,84.31,Healthy,False,,False,1.0
0544_RV.png,RV,unet_resnet18_torch_cross_entropy_all_files,0.17428788340203222,0.18159669242506277,0.057661072008662696,0.7607422355662745,0.14966544138146973,0.1290430354616672,0.6839183029142174,0.1700091655027933,0.14662360335195532,0.13016105097765363,0.1422619843937232,85.77,Healthy,False,,False,1.0
0544_RV.png,RV,pan_resnet18_torch_cross_entropy_correct_clear_strict_files,0.18631054760383112,0.07974768054884085,0.10484149457835486,0.8154108248728043,0.16971455287098478,0.1560475555689079,0.6161701164103137,0.19030420740223464,0.17710981145251395,0.16316777234636873,0.16857255711297336,83.14,Healthy,False,,False,1.0
0545_RV.png,RV,GT,0.17866716993433215,0.0,0.5033489377025567,0.49665106229744327,0.14809031367015094,0.12672134367782845,0.657856741941569,0.1680233065642458,0.1370349598463687,0.07688111033519553,0.13725748114294128,86.27,Healthy,False,,False,1.0
0545_RV.png,RV,fpn_resnet18_torch_cross_entropy_correct_files,0.20550906525179824,0.2590319954918289,0.12898378310688122,0.6119842214012898,0.16083017718739143,0.1445890667667676,0.6262681878434315,0.20767501745810055,0.16152954783519555,0.13005193784916202,0.1562375923203259,84.38,Healthy,False,,False,1.0
0545_RV.png,RV,fpn_resnet50_torch_cross_entropy_all_files,0.1861818712120887,0.22984772041375814,0.0,0.7701522795862419,0.15751024049617618,0.13700771692888408,0.6756256636793033,0.18080045391061453,0.15736273568435755,0.14581878491620112,0.15130048150126107,84.87,Healthy,False,,False,1.0
0545_RV.png,RV,unet_resnet18_torch_cross_entropy_all_files,0.17083506689027764,0.19204599663561728,0.10781089156142509,0.7001431118029576,0.1425914996375615,0.12379791742632121,0.6761964623506717,0.16467353351955308,0.14076095495810054,0.12541462988826815,0.13622120710240504,86.38,Healthy,False,,False,1.0
0545_RV.png,RV,pan_resnet18_torch_cross_entropy_correct_clear_strict_files,0.13329158499290136,0.031245977603295148,0.018020337237739735,0.9507336851589652,0.12968448548744763,0.11343136320014703,0.6762442455392497,0.14220714036312848,0.14177581616620114,0.14156337290502793,0.12964508107275885,87.04,Healthy,False,,False,1.0
0546_RV.png,RV,GT,0.17866716993433215,0.0,0.5033489377025567,0.49665106229744327,0.14809031367015094,0.12672134367782845,0.657856741941569,0.1680233065642458,0.1370349598463687,0.07688111033519553,0.13725748114294128,86.27,Healthy,False,,False,1.0
0546_RV.png,RV,fpn_resnet18_torch_cross_entropy_correct_files,0.20021617633812724,0.27678399280190236,0.07266650956532916,0.6505494976327685,0.15814036878653875,0.14423499947952237,0.6447782181412174,0.20623472416201116,0.1653200288058659,0.1393047311452514,0.1568406220021647,84.32,Healthy,False,,False,1.0
0546_RV.png,RV,fpn_resnet50_torch_cross_entropy_all_files,0.1962143405549384,0.2965286582433437,0.0,0.7034713417566563,0.15723161321592327,0.13885685962655822,0.667897215656982,0.1970037534916201,0.1614012307960894,0.14386565991620112,0.15338703417118021,84.66,Healthy,False,,False,1.0
0546_RV.png,RV,unet_resnet18_torch_cross_entropy_all_files,0.19031667260007806,0.21277410921547857,0.09452119627684749,0.6927046945076739,0.1570691378252832,0.14185389263141188,0.6619957326402509,0.19338119762569833,0.16682524441340782,0.15083798882681565,0.15640700690237164,84.36,Healthy,False,,False,1.0
0546_RV.png,RV,pan_resnet18_torch_cross_entropy_correct_clear_strict_files,0.16304156676374584,0.027885930758707777,0.04211827843838788,0.9299957908029044,0.15766057741386189,0.1444701544225648,0.636498073687941,0.17203866969273743,0.1714815380586592,0.1706965782122905,0.15923183477439168,84.08,Healthy,False,,False,1.0
0563_MVR.png,MVR,GT,0.7730523657692646,0.217544113542625,0.0,0.782455886457375,0.6603764613749511,0.4928193101590066,0.09432059684524853,0.5550045657467533,0.3178686840503247,0.20107041396103897,0.4731062050803172,52.69,Degraded,False,,False,0.5
0563_MVR.png,MVR,fpn_resnet18_torch_cross_entropy_correct_files,0.919117940849775,0.17403873323624666,0.16188406112113374,0.6640772056426196,0.7613545337584606,0.636173225178096,0.08592496116885014,0.8035460633116883,0.489841213474026,0.1956168831168831,0.6151948130705773,38.48,Unreliable,False,,False,0.0
0563_MVR.png,MVR,fpn_resnet50_torch_cross_entropy_all_files,0.7497862377036735,0.06263622072420133,0.1828195358503637,0.754544243425435,0.6717148131278019,0.507168045797941,0.09580687705244904,0.4190340909090909,0.32534052861201307,0.202440137987013,0.48380106912252807,51.62,Degraded,False,,False,0.5
0563_MVR.png,MVR,unet_resnet18_torch_cross_entropy_all_files,0.8988245071480514,0.11258201603869201,0.1869076619427799,0.700510322018528,0.773907175221154,0.6722311233124036,0.08390799526449298,0.8199700689935064,0.5439680144074676,0.24487621753246752,0.6514286953230544,34.86,Unreliable,False,,False,0.0
0563_MVR.png,MVR,pan_resnet18_torch_cross_entropy_correct_clear_strict_files,0.8094558850558179,0.04922774681744813,0.19091362314834467,0.7598586300342072,0.7302156402080886,0.6819636048488892,0.1484247275416935,0.6566051136363636,0.5641229961444806,0.48163555194805197,0.6493029719748855,35.07,Unreliable,False,,False,0.0
0564_MVR.png,MVR,GT,0.7743868817874524,0.21889253503395042,0.0,0.7811074649660495,0.6608168516609529,0.493888043839914,0.09432289774245331,0.5593166599025974,0.31929167512175327,0.20107041396103897,0.4741281386989614,52.59,Degraded,False,,False,0.5
0564_MVR.png,MVR,fpn_resnet18_torch_cross_entropy_correct_files,0.8024596648526838,0.12141626584610482,0.13857935251297065,0.7400043816409245,0.6993709794708285,0.5403751915693412,0.11778990485346572,0.5440975040584416,0.35741071428571425,0.18387276785714285,0.5148881370263366,48.51,Unreliable,False,,False,0.0
0564_MVR.png,MVR,fpn_resnet50_torch_cross_entropy_all_files,0.798412165671773,0.1135143250344051,0.1425697485299637,0.7439159264356312,0.6989872461822454,0.5424879622876575,0.09113693864236358,0.5316685267857143,0.36318651075487013,0.224901075487013,0.5177171668429189,48.23,Unreliable,False,,False,0.0
0564_MVR.png,MVR,unet_resnet18_torch_cross_entropy_all_files,0.8183180303502505,0.07925510358532667,0.2218283554761312,0.6989165409385422,0.7131457019793989,0.5519303436767605,0.09165945816216065,0.5777191558441559,0.38109590604707794,0.14795556006493507,0.5319611761156791,46.8,Unreliable,False,,False,0.0
0564_MVR.png,MVR,pan_resnet18_torch_cross_entropy_correct_clear_strict_files,0.0,0.0,0.0,0.0,0.0,0.0,,0.0,0.0,0.0,0.0,100.0,Healthy,False,,False,1.0
0565_MVR.png,MVR,GT,0.7746785574441222,0.21918663125048354,0.0,0.7808133687495165,0.6609131046276541,0.49413259154067196,0.09434052416447443,0.5601790787337663,0.31957627333603894,0.20107041396103897,0.4743442181849134,52.57,Degraded,False,,False,0.5
0565_MVR.png,MVR,fpn_resnet18_torch_cross_entropy_correct_files,0.8787787979766499,0.1616539131304589,0.12214295782012285,0.7162031290494183,0.7471054587298923,0.6162977585631322,0.091040802938857,0.7234045251623377,0.44920327719155845,0.21706321022727273,0.5887022760645307,41.13,Unreliable,False,,False,0.0
0565_MVR.png,MVR,fpn_resnet50_torch_cross_entropy_all_files,0.7892623402776113,0.11131698180069355,0.07600172121396208,0.8126812969853444,0.7100022774674561,0.5602889116573702,0.09237421134567265,0.4951425527597403,0.3775724178165585,0.2903053977272727,0.5321163238640713,46.79,Unreliable,False,,False,0.0
0565_MVR.png,MVR,unet_resnet18_torch_cross_entropy_all_files,0.8288063673195407,0.13089590805661613,0.10338327741139265,0.7657208145319913,0.7269870304221705,0.5642891079906555,0.09328651644545627,0.6103515625,0.3820556006493506,0.21504667207792208,0.5402050817835881,45.98,Unreliable,False,,False,0.0
0565_MVR.png,MVR,pan_resnet18_torch_cross_entropy_correct_clear_strict_files,0.6872357937972974,0.0585,0.20618023255813953,0.7353197674418605,0.6121234786916947,0.5305315543344878,0.14625765096072305,0.48839539366883117,0.4056639356737013,0.3438768262987013,0.5050620841773352,49.49,Unreliable,False,,False,0.0
0566_MVR.png,MVR,GT,0.7753897665795635,0.21990281506521078,0.0,0.7800971849347892,0.6611478036423497,0.49463482017916294,0.094288349447374,0.5622463474025974,0.3202584719967533,0.20107041396103897,0.4748381759451551,52.52,Degraded,False,,False,0.5
0566_MVR.png,MVR,fpn_resnet18_torch_cross_entropy_correct_files,0.8602274271010636,0.18428117568370986,0.11033646700356718,0.7053823573127229,0.7217456188718145,0.5818227237803797,0.10456098665130974,0.7230240462662337,0.4090692217938312,0.19347351866883117,0.5546981915131908,44.53,Unreliable,False,,False,0.0
0566_MVR.png,MVR,fpn_resnet50_torch_cross_entropy_all_files,0.8101790808620813,0.1663214479459486,0.10218967302855451,0.7314888790254969,0.6917472170945907,0.5471491693074844,0.09112272363498743,0.582614650974026,0.3755139001623376,0.2376344358766234,0.5218744759855576,47.81,Unreliable,False,,False,0.0
0566_MVR.png,MVR,unet_resnet18_torch_cross_entropy_all_files,0.8471140092217454,0.19412397294518285,0.09895572933862858,0.7069202977161886,0.708434660657349,0.5566215882924258,0.09000193865560048,0.6774553571428571,0.3803716010551948,0.20568689123376624,0.5316655151070104,46.83,Unreliable,False,,False,0.0
0566_MVR.png,MVR,pan_resnet18_torch_cross_entropy_correct_clear_strict_files,0.576083395264466,0.018955340856284808,0.36678203091946926,0.6142626282242459,0.49692609817882516,0.3600657856621763,0.21291153568600116,0.23976511769480519,0.18661766943993507,0.11056716720779221,0.33174463292827444,66.83,Degraded,False,,False,0.5
0567_MVR.png,MVR,GT,0.7762488113218101,0.2207661186547113,0.0,0.7792338813452887,0.6614312884072912,0.4952436187512822,0.09423245325315387,0.5647828733766234,0.3210955255681818,0.20107041396103897,0.4754406823748447,52.46,Degraded,False,,False,0.5
0567_MVR.png,MVR,fpn_resnet18_torch_cross_entropy_correct_files,0.9085417016277899,0.14443154432072053,0.1599776593311872,0.6955907963480923,0.7712051398844485,0.6619565365804524,0.08611101400966295,0.8112444196428571,0.5164032061688312,0.22011972402597402,0.6365097854070028,36.35,Unreliable,False,,False,0.0
0567_MVR.png,MVR,fpn_resnet50_torch_cross_entropy_all_files,0.8436938124805217,0.11728184582161225,0.14155750670114323,0.7411606474772445,0.7367907287096749,0.6015024709814824,0.0861756787157078,0.6461799918831169,0.4434485338879871,0.28653865665584416,0.578867373462542,42.11,Unreliable,False,,False,0.0
0567_MVR.png,MVR,unet_resnet18_torch_cross_entropy_all_files,0.9075508035065007,0.08443691115611517,0.23791053975521706,0.6776525490886678,0.7827967699917693,0.7027209332112929,0.07084335245464896,0.842291497564935,0.5869197696834416,0.26480062905844154,0.6804232188342954,31.96,Unreliable,False,,False,0.0
0567_MVR.png,MVR,pan_resnet18_torch_cross_entropy_correct_clear_strict_files,0.0023174230255955377,0.0,0.0,1.0,0.0023174230255955377,0.0013728506882767699,0.3224757441519636,0.0,0.0,0.0,0.0011070821141616922,99.89,Healthy,False,,False,1.0
0568_MVR.png,MVR,GT,0.776552473649302,0.2210708295172726,0.0,0.7789291704827274,0.6615314969753635,0.4955115312132041,0.09424341809539041,0.5657340706168831,0.3214094206574675,0.20107041396103897,0.47567667671955727,52.43,Degraded,False,,False,0.5
0568_MVR.png,MVR,fpn_resnet18_torch_cross_entropy_correct_files,0.9740049065439231,0.18747436128841705,0.16085932756838356,0.6516663111431994,0.7983918282869449,0.7088599454608767,0.06837745916670998,0.9201882102272727,0.5880951958198053,0.2772930194805195,0.6874136104522686,31.26,Unreliable,False,,False,0.0
0568_MVR.png,MVR,fpn_resnet50_torch_cross_entropy_all_files,0.7338959077505813,0.08968412112501226,0.0982697982338658,0.8120460806411219,0.665276572451434,0.5232438686219367,0.08891764656310788,0.44036627435064934,0.34488851968344153,0.25880174512987014,0.49451154019538784,50.55,Degraded,False,,False,0.5
0568_MVR.png,MVR,unet_resnet18_torch_cross_entropy_all_files,0.909432710825562,0.11611038130846049,0.17841844199094067,0.7054711767005988,0.7835160901078002,0.6827587569588893,0.07438959649258543,0.8085049715909091,0.5467305448457792,0.26415381493506496,0.6585746720583185,34.14,Unreliable,False,,False,0.0
0568_MVR.png,MVR,pan_resnet18_torch_cross_entropy_correct_clear_strict_files,0.855360838747313,0.07091340539429554,0.11938172068124703,0.8097048739244574,0.7800020377340398,0.7235928411017556,0.10929589412903642,0.7262834821428571,0.5979537844967532,0.5051998782467533,0.6902599774494398,30.97,Unreliable,True,,False,0.0
0569_MVR.png,MVR,GT,0.7775034162011842,0.2220235158691005,0.0,0.7779764841308995,0.6618453080174845,0.49620166481516403,0.09419121438180779,0.5685749797077922,0.3223469206574675,0.20107041396103897,0.47635286011278155,52.36,Degraded,False,,False,0.5
0569_MVR.png,MVR,fpn_resnet18_torch_cross_entropy_correct_files,0.8661328602593915,0.13901574912120457,0.16399106903964497,0.6969931818391505,0.7371678293737365,0.5972979125431849,0.0976733620482659,0.6959339488636364,0.4434628652597403,0.19338474025974026,0.5777248686789725,42.23,Unreliable,False,,False,0.0
0569_MVR.png,MVR,fpn_resnet50_torch_cross_entropy_all_files,0.8764054371538849,0.18845654106544485,0.1089470924798833,0.7025963664546718,0.7332815109598126,0.6023399040023178,0.08552069913514643,0.715325689935065,0.4477243557224026,0.29350142045454547,0.5797761667776001,42.02,Unreliable,False,,False,0.0
0569_MVR.png,MVR,unet_resnet18_torch_cross_entropy_all_files,0.8745714765181118,0.09895562073408075,0.15781274270624893,0.7432316365596703,0.7696608571268749,0.6533209913354664,0.08761426235978796,0.7561891233766234,0.5161231737012987,0.26326603084415584,0.6333438240192218,36.67,Unreliable,False,,False,0.0
0569_MVR.png,MVR,pan_resnet18_torch_cross_entropy_correct_clear_strict_files,0.07109694020249482,0.0141058783859728,0.002135551309430145,0.983758570304597,0.07037338479610673,0.05599771986816041,0.39267642412319764,0.04470627029220779,0.04246486911525974,0.04112976866883117,0.05489727904538404,94.51,Healthy,False,,False,1.0
0570_MVR.png,MVR,GT,0.7778989763383118,0.22241911541879184,0.0,0.7775808845812082,0.6619758428627367,0.49647051235105083,0.09415702296327812,0.5696783685064936,0.3227110389610389,0.20107041396103897,0.4766183221485518,52.34,Degraded,False,,False,0.5
0570_MVR.png,MVR,fpn_resnet18_torch_cross_entropy_correct_files,0.9181630027409521,0.16193493359327404,0.161478006579749,0.676587059826977,0.7681361525983107,0.6636647355221091,0.08789886840844145,0.8659446022727273,0.5261075740665585,0.2091112012987013,0.6399832960627494,36.0,Unreliable,False,,False,0.0
0570_MVR.png,MVR,fpn_resnet50_torch_cross_entropy_all_files,0.8562478523881444,0.043966402239850676,0.3629304713019132,0.5931031264582362,0.7253670718161405,0.6397943234138843,0.09580360247222335,0.728312702922078,0.5212123325892858,0.20131138392857142,0.6180333516047217,38.2,Unreliable,False,,False,0.0
0570_MVR.png,MVR,unet_resnet18_torch_cross_entropy_all_files,0.915601850741975,0.08518251838275404,0.2563941437018612,0.6584233379153848,0.7835296750013984,0.7142362163100379,0.07446737229248697,0.8901557426948052,0.6185515168425325,0.28023538961038963,0.6967503741304439,30.32,Unreliable,False,,False,0.0
0570_MVR.png,MVR,pan_resnet18_torch_cross_entropy_correct_clear_strict_files,0.837608579259863,0.022004913301691034,0.08233834998926706,0.8956567367090419,0.80181058662767,0.8115636558956445,0.07722501801876946,0.8223544034090909,0.7734977424918831,0.7296570616883117,0.7934113697537476,20.66,Unreliable,True,,False,0.0
0579_FV.png,FV,GT,0.08841938033386289,0.0,0.3822852241433795,0.6177147758566205,0.07692689663981607,0.13601551844287965,0.2640380301513973,0.20640930516759776,0.18159043296089386,0.1334126222067039,0.13651889770916625,86.35,Healthy,False,,False,1.0
0579_FV.png,FV,fpn_resnet18_torch_cross_entropy_correct_files,0.09041521303518255,0.013067855723809103,0.3344664694715465,0.6524656748046443,0.07934169454179672,0.140587210136623,0.2592091043894452,0.20900619762569833,0.18582424057262573,0.14306913407821228,0.1403083676325762,85.97,Healthy,False,,False,1.0
0579_FV.png,FV,fpn_resnet50_torch_cross_entropy_all_files,0.08263545716543856,0.055984928992367886,0.15781083953241232,0.7862042314752198,0.07510194713438342,0.13182990103323394,0.27655369401464047,0.19846586941340782,0.18024845059357542,0.155846281424581,0.13417893468771536,86.58,Healthy,False,,False,1.0
0579_FV.png,FV,unet_resnet18_torch_cross_entropy_all_files,0.10676108285899043,0.2721154565168623,0.11100725342107232,0.6168772900620654,0.08326725796536832,0.14487969775401321,0.2622186722267316,0.23543339734636873,0.18920718400837988,0.1536967527932961,0.14412696031916641,85.59,Healthy,False,,False,1.0
0579_FV.png,FV,pan_resnet18_torch_cross_entropy_correct_clear_strict_files,0.08247978221473563,0.030876445821032765,0.23317040120021293,0.7359531529787543,0.07423467799235198,0.13040739257791165,0.2757977088690674,0.1986731843575419,0.1794047878840782,0.14853570181564246,0.13315453632471036,86.68,Healthy,False,,False,1.0
0580_FV.png,FV,GT,0.08740948898699516,0.0,0.38848296648095715,0.6115170335190429,0.07586407580970934,0.13268738713086092,0.2749483008589454,0.20288495111731844,0.17790284567039108,0.12940817039106145,0.13372657715032754,86.63,Healthy,False,,False,1.0
0580_FV.png,FV,fpn_resnet18_torch_cross_entropy_correct_files,0.08873871356607403,0.009941073276055958,0.3109171877108542,0.6791417390130898,0.0787669346404707,0.14069997454353014,0.2512280278895836,0.2078059532122905,0.18566744500698323,0.14503317039106145,0.14010705075799354,85.99,Healthy,False,,False,1.0
0580_FV.png,FV,fpn_resnet50_torch_cross_entropy_all_files,0.08309849035214473,0.09016235949658949,0.16509751176866175,0.7447401287347488,0.07341403150222336,0.12891054812507385,0.28502273969876313,0.1983021997206704,0.17699797049581006,0.14946316340782123,0.13149656208651317,86.85,Healthy,False,,False,1.0
0580_FV.png,FV,unet_resnet18_torch_cross_entropy_all_files,0.09967986843470833,0.26393560788082654,0.0794489828608041,0.6566154092583694,0.07936017595261095,0.1388245564954289,0.28139318265016,0.2249039804469274,0.18224838512569833,0.15383859986033518,0.1383547737846913,86.16,Healthy,False,,False,1.0
0580_FV.png,FV,pan_resnet18_torch_cross_entropy_correct_clear_strict_files,0.08629182267425616,0.389120177629753,0.033351836432602464,0.5775279859376445,0.06281611994156201,0.11091507065110279,0.2765639472697948,0.20976998952513967,0.1528830961941341,0.12166113826815643,0.11327259565545308,88.67,Healthy,False,,False,1.0
0581_FV.png,FV,GT,0.08615211438516378,0.0,0.3916045035444563,0.6083954964555437,0.07468134535090731,0.13093935727962616,0.2744067809477696,0.2006263093575419,0.17584824546089384,0.12774965083798884,0.13202550897351756,86.8,Healthy,False,,False,1.0
0581_FV.png,FV,fpn_resnet18_torch_cross_entropy_correct_files,0.09039525470816934,0.011525214165857105,0.2880420383290647,0.7004327475050781,0.08084443681592834,0.1440190424685271,0.2552728003393733,0.2102828212290503,0.1903581092877095,0.15176545041899442,0.14360228750042042,85.64,Healthy,False,,False,1.0
0581_FV.png,FV,fpn_resnet50_torch_cross_entropy_all_files,0.08607627274251363,0.01720460025969208,0.24624373956594323,0.7365516601743647,0.07787751175545461,0.13747934673139559,0.27129639064159927,0.20218662709497207,0.18394509427374303,0.15031424581005587,0.13818509525555228,86.18,Healthy,False,,False,1.0
0581_FV.png,FV,unet_resnet18_torch_cross_entropy_all_files,0.10531210831783236,0.25584656786567106,0.09017170147443429,0.6539817306598946,0.08403110305681737,0.1488608919833391,0.26703069683763364,0.24065991620111732,0.19529351431564249,0.16244762569832402,0.14798500423830394,85.2,Healthy,False,,False,1.0
0581_FV.png,FV,pan_resnet18_torch_cross_entropy_correct_clear_strict_files,0.08926960506462506,0.420407798247183,0.21798426041852978,0.36160794133428725,0.05750856212228866,0.10220638227864814,0.2678872641133453,0.2159348812849162,0.13960511958798882,0.08076553770949721,0.10375653115547656,89.62,Healthy,False,,False,1.0
0582_FV.png,FV,GT,0.08455544822410806,0.0,0.36057215691828354,0.6394278430817165,0.07418941250668605,0.1307862561604127,0.26977610376702355,0.19893505586592178,0.17611950069832402,0.13183048184357543,0.13194050087945924,86.81,Healthy,False,,False,1.0
0582_FV.png,FV,fpn_resnet18_torch_cross_entropy_correct_files,0.09300979554689807,0.04454744431569461,0.26114759023217887,0.6943049654521265,0.08197539537445814,0.14525080727767667,0.2620847454115634,0.21506197625698323,0.19194221368715084,0.15534436103351956,0.14494474627050077,85.51,Healthy,False,,False,1.0
0582_FV.png,FV,fpn_resnet50_torch_cross_entropy_all_files,0.08990028819824207,0.0641594885001332,0.1789361513187106,0.7569043601811563,0.08056637740398048,0.1422571279280681,0.26788118350702045,0.21178858240223464,0.19200877269553074,0.1638006284916201,0.1436505606778269,85.63,Healthy,False,,False,1.0
0582_FV.png,FV,unet_resnet18_torch_cross_entropy_all_files,0.09570017802827696,0.2742857142857143,0.030907194994786235,0.6948070907194995,0.07710755941593953,0.13715947719095578,0.26132094409865925,0.22026667248603352,0.1797032122905028,0.15677374301675978,0.1361613958982697,86.38,Healthy,False,,False,1.0
0582_FV.png,FV,pan_resnet18_torch_cross_entropy_correct_clear_strict_files,0.0929818538890796,0.04627801150510861,0.2031424401133339,0.7505795483815575,0.08367672300237106,0.14457135839410762,0.2805861949311052,0.20850427723463688,0.19042805080307265,0.16344055516759776,0.14464564474017266,85.54,Healthy,False,,False,1.0
0583_FV.png,FV,GT,0.08414430668763621,0.0,0.3633301707779886,0.6366698292220114,0.07374977047923936,0.129976885608987,0.27008436311894485,0.1978111906424581,0.17491772870111733,0.13047747905027932,0.13108508830691484,86.89,Healthy,False,,False,1.0
0583_FV.png,FV,fpn_resnet18_torch_cross_entropy_correct_files,0.08672691420314384,0.08459520412390113,0.2732084503152759,0.642196345560823,0.07375519914418693,0.13336836581899925,0.24855461444829394,0.19997163058659218,0.17244140625,0.13669692737430167,0.13111363198895587,86.89,Healthy,False,,False,1.0
0583_FV.png,FV,fpn_resnet50_torch_cross_entropy_all_files,0.0805158828366371,0.10966238659461604,0.1372762877398245,0.7530613256655595,0.07084208173334078,0.1256032895778194,0.2606628857149994,0.1849467527932961,0.16810121333798883,0.14520775139664804,0.1261740967285436,87.38,Healthy,False,,False,1.0
0583_FV.png,FV,unet_resnet18_torch_cross_entropy_all_files,0.08570903952547082,0.2846032041728763,0.027757078986587184,0.6876397168405365,0.06855681337367575,0.12520992316682594,0.24265980073054214,0.20236120810055866,0.16352413582402234,0.14119238826815642,0.12353967529175944,87.65,Healthy,False,,False,1.0
0583_FV.png,FV,pan_resnet18_torch_cross_entropy_correct_clear_strict_files,0.09199990420003033,0.07605866018743491,0.14647691773689692,0.7774644220756681,0.08272986005221099,0.13736718348858845,0.24528880832240985,0.20279766061452514,0.18350427723463686,0.1595233938547486,0.13943082395609457,86.06,Healthy,False,,False,1.0
0584_FV.png,FV,GT,0.08507037306104853,0.0,0.37762762762762764,0.6223723723723724,0.0741478991864986,0.1285929294153276,0.28327272690046557,0.192955656424581,0.17208406075418997,0.13156861033519554,0.12965587288222385,87.03,Healthy,False,,False,1.0
0584_FV.png,FV,fpn_resnet18_torch_cross_entropy_correct_files,0.09491381994395702,0.12065775086214148,0.16342837917402642,0.7159138699638321,0.08196697296045856,0.14502549431892495,0.2610414743347583,0.21723332751396648,0.19286269203910614,0.1667357716480447,0.1452428169994575,85.48,Healthy,False,,False,1.0
0584_FV.png,FV,fpn_resnet50_torch_cross_entropy_all_files,0.10261374250564821,0.2402847473450811,0.17606099505971137,0.5836542575952075,0.07995134159874183,0.13882707517768297,0.2777729819587911,0.2342549755586592,0.1871629495460894,0.14227260824022347,0.14049870485136318,85.95,Healthy,False,,False,1.0
0584_FV.png,FV,unet_resnet18_torch_cross_entropy_all_files,0.10719617438787811,0.3215416123626885,0.14716067771364735,0.5312977099236641,0.07873907281596026,0.13902560515351972,0.2661817936783384,0.2372774092178771,0.1827602348114525,0.14201073673184358,0.13843349731542498,86.16,Healthy,False,,False,1.0
0584_FV.png,FV,pan_resnet18_torch_cross_entropy_correct_clear_strict_files,0.09906116029729924,0.059072410041503806,0.1676673248176653,0.7732602651408309,0.08949329799378897,0.15200914471960403,0.23678477696407293,0.21885911312849163,0.20189114874301678,0.18200069832402235,0.15320719231122462,84.68,Healthy,False,,False,1.0
0585_FV.png,FV,GT,0.08328210696066612,0.0,0.3547258435582822,0.6452741564417178,0.07323771964138878,0.12810214683709945,0.2762746228169966,0.19205001745810055,0.17233218400837988,0.13405638966480446,0.12933483354689843,87.07,Healthy,False,,False,1.0
0585_FV.png,FV,fpn_resnet18_torch_cross_entropy_correct_files,0.1039749004079482,0.08918151105651105,0.289120085995086,0.621698402948403,0.08754141352855238,0.1574985770808123,0.2574991755413272,0.24276579958100558,0.2126482847416201,0.17461373952513967,0.15857131107945743,84.14,Healthy,False,,False,1.0
0585_FV.png,FV,fpn_resnet50_torch_cross_entropy_all_files,0.09502957824063356,0.041500399042298484,0.23115050195320705,0.7273490990044945,0.0849187696090563,0.15245117107105896,0.25731868858726925,0.23421133030726257,0.21009340083798886,0.17189682262569833,0.15524834253923012,84.48,Healthy,False,,False,1.0
0585_FV.png,FV,unet_resnet18_torch_cross_entropy_all_files,0.12636415165135198,0.2753577407840288,0.0864895599709385,0.6381526992450327,0.09933534779380652,0.17560837678583116,0.2626741956022771,0.28454521648044695,0.23347754451815642,0.19828037709497207,0.17587413518115386,82.41,Healthy,False,,False,1.0
0585_FV.png,FV,pan_resnet18_torch_cross_entropy_correct_clear_strict_files,0.09498966158660717,0.0468126234399294,0.2614615287641299,0.6917258477959407,0.08356607403740988,0.15453711417502378,0.2259310433770863,0.23747381284916202,0.2120172835195531,0.17128578910614525,0.15623786987155136,84.38,Healthy,False,,False,1.0
0586_FV.png,FV,GT,0.08902212180966143,0.0,0.4067348219890593,0.5932651780109407,0.0767112668747655,0.13489354582524182,0.26927028270224673,0.2072931215083799,0.18049690118715084,0.12848070879888268,0.13568020428486252,86.43,Healthy,False,,False,1.0
0586_FV.png,FV,fpn_resnet18_torch_cross_entropy_correct_files,0.09528504482640247,0.01767835448871015,0.2895982572996523,0.6927233882116376,0.08477435115478882,0.14848991184948201,0.26892796447543066,0.21746246508379888,0.19668088774441342,0.1582358589385475,0.14865163399904663,85.13,Healthy,False,,False,1.0
0586_FV.png,FV,fpn_resnet50_torch_cross_entropy_all_files,0.08543760627809134,0.1759951410951224,0.08867501401607177,0.7353298448888058,0.07278718036739289,0.1267249266016772,0.28961828097182646,0.20288495111731844,0.17520676937849164,0.15218008030726257,0.1299363398421177,87.01,Healthy,False,,False,1.0
0586_FV.png,FV,unet_resnet18_torch_cross_entropy_all_files,0.11451688873631857,0.31356966084562027,0.0964481160026491,0.5899822231517307,0.08670256504418773,0.14940511826737018,0.24570634448367432,0.24279853351955308,0.19325506284916202,0.1580831005586592,0.1481343301331322,85.19,Healthy,False,,False,1.0
0586_FV.png,FV,pan_resnet18_torch_cross_entropy_correct_clear_strict_files,0.12798875947022617,0.055264471057884235,0.25813997005988026,0.6865955588822356,0.11201642969479728,0.16968002816639088,0.2859640518520182,0.25949284217877094,0.22756284916201122,0.18148786662011174,0.17553407702316093,82.45,Healthy,False,,False,1.0
0587_MVL.png,MVL,GT,0.1506574908726697,0.0,0.472898348702552,0.527101651297448,0.1264339601305289,0.1934749484388667,0.3305462954831388,0.3844485592532468,0.3320867999188311,0.23044338474025974,0.22880739253835114,77.12,Degraded,False,,False,0.5
0587_MVL.png,MVL,fpn_resnet18_torch_cross_entropy_correct_files,0.13955526477335142,2.893937201562726e-05,0.35745912313702793,0.6425119374909565,0.12259155600788343,0.1791986820307973,0.34956175444041887,0.3389432832792208,0.30525733056006493,0.23987926136363635,0.21264000363563018,78.74,Degraded,False,,False,0.5
0587_MVL.png,MVL,fpn_resnet50_torch_cross_entropy_all_files,0.14001163128816516,0.006403599861543787,0.29147917387792777,0.7021172262605284,0.1255353623469355,0.18668900282817155,0.34027120310307796,0.3548726663961039,0.3238192471590909,0.26627181412337664,0.22319500841616846,77.68,Degraded,False,,False,0.5
0587_MVL.png,MVL,unet_resnet18_torch_cross_entropy_all_files,0.1636821104326193,0.2521157689555627,0.06600212193737817,0.6818821091070592,0.1323601822235146,0.1951328327694596,0.341035508646427,0.40526075487012986,0.3416207132711039,0.2994876217532468,0.2348961898063338,76.51,Degraded,False,,False,0.5
0587_MVL.png,MVL,pan_resnet18_torch_cross_entropy_correct_clear_strict_files,0.1402579884333301,0.007889659938380028,0.4774396037893403,0.5146707362722797,0.1167485703208297,0.17848198843768137,0.3149196578153197,0.3641309862012987,0.3102731838474026,0.20909851866883117,0.21267844116651435,78.73,Degraded,False,,False,0.5
0588_MVL.png,MVL,GT,0.14874721333721044,0.0,0.5094621378729874,0.49053786212701256,0.1229816484120061,0.18939265518129442,0.32774368845666496,0.3837129667207792,0.32708223417207793,0.21715198863636365,0.22454518474682134,77.55,Degraded,False,,False,0.5
0588_MVL.png,MVL,fpn_resnet18_torch_cross_entropy_correct_files,0.13697861135342962,0.001297284547572014,0.38322964884865995,0.615473066603768,0.11901150205163,0.1760859241800754,0.3415810273490748,0.33616578733766234,0.30040990259740263,0.23100142045454544,0.20869318890847266,79.13,Degraded,False,,False,0.5
0588_MVL.png,MVL,fpn_resnet50_torch_cross_entropy_all_files,0.14471261025491908,0.0,0.3178164768921634,0.6821835231078366,0.12907531259086943,0.1896273431477094,0.34048665131613165,0.35546875,0.3248270089285715,0.26534598214285715,0.22554160029300227,77.45,Degraded,False,,False,0.5
0588_MVL.png,MVL,unet_resnet18_torch_cross_entropy_all_files,0.15397725436981036,0.24188218013953733,0.0849551487174107,0.673162671143052,0.12457594261897839,0.18759720158422705,0.3361113354617087,0.387403612012987,0.3281143465909091,0.2852069805194805,0.22489768189732529,77.51,Degraded,False,,False,0.5
0588_MVL.png,MVL,pan_resnet18_torch_cross_entropy_correct_clear_strict_files,0.16110141837097347,0.03401855101529205,0.24439709200300827,0.7215843569816996,0.14404280152499113,0.21077718551038177,0.27888156279412285,0.39056158685064934,0.3512038352272727,0.2847250405844156,0.24692753020152097,75.31,Degraded,False,,False,0.5
0589_MVL.png,MVL,GT,0.14874721333721044,0.0,0.4736770655154625,0.5263229344845375,0.12479144454137188,0.19201459615592362,0.3271302171748877,0.3837129667207792,0.3312390929383117,0.22937804383116883,0.22753744938451334,77.25,Degraded,False,,False,0.5
0589_MVL.png,MVL,fpn_resnet18_torch_cross_entropy_correct_files,0.13858599075958775,0.0,0.4008742532420224,0.5991257467579776,0.11969710187069886,0.17849682854420715,0.341619566656516,0.34312855113636365,0.30592380275974024,0.2337028206168831,0.2118277002283679,78.82,Degraded,False,,False,0.5
0589_MVL.png,MVL,fpn_resnet50_torch_cross_entropy_all_files,0.14772947562275857,0.0,0.3335246999644605,0.6664753000355396,0.13097718975154277,0.1929108891651846,0.3402420183120486,0.35600142045454547,0.32358740868506497,0.2606660917207792,0.2266013871490442,77.34,Degraded,False,,False,0.5
0589_MVL.png,MVL,unet_resnet18_torch_cross_entropy_all_files,0.148638170010662,0.24831540049994566,0.0633355070101076,0.6883490924899467,0.12070825659914057,0.17999616942492816,0.3469699017080967,0.3667309253246753,0.31033380681818185,0.273336038961039,0.21434485053449337,78.57,Degraded,False,,False,0.5
0589_MVL.png,MVL,pan_resnet18_torch_cross_entropy_correct_clear_strict_files,0.10099027495072857,0.011437255058785891,0.04015036391266096,0.9484123810285532,0.09883775968466284,0.15052454252314318,0.33837299035395313,0.27035562094155846,0.2656293120941558,0.2572671469155844,0.18106041550000412,81.89,Healthy,False,,False,1.0
0590_MVL.png,MVL,GT,0.147842557591031,0.0,0.4841150599612096,0.5158849400387904,0.12350780265581081,0.19043841021319083,0.327438359956576,0.3812905844155844,0.32798016436688315,0.22449523133116883,0.22537592960745376,77.46,Degraded,False,,False,0.5
0590_MVL.png,MVL,fpn_resnet18_torch_cross_entropy_correct_files,0.13463216051177668,0.0,0.3845092392608591,0.6154907607391409,0.11703127524151076,0.17646843848532318,0.3472839872131406,0.34759283685064934,0.3087451806006493,0.23333502435064934,0.2115479863583099,78.85,Degraded,False,,False,0.5
0590_MVL.png,MVL,fpn_resnet50_torch_cross_entropy_all_files,0.13388501179283382,9.049500769207565e-05,0.3081958311966457,0.6917136737956623,0.11984754127491844,0.17999287377796316,0.33894236302186576,0.33668577516233766,0.30797192065746753,0.2522701907467532,0.2131408927788515,78.69,Degraded,False,,False,0.5
0590_MVL.png,MVL,unet_resnet18_torch_cross_entropy_all_files,0.13698668863687766,0.20790707273209705,0.03844452961467024,0.7536483976532327,0.11611418047882135,0.17723253999723132,0.3425347355347034,0.35735846185064934,0.3112004109172078,0.2821504667207792,0.21248418050969892,78.75,Degraded,False,,False,0.5
0590_MVL.png,MVL,pan_resnet18_torch_cross_entropy_correct_clear_strict_files,0.1619212626409486,0.0008979123537774673,0.36093582420871473,0.6381662634375078,0.14195316791056833,0.2050144315948824,0.25297281480420913,0.3846895292207792,0.3392305448457792,0.2513189935064935,0.2397824977899469,76.02,Degraded,False,,False,0.5
0591_MVL.png,MVL,GT,0.14459952828664663,0.0,0.4758686180315049,0.5241313819684952,0.12120399987076347,0.18683340639004872,0.3279851545381831,0.373148336038961,0.3224941659902597,0.22416548295454544,0.22140888827434754,77.86,Degraded,False,,False,0.5
0591_MVL.png,MVL,fpn_resnet18_torch_cross_entropy_correct_files,0.13555297082485218,0.0,0.33142652842331066,0.6685734715766893,0.12027818164195019,0.179329525203209,0.3593781392445319,0.34271002435064934,0.3107358461850649,0.24866832386363635,0.21417665052757373,78.58,Degraded,False,,False,0.5
0591_MVL.png,MVL,fpn_resnet50_torch_cross_entropy_all_files,0.13807308326063777,0.0,0.27702702702702703,0.722972972972973,0.1250680914994669,0.18705482324818143,0.34931482999885993,0.3500405844155844,0.32346946022727274,0.27189021915584416,0.2230246585152036,77.7,Degraded,False,,False,0.5
0591_MVL.png,MVL,unet_resnet18_torch_cross_entropy_all_files,0.15483748505702563,0.25371032108297037,0.09635097420381335,0.6499387047132164,0.12344492100416786,0.18768511555626402,0.3536013873715432,0.3994901582792208,0.3339403662743507,0.28521966314935066,0.22691515747786983,77.31,Degraded,False,,False,0.5
0591_MVL.png,MVL,pan_resnet18_torch_cross_entropy_correct_clear_strict_files,0.08747697974217311,0.00554016620498615,0.03208679593721145,0.9623730378578024,0.08619794190817744,0.13298654276143407,0.35693873814245547,0.2517882508116883,0.24779296874999998,0.24148995535714285,0.16487253290088344,83.51,Healthy,False,,False,1.0
0592_MVL.png,MVL,GT,0.15067364543956577,0.0,0.5157338908545084,0.48426610914549156,0.12425309359956062,0.19047535361942425,0.32986667106173706,0.3844992897727273,0.32760120738636367,0.21715198863636365,0.22545901712024094,77.45,Degraded,False,,False,0.5
0592_MVL.png,MVL,fpn_resnet18_torch_cross_entropy_correct_files,0.14571419340247488,5.543237250554324e-05,0.3882206208425721,0.6117239467849224,0.12647523504894834,0.18463528779813757,0.3468343405790149,0.34920353084415584,0.3112573559253247,0.23762175324675325,0.21783609922425567,78.22,Degraded,False,,False,0.5
0592_MVL.png,MVL,fpn_resnet50_torch_cross_entropy_all_files,0.1482141126296404,0.004223548325567454,0.3462492165999074,0.6495272350745251,0.13034623275499985,0.19315180551532352,0.3335030932859389,0.3684303977272727,0.33088309151785716,0.25990513392857145,0.22940264808823987,77.06,Degraded,False,,False,0.5
0592_MVL.png,MVL,unet_resnet18_torch_cross_entropy_all_files,0.15210736325159122,0.22414571329952473,0.05092531131349069,0.7249289753869845,0.12663056120965396,0.18643673074506728,0.3424648853092574,0.3772701907467532,0.3293833705357143,0.30203683035714285,0.2256735358007021,77.43,Degraded,False,,False,0.5
0592_MVL.png,MVL,pan_resnet18_torch_cross_entropy_correct_clear_strict_files,0.14286695098704405,0.015547703180212015,0.3564381625441696,0.6280141342756184,0.124064812122387,0.1882666694573526,0.31777958524201017,0.36902648133116883,0.32436155641233766,0.24265675730519481,0.22344406703885694,77.66,Degraded,False,,False,0.5
0593_MVR.png,MVR,GT,0.13737124317758653,0.0,0.396614409121317,0.603385590878683,0.11884688226691918,0.15769679075131784,0.3738374529850967,0.3222148944805195,0.2929185267857143,0.23604910714285715,0.2001305126197568,79.99,Degraded,False,,False,0.5
0593_MVR.png,MVR,fpn_resnet18_torch_cross_entropy_correct_files,0.13822229680595177,0.00543446840492571,0.34011678325721223,0.654448748337862,0.12173503064592173,0.15781378099033752,0.39151930450869493,0.3132355925324675,0.2890145596590909,0.24199726055194806,0.19947046735451412,80.05,Healthy,False,,False,1.0
0593_MVR.png,MVR,fpn_resnet50_torch_cross_entropy_all_files,0.1262556037686093,0.000981043703914681,0.2563688724326719,0.7426500838634134,0.11516749374695338,0.15345221162663866,0.37389989533010975,0.30773133116883117,0.28746410815746753,0.24850344967532467,0.1955715548750646,80.44,Healthy,False,,False,1.0
0593_MVR.png,MVR,unet_resnet18_torch_cross_entropy_all_files,0.16204780284323833,0.30367137608797495,0.08089848854698325,0.6154301353650418,0.12462038213506581,0.1637467063395853,0.34709186540182935,0.34410511363636365,0.2980179586038961,0.26468648538961037,0.20571730998395377,79.43,Degraded,False,,False,0.5
0593_MVR.png,MVR,pan_resnet18_torch_cross_entropy_correct_clear_strict_files,0.1526622395895764,0.048550041876046904,0.44509003350083753,0.5063599246231156,0.12459389159254909,0.16629407955785738,0.37249940304829804,0.348049411525974,0.301721286525974,0.2311409293831169,0.20795490595551155,79.2,Degraded,False,,False,0.5
0594_MVR.png,MVR,GT,0.13583295375542398,0.0,0.43363925167666784,0.5663607483233322,0.1158061036127826,0.15326769615599625,0.3774285412522825,0.31947544642857145,0.28475446428571427,0.21735491071428573,0.19462392564491937,80.54,Healthy,False,,False,1.0
0594_MVR.png,MVR,fpn_resnet18_torch_cross_entropy_correct_files,0.12301121153277556,0.011433397213109429,0.34352161626660604,0.6450449865202845,0.1077015159143033,0.13846885937775308,0.41017091054735094,0.27572037337662336,0.25379768668831165,0.2112418831168831,0.17537018726294157,82.46,Healthy,False,,False,1.0
0594_MVR.png,MVR,fpn_resnet50_torch_cross_entropy_all_files,0.1262995548949568,0.0,0.2974058842138564,0.7025941157861436,0.11352839642317744,0.15353872591668705,0.379194086861901,0.3097859172077922,0.2848533887987013,0.2364549512987013,0.19406149222143987,80.59,Healthy,False,,False,1.0
0594_MVR.png,MVR,unet_resnet18_torch_cross_entropy_all_files,0.1441517033059238,0.24857253728033704,0.06519208381839348,0.6862353789012695,0.11694899272009526,0.1533813496359564,0.4005306552065076,0.3248275162337662,0.2794206574675325,0.2506594967532468,0.1928673656938285,80.71,Healthy,False,,False,1.0
0594_MVR.png,MVR,pan_resnet18_torch_cross_entropy_correct_clear_strict_files,0.1430289518055922,0.04126044081906305,0.2471715506886052,0.7115680084923317,0.12705507475687036,0.16571658630882785,0.39540715805358395,0.3206929788961039,0.2970937753652597,0.2668552150974026,0.20666900846581335,79.33,Degraded,False,,False,0.5
0595_MVR.png,MVR,GT,0.1323248547615052,0.0,0.42858868289147894,0.571411317108521,0.11304245678805169,0.14918847734532442,0.37514639511567033,0.3113078327922078,0.2776433137175325,0.2122945413961039,0.18972660572702582,81.03,Healthy,False,,False,1.0
0595_MVR.png,MVR,fpn_resnet18_torch_cross_entropy_correct_files,0.1270107640303982,0.003491883729709324,0.45341009185856296,0.5430980244117277,0.10713370731746298,0.13760859023623023,0.3992634165251169,0.2885425121753247,0.2542398031655844,0.18765219155844157,0.17511861053234173,82.49,Healthy,False,,False,1.0
0595_MVR.png,MVR,fpn_resnet50_torch_cross_entropy_all_files,0.12104939307490072,0.006601531555320834,0.27261024557697383,0.7207882228677053,0.10929422482199795,0.1451162532186223,0.3874512141144744,0.29274046266233766,0.2680575284090909,0.2226055194805195,0.18354615477582245,81.65,Healthy,False,,False,1.0
0595_MVR.png,MVR,unet_resnet18_torch_cross_entropy_all_files,0.14602961506804432,0.3103042574149064,0.08454635000547225,0.6051493925796213,0.1114717633991002,0.14525289358892077,0.3661535591872916,0.31570870535714285,0.2671212966720779,0.2336140422077922,0.18386591576523745,81.61,Healthy,False,,False,1.0
0595_MVR.png,MVR,pan_resnet18_torch_cross_entropy_correct_clear_strict_files,0.14093927552561553,0.03773317457617509,0.2522821341497987,0.7099846912740262,0.12528696089947977,0.15329907027141676,0.22695578848683162,0.29991883116883117,0.2768994774756493,0.24296114042207792,0.1943356003415287,80.57,Healthy,False,,False,1.0
0596_MVR.png,MVR,GT,0.1292282981324767,0.0,0.40964041678261137,0.5903595832173886,0.1112296726040643,0.14761268789382562,0.3713867927049752,0.30713524756493504,0.2751395089285714,0.21303013392857142,0.18770851172079556,81.23,Healthy,False,,False,1.0
0596_MVR.png,MVR,fpn_resnet18_torch_cross_entropy_correct_files,0.12450954538553129,0.0,0.41711058340286244,0.5828894165971376,0.10685190068643668,0.14123947593800862,0.37822681247248047,0.2956828327922078,0.2646486911525974,0.2044059456168831,0.18028688944837257,81.97,Healthy,False,,False,1.0
0596_MVR.png,MVR,fpn_resnet50_torch_cross_entropy_all_files,0.11307026586435884,3.533693770097883e-05,0.25251775681119476,0.7474469062511043,0.10335982387585006,0.13995307837471613,0.37089267186137626,0.291307325487013,0.27185546875000005,0.23409598214285715,0.18173605817516988,81.83,Healthy,False,,False,1.0
0596_MVR.png,MVR,unet_resnet18_torch_cross_entropy_all_files,0.13389111308225254,0.24914950760966875,0.05493882423157267,0.6959116681587586,0.1090396678893071,0.14393243706792003,0.38019555586576603,0.31520140016233766,0.2717489346590909,0.24562449269480519,0.18459120535080448,81.54,Healthy,False,,False,1.0
0596_MVR.png,MVR,pan_resnet18_torch_cross_entropy_correct_clear_strict_files,0.11773308081413468,0.04934500780560646,0.14060272856851966,0.8100522636258739,0.10821246773587773,0.14294736336721386,0.3742609675933413,0.29048295454545453,0.2713610998376624,0.2499492694805195,0.18389238926599244,81.61,Healthy,False,,False,1.0
0597_MVR.png,MVR,GT,0.1293361781698751,0.0,0.4098856966326846,0.5901143033673154,0.11131174134362591,0.1477149524531663,0.37038200693463424,0.30712256493506496,0.27584694602272725,0.215135450487013,0.18804678654812856,81.2,Healthy,False,,False,1.0
0597_MVR.png,MVR,fpn_resnet18_torch_cross_entropy_correct_files,0.12564827911362564,0.0,0.33697968009667056,0.6630203199033294,0.11125236736748736,0.14631762985264693,0.3779372160869674,0.30240462662337664,0.2758507508116883,0.2243049918831169,0.18761129949071562,81.24,Healthy,False,,False,1.0
0597_MVR.png,MVR,fpn_resnet50_torch_cross_entropy_all_files,0.12804161772109415,0.0019347188416651063,0.31411096548711226,0.6839543156712227,0.11420108838971066,0.14976033213795695,0.38465363340934006,0.3090630073051948,0.28235389610389616,0.2305067978896104,0.19212998459985875,80.79,Healthy,False,,False,1.0
0597_MVR.png,MVR,unet_resnet18_torch_cross_entropy_all_files,0.21531257241946955,0.5017443586698337,0.035017072446555816,0.4632385688836104,0.14036775106082036,0.16858044180348147,0.18243965403570084,0.34330610795454547,0.29468014407467535,0.26656351461038963,0.2105565154891607,78.94,Degraded,False,,False,0.5
0597_MVR.png,MVR,pan_resnet18_torch_cross_entropy_correct_clear_strict_files,0.13180543235921655,0.09873287255971869,0.1476294410088517,0.7536376864314296,0.11647052477644859,0.15303376978799377,0.38187144269834916,0.3070211038961039,0.288721971387987,0.27384334415584416,0.19634007692452748,80.37,Healthy,False,,False,1.0
0598_MVR.png,MVR,GT,0.13429466433326143,0.0,0.4152807116717741,0.5847192883282258,0.1153328698487282,0.149426091377547,0.3722663353135877,0.3037997159090909,0.2755554991883117,0.22072849025974026,0.18964988804320723,81.04,Healthy,False,,False,1.0
0598_MVR.png,MVR,fpn_resnet18_torch_cross_entropy_correct_files,0.11788091642093991,0.0,0.43154933396603734,0.5684506660339627,0.10058462989156058,0.12785266167817774,0.4170660355759679,0.2641918628246753,0.23778459821428571,0.1865234375,0.16364502675663578,83.64,Healthy,False,,False,1.0
0598_MVR.png,MVR,fpn_resnet50_torch_cross_entropy_all_files,0.1243976697911922,0.0,0.36044196055758976,0.6395580394424102,0.10915270219515899,0.1455071573429193,0.37770130241023,0.3012885551948052,0.27337636972402596,0.21919389204545456,0.18574850575103385,81.43,Healthy,False,,False,1.0
0598_MVR.png,MVR,unet_resnet18_torch_cross_entropy_all_files,0.17215656190316367,0.34481398101515537,0.11360735256573909,0.5415786664191056,0.12573422354341973,0.1599981473210548,0.3675885180792758,0.3359628652597403,0.28612038352272723,0.249315137987013,0.20016786466843325,79.98,Degraded,False,,False,0.5
0598_MVR.png,MVR,pan_resnet18_torch_cross_entropy_correct_clear_strict_files,0.11076083395264466,0.0998520976876736,0.14627899426427618,0.7538689080480502,0.09784215951861529,0.122413080676742,0.4012294825577653,0.259664163961039,0.24129362824675324,0.2222757711038961,0.1625940233573085,83.74,Healthy,False,,False,1.0
0599_MVR.png,MVR,GT,0.12983562278746033,0.0,0.3656254808432067,0.6343745191567933,0.11369541070329794,0.14700351233994263,0.3815836248881864,0.2998300527597403,0.27336241883116885,0.2219840706168831,0.18755464444543973,81.24,Healthy,False,,False,1.0
0599_MVR.png,MVR,fpn_resnet18_torch_cross_entropy_correct_files,0.14004427077090276,0.0,0.3969186875891583,0.6030813124108416,0.12114496679692184,0.1554568174323956,0.39057469766026304,0.3136033887987013,0.281154880275974,0.21816659902597402,0.19544248737918485,80.46,Healthy,False,,False,1.0
0599_MVR.png,MVR,fpn_resnet50_torch_cross_entropy_all_files,0.13212108135753042,0.00241933045029788,0.330420056249433,0.6671606133002691,0.1170640647599869,0.15256089870866346,0.39343017448004786,0.30518212256493504,0.2758657163149351,0.2199421672077922,0.19123377556656918,80.88,Healthy,False,,False,1.0
0599_MVR.png,MVR,unet_resnet18_torch_cross_entropy_all_files,0.14774370899559688,0.3298807366741488,0.1451713227141196,0.5249479406117317,0.1077970097251856,0.1410378635592993,0.38332744313810097,0.33592481737012986,0.2577535257711039,0.19708806818181818,0.17775187229378703,82.22,Healthy,False,,False,1.0
0599_MVR.png,MVR,pan_resnet18_torch_cross_entropy_correct_clear_strict_files,0.1280775777335603,0.07050382155669942,0.1513648416783653,0.7781313367649353,0.11543611504007543,0.15359604159498874,0.37091604426024355,0.30683086444805197,0.2843246499594156,0.25766030844155846,0.19443950697428547,80.56,Healthy,False,,False,1.0
0600_MVR.png,MVR,GT,0.13742718097475606,0.0,0.4232301206570723,0.5767698793429278,0.1176516513636836,0.15572745427264106,0.3752943248119575,0.3223924512987013,0.28919795048701297,0.22476156655844157,0.1976929118857026,80.23,Healthy,False,,False,1.0
0600_MVR.png,MVR,fpn_resnet18_torch_cross_entropy_correct_files,0.13594882490670374,0.0,0.3684055841293167,0.6315944158706833,0.1189201607812113,0.15440040891467224,0.38915735678338204,0.31138392857142855,0.28586926745129865,0.23634080762987014,0.19634387788928453,80.37,Healthy,False,,False,1.0
0600_MVR.png,MVR,fpn_resnet50_torch_cross_entropy_all_files,0.12753418198962754,0.0016604530217112065,0.21776998026253955,0.7805695667157493,0.11794944022247261,0.15769755451479034,0.3699721601240713,0.3120814732142857,0.2941455712256494,0.2599812297077922,0.20035232691143864,79.96,Degraded,False,,False,0.5
0600_MVR.png,MVR,unet_resnet18_torch_cross_entropy_all_files,0.14704848208791824,0.24201831372442464,0.05860935249843763,0.6993723337771377,0.12027397533942256,0.1590230406957194,0.38572625343085254,0.33804281655844154,0.29543590198863634,0.26764153814935066,0.20196346560599712,79.8,Degraded,False,,False,0.5
0600_MVR.png,MVR,pan_resnet18_torch_cross_entropy_correct_clear_strict_files,0.13530154468231326,0.04792841744677081,0.19265865398812865,0.7594129285651006,0.1220939515259032,0.1600335149479064,0.3836766198655242,0.3134004667207792,0.2918675172483766,0.2657137784090909,0.20138524684149353,79.86,Degraded,False,,False,0.5
0601_RV.png,RV,GT,0.0936807024015304,0.0,0.4318025731422554,0.5681974268577447,0.0799271691622738,0.11307534677054708,0.2226188423196451,0.21376353002793297,0.18353199196927375,0.12484724162011174,0.13131355156755575,86.87,Healthy,False,,False,1.0
0601_RV.png,RV,fpn_resnet18_torch_cross_entropy_correct_files,0.09950974294746143,0.13952586206896553,0.21413793103448275,0.6463362068965517,0.08296234499856311,0.11960077535854613,0.22236921281941815,0.22927941689944134,0.19145164106145252,0.1516563372905028,0.13734959253171378,86.27,Healthy,False,,False,1.0
0601_RV.png,RV,fpn_resnet50_torch_cross_entropy_all_files,0.09296869303388908,0.020346020761245674,0.30980392156862746,0.6698500576701268,0.08190865691871513,0.11568227484427678,0.2268368346395823,0.2117667597765363,0.18861731843575422,0.14368016759776536,0.13472420690319925,86.53,Healthy,False,,False,1.0
0601_RV.png,RV,unet_resnet18_torch_cross_entropy_all_files,0.10536022955868286,0.3052841556749715,0.05170167725126201,0.6430141670737665,0.08195772551609957,0.1194459852224024,0.21519016181592684,0.23907777583798884,0.18918350645949722,0.15853046438547486,0.13609451580534948,86.39,Healthy,False,,False,1.0
0601_RV.png,RV,pan_resnet18_torch_cross_entropy_correct_clear_strict_files,0.10039332083742596,0.028240622062718962,0.25352473724685975,0.7182346406904213,0.08984001235293361,0.13056407495905892,0.20825601375130504,0.23361120810055866,0.21033923271648042,0.17019465782122906,0.15025691928018992,84.97,Healthy,False,,False,1.0
0602_RV.png,RV,GT,0.09622849495803006,0.0,0.4475596166703811,0.5524403833296189,0.08158537893052763,0.11579169062186694,0.21927241249669854,0.22024484986033518,0.18776514490223467,0.12471630586592179,0.13431917882661223,86.57,Healthy,False,,False,1.0
0602_RV.png,RV,fpn_resnet18_torch_cross_entropy_correct_files,0.0927456539548689,0.10932803033806594,0.23031031771724553,0.6603616519446885,0.07868955962649532,0.11329320399933475,0.23150970054473016,0.21387264315642457,0.18265395862430167,0.14578605097765363,0.13065641253746968,86.93,Healthy,False,,False,1.0
0602_RV.png,RV,fpn_resnet50_torch_cross_entropy_all_files,0.08739271605838476,0.1703558282208589,0.12986503067484662,0.6997791411042945,0.07355910321133383,0.10543595706229712,0.22668783310606322,0.19828037709497207,0.17145240485335195,0.14401841829608938,0.12227948002343006,87.77,Healthy,False,,False,1.0
0602_RV.png,RV,unet_resnet18_torch_cross_entropy_all_files,0.10735471363069017,0.3056054976227576,0.10867393823165128,0.5857205641455911,0.08140656163813627,0.11782235626128032,0.22366411606254696,0.242591218575419,0.1875472459846369,0.14793557960893855,0.13478757376367972,86.52,Healthy,False,,False,1.0
0602_RV.png,RV,pan_resnet18_torch_cross_entropy_correct_clear_strict_files,0.07789210913473706,0.011508810572687225,0.1609581497797357,0.8275330396475771,0.07302878490883279,0.09914056263509771,0.28916970133853953,0.1698345844972067,0.15851638879189944,0.1387591655027933,0.11505735977993892,88.49,Healthy,False,,False,1.0
0603_RV.png,RV,GT,0.09551219637733065,0.0,0.44880546075085326,0.5511945392491467,0.08093762197449635,0.11483145137623547,0.21792666584081377,0.2173424406424581,0.18557131634078214,0.12389795740223464,0.1329592485415324,86.7,Healthy,False,,False,1.0
0603_RV.png,RV,fpn_resnet18_torch_cross_entropy_correct_files,0.10616660161360195,0.1875808015513898,0.26357466063348417,0.5488445378151261,0.08330951390348412,0.11958705061997327,0.21923440021278454,0.2443152060055866,0.19415666462988826,0.13914106145251395,0.13853163520899253,86.15,Healthy,False,,False,1.0
0603_RV.png,RV,fpn_resnet50_torch_cross_entropy_all_files,0.07742029569834823,0.08387811634349031,0.16698060941828255,0.7491412742382272,0.0686739897830945,0.09927997766105928,0.22896541644909887,0.17985116969273743,0.16274081267458101,0.13811539804469275,0.11548251530307854,88.45,Healthy,False,,False,1.0
0603_RV.png,RV,unet_resnet18_torch_cross_entropy_all_files,0.09994724267938561,0.30666895545446743,0.07557291219637799,0.6177581323491546,0.07684313918925294,0.1093260545243898,0.22002123903508405,0.22639883030726257,0.17764610247905027,0.14514228351955308,0.1269091991057129,87.31,Healthy,False,,False,1.0
0603_RV.png,RV,pan_resnet18_torch_cross_entropy_correct_clear_strict_files,0.07063904985352337,0.0019430445078632583,0.29321756026473983,0.7048393952273969,0.06350480177401853,0.0910055199679751,0.20966699563280566,0.16345146648044692,0.1472568959497207,0.11607454608938547,0.10525585490248637,89.47,Healthy,False,,False,1.0
0604_RV.png,RV,GT,0.0941353589856869,0.0,0.44242948922403974,0.5575705107759603,0.07997495099574083,0.11331240099641353,0.22125342842115153,0.2138399092178771,0.1833375523743017,0.12412709497206705,0.131321226547367,86.87,Healthy,False,,False,1.0
0604_RV.png,RV,fpn_resnet18_torch_cross_entropy_correct_files,0.08079161716199929,0.07337014228073901,0.21395200679549797,0.712677850923763,0.07094298349081893,0.104295465912572,0.2151441009058391,0.18993322276536312,0.16805494937150836,0.140221281424581,0.11979351456962062,88.02,Healthy,False,,False,1.0
0604_RV.png,RV,fpn_resnet50_torch_cross_entropy_all_files,0.09495459867978022,0.033155659951215104,0.32794290360466166,0.6389014364441232,0.08225775596951229,0.1133918786984459,0.2416279844712848,0.20470714036312848,0.18028991358240226,0.13802810754189945,0.13081085583334837,86.92,Healthy,False,,False,1.0
0604_RV.png,RV,unet_resnet18_torch_cross_entropy_all_files,0.10690434625959175,0.25276841598459315,0.12502006098539561,0.6222115230300113,0.08425541405918256,0.12152064292457905,0.22269059556809173,0.2384558310055866,0.1923269465782123,0.1556498777932961,0.1386635957264134,86.13,Healthy,False,,False,1.0
0604_RV.png,RV,pan_resnet18_torch_cross_entropy_correct_clear_strict_files,0.0797278923235954,0.03900365827415537,0.19168280611146976,0.7693135356143749,0.07244836859781335,0.1058250569908087,0.21383490748785325,0.18372468575418993,0.16957838687150836,0.14529504189944134,0.12131338242518995,87.87,Healthy,False,,False,1.0
0605_RV.png,RV,GT,0.09353486915755567,0.0,0.40583298940707113,0.5941670105929289,0.08062862706579224,0.11302673955166183,0.22215790057906937,0.20793688896648044,0.18206442039106147,0.13184139315642457,0.1309223781416608,86.91,Healthy,False,,False,1.0
0605_RV.png,RV,fpn_resnet18_torch_cross_entropy_correct_files,0.07965068648854995,0.17738287560581584,0.3220786214324179,0.5005385029617663,0.06146219273149955,0.09105614634313547,0.2940595530519727,0.18357192737430167,0.14377967877094971,0.10142065293296089,0.10326737323077038,89.67,Healthy,False,,False,1.0
0605_RV.png,RV,fpn_resnet50_torch_cross_entropy_all_files,0.0927456539548689,0.05461776811728252,0.20552189797900383,0.7398603339037136,0.08287089897616484,0.11279907067821297,0.22361261959938172,0.20823149441340782,0.18744740747206703,0.1595561277932961,0.13367995388514015,86.63,Healthy,False,,False,1.0
0605_RV.png,RV,unet_resnet18_torch_cross_entropy_all_files,0.09752812651462836,0.3319553170903334,0.14324039053566717,0.5248042923739995,0.07108710104957043,0.10430800035680925,0.21279648430203366,0.22021211592178772,0.16780868104050278,0.1285570879888268,0.11974200283811502,88.03,Healthy,False,,False,1.0
0605_RV.png,RV,pan_resnet18_torch_cross_entropy_correct_clear_strict_files,0.03759066324101517,0.16145595618439068,0.002167959835691465,0.8363760839799178,0.03349656648494701,0.05447228310687797,0.42764998566243617,0.09562674581005587,0.08521178858240225,0.07997992318435754,0.06047537031050839,93.95,Healthy,False,,False,1.0
0606_RV.png,RV,GT,0.09277996765933354,0.0,0.4204151449308862,0.5795848550691137,0.07951789245227178,0.11219528720448889,0.21583968445047555,0.2147564594972067,0.18499236208100558,0.1272149965083799,0.13151089872943045,86.85,Healthy,False,,False,1.0
0606_RV.png,RV,fpn_resnet18_torch_cross_entropy_correct_files,0.058187464345916456,0.0654577620521893,0.24679345422379478,0.6877487837240159,0.05075305713660715,0.0827598361698761,0.4485857808203574,0.14802287011173185,0.12911050977653632,0.10180254888268156,0.0916980719025595,90.83,Healthy,False,,False,1.0
0606_RV.png,RV,fpn_resnet50_torch_cross_entropy_all_files,0.05806736638029021,0.004358103117151721,0.2589008716206234,0.7367410252622248,0.05278635858679007,0.08174963988354071,0.4793122809657634,0.1452186627094972,0.1326338818086592,0.1088294343575419,0.09341435226456292,90.66,Healthy,False,,False,1.0
0606_RV.png,RV,unet_resnet18_torch_cross_entropy_all_files,0.09909797849388573,0.41053497229916897,0.08102493074792244,0.5084400969529086,0.06911024564323184,0.10745388837330906,0.25801600027009497,0.2405289804469274,0.1719925148393855,0.12817519203910616,0.12176624614071647,87.82,Healthy,False,,False,1.0
0606_RV.png,RV,pan_resnet18_torch_cross_entropy_correct_clear_strict_files,0.04059740159472942,0.13861595351294242,0.13460116217643953,0.7267828843106181,0.034969096219916534,0.056349277444525246,0.4613735313858316,0.10327557611731844,0.08895775139664805,0.07505892108938547,0.06297861265799176,93.7,Healthy,False,,False,1.0
0607_RV.png,RV,GT,0.09704344543906529,0.0,0.4508729281767956,0.5491270718232044,0.08216699622120331,0.11655869824525185,0.22077162448035748,0.22231799930167598,0.18922987953910617,0.125,0.13530966015557902,86.47,Healthy,False,,False,1.0
0607_RV.png,RV,fpn_resnet18_torch_cross_entropy_correct_files,0.09519050539797463,0.10994457711891137,0.20628125985671159,0.6837741630243771,0.08150225398146202,0.1180646512653892,0.22067943458457076,0.21884820181564246,0.1876809095670391,0.15302025139664804,0.13494243540087103,86.51,Healthy,False,,False,1.0
0607_RV.png,RV,fpn_resnet50_torch_cross_entropy_all_files,0.08839210270091746,0.004901009316770186,0.3082783385093168,0.6868206521739131,0.07883706566356272,0.11237109759782514,0.22583557979744484,0.20296133030726257,0.1820674755586592,0.14150881634078213,0.13018943920188003,86.98,Healthy,False,,False,1.0
0607_RV.png,RV,unet_resnet18_torch_cross_entropy_all_files,0.10506856307073341,0.28527106466361857,0.05682560418027433,0.6579033311561071,0.08295664034519587,0.12106008603442597,0.2163742315411935,0.23877225907821228,0.19137133379888271,0.16126920391061453,0.13775355143343965,86.22,Healthy,False,,False,1.0
0607_RV.png,RV,pan_resnet18_torch_cross_entropy_correct_clear_strict_files,0.08950729809601832,0.03675483994632931,0.19997124784358827,0.7632739122100825,0.08121749312653607,0.11837577365284657,0.21387221431854966,0.21001003840782123,0.19178290851955307,0.16209846368715083,0.13659114344163603,86.34,Healthy,False,,False,1.0
0615_MVL.png,MVL,GT,0.5305321314335563,0.13874425261106543,0.0,0.8612557473889345,0.4812145811120803,0.5487410066732697,0.44898579462017985,0.5578962053571429,0.4818278206168832,0.4443613027597403,0.5017178045823583,49.83,Unreliable,False,,False,0.0
0615_MVL.png,MVL,fpn_resnet18_torch_cross_entropy_correct_files,0.5610521469419405,0.17420692335931934,0.0021091123732193116,0.8236839642674614,0.4951645746502536,0.5615716385464046,0.43342793366163396,0.5521763392857143,0.48924195921266234,0.45670150162337664,0.5127176476440624,48.73,Unreliable,False,,False,0.0
0615_MVL.png,MVL,fpn_resnet50_torch_cross_entropy_all_files,0.5055975574294853,0.08567776978991933,0.0,0.9143222302100806,0.4765741817711867,0.5472765561042154,0.4549562301118884,0.5368049918831169,0.4755475091314935,0.44537591314935066,0.49737422501521805,50.26,Degraded,False,,False,0.5
0615_MVL.png,MVL,unet_resnet18_torch_cross_entropy_all_files,0.4810668475978159,0.07935122065885356,0.0062711978239699115,0.9143775815171765,0.4544650415172369,0.5460845487063486,0.41654504560178524,0.529690036525974,0.49414557122564934,0.4766385957792208,0.49782310555733533,50.22,Degraded,False,,False,0.5
0615_MVL.png,MVL,pan_resnet18_torch_cross_entropy_correct_clear_strict_files,0.5175882847080869,0.03824155931304083,0.00974570650520057,0.9520127341817586,0.502611668443669,0.5835570698446148,0.4323425677698645,0.5761465097402597,0.5296249746347402,0.49890929383116883,0.5377006113403813,46.23,Unreliable,False,,False,0.0
0616_MVL.png,MVL,GT,0.5305321314335563,0.13874425261106543,0.0,0.8612557473889345,0.4812145811120803,0.5487410066732697,0.44898579462017985,0.5578962053571429,0.4818278206168832,0.4443613027597403,0.5017178045823583,49.83,Unreliable,False,,False,0.0
0616_MVL.png,MVL,fpn_resnet18_torch_cross_entropy_correct_files,0.5241793480016801,0.12842955212611043,0.01206555154055366,0.8595048963333359,0.4769245339407451,0.55751260585502,0.44928316040275335,0.5623224431818182,0.4976568841314935,0.46155894886363635,0.509393895591327,49.06,Unreliable,False,,False,0.0
0616_MVL.png,MVL,fpn_resnet50_torch_cross_entropy_all_files,0.48075991082679076,0.07625168010752688,0.009778225806451614,0.9139700940860215,0.4546002148557397,0.5466638107599029,0.45612149858394235,0.5455686891233766,0.4889526684253247,0.460836038961039,0.49596027505482265,50.4,Degraded,False,,False,0.5
0616_MVL.png,MVL,unet_resnet18_torch_cross_entropy_all_files,0.5256251817388776,0.07356184065955175,0.02256644307678123,0.903871716263667,0.49568608445607565,0.5763947639409849,0.4370514891324078,0.5552835836038961,0.5164231178977273,0.495408887987013,0.5281935016782091,47.18,Unreliable,False,,False,0.0
0616_MVL.png,MVL,pan_resnet18_torch_cross_entropy_correct_clear_strict_files,0.49804529740557657,0.0354849172883555,0.0022705157314304248,0.9622445669802141,0.48581984426997515,0.574514377934272,0.4415024283628372,0.5531909496753247,0.5224349381087663,0.5056310876623377,0.5270742419047807,47.29,Unreliable,True,,False,0.0
0617_MVL.png,MVL,GT,0.5305321314335563,0.13874425261106543,0.0,0.8612557473889345,0.4812145811120803,0.5487410066732697,0.44898579462017985,0.5578962053571429,0.4818278206168832,0.4443613027597403,0.5017178045823583,49.83,Unreliable,False,,False,0.0
0617_MVL.png,MVL,fpn_resnet18_torch_cross_entropy_correct_files,0.5313842848373235,0.11167015010450314,0.0,0.8883298498954969,0.4916266437271817,0.5683648632075537,0.441514772972069,0.5736733969155844,0.504555854301948,0.47051288555194803,0.5198197938011999,48.02,Unreliable,False,,False,0.0
0617_MVL.png,MVL,fpn_resnet50_torch_cross_entropy_all_files,0.503150140544732,0.07717684453862454,6.421370320426378e-05,0.9227589417581712,0.4771220235210493,0.542375012017333,0.4576810268592399,0.5165761972402597,0.46313628754058445,0.436815137987013,0.49110362567774846,50.89,Degraded,False,,False,0.5
0617_MVL.png,MVL,unet_resnet18_torch_cross_entropy_all_files,0.5056985234725857,0.07828135606756378,0.0059337938745357985,0.9157848500579004,0.47815514846046975,0.5544371364029121,0.4506973413649835,0.5292841923701299,0.4878189681412338,0.4671646712662338,0.5049052727155081,49.51,Unreliable,False,,False,0.0
0617_MVL.png,MVL,pan_resnet18_torch_cross_entropy_correct_clear_strict_files,0.49701544376595264,0.04333482306098403,0.0028115223662292283,0.9538536545727867,0.4821098268230429,0.5625304891809297,0.4346700530444337,0.532023640422078,0.4942819094967532,0.473531351461039,0.5111048585998931,48.89,Unreliable,False,,False,0.0
0618_MVL.png,MVL,GT,0.5305321314335563,0.1387290277397156,0.0,0.8612709722602844,0.4812199928919905,0.5487489865479523,0.4489828619829557,0.5578962053571429,0.4818448153409091,0.4443866680194805,0.5017286199683465,49.83,Unreliable,False,,False,0.0
0618_MVL.png,MVL,fpn_resnet18_torch_cross_entropy_correct_files,0.521784433459339,0.07439743649282497,0.07180451709778789,0.8537980464093872,0.48303681625795614,0.5580081177528473,0.44702202241705125,0.5625887784090909,0.4949288504464285,0.43484933035714285,0.5102850203818124,48.97,Unreliable,False,,False,0.0
0618_MVL.png,MVL,fpn_resnet50_torch_cross_entropy_all_files,0.5043576944202126,0.08099581208010698,0.00452423468366391,0.9144799532362291,0.47621179444929085,0.5495765387394402,0.45409461130984985,0.5267223011363636,0.4803393871753247,0.45706929788961037,0.49987225482674924,50.01,Degraded,False,,False,0.5
0618_MVL.png,MVL,unet_resnet18_torch_cross_entropy_all_files,0.4834334916480889,0.07582997777814907,0.0387295116205243,0.8854405106013267,0.4525062598946723,0.538787117915065,0.43847720241421523,0.5157518262987013,0.4791363129058442,0.4610643262987013,0.4890425385052589,51.1,Degraded,False,,False,0.5
0618_MVL.png,MVL,pan_resnet18_torch_cross_entropy_correct_clear_strict_files,0.5068858841394462,0.06314288218374778,0.0027169366340262452,0.934140181182226,0.4849734661238732,0.5620370304799497,0.4442838061168618,0.5395063920454546,0.5025205458603896,0.4841974431818182,0.5151113673253027,48.49,Unreliable,False,,False,0.0
0619_MVL.png,MVL,GT,0.5305321314335563,0.1387290277397156,0.0,0.8612709722602844,0.4812199928919905,0.5487489865479523,0.4489828619829557,0.5578962053571429,0.4818448153409091,0.4443866680194805,0.5017286199683465,49.83,Unreliable,False,,False,0.0
0619_MVL.png,MVL,fpn_resnet18_torch_cross_entropy_correct_files,0.5358267907337404,0.1243263614094592,0.004002261164499718,0.8716713774260411,0.4904639995476721,0.5611622189491337,0.4412878029905572,0.5457589285714286,0.49240018770292204,0.4628145292207792,0.5124479406302106,48.76,Unreliable,False,,False,0.0
0619_MVL.png,MVL,fpn_resnet50_torch_cross_entropy_all_files,0.49236292849988694,0.06712163592069754,0.0,0.9328783640793025,0.470220630997383,0.5418341541299404,0.45944216671126015,0.5195058847402597,0.4701362114448052,0.4458198051948052,0.4916709201161191,50.83,Degraded,False,,False,0.5
0619_MVL.png,MVL,unet_resnet18_torch_cross_entropy_all_files,0.4827226907046622,0.08881749577497783,0.026086374512658335,0.8850961297123638,0.44971551807696036,0.5421290219234085,0.4167512981669368,0.5258471996753247,0.48635995840097396,0.46649249188311687,0.4920973453605002,50.79,Degraded,False,,False,0.5
0619_MVL.png,MVL,pan_resnet18_torch_cross_entropy_correct_clear_strict_files,0.4790475267358082,0.025485600593511838,0.0006913064004856006,0.9738230930060026,0.4707550240703046,0.5504461755045239,0.4531536772578738,0.5073432426948052,0.48334149249188313,0.47100750811688313,0.4996969568692018,50.03,Degraded,False,,False,0.5
0620_MVL.png,MVL,GT,0.5305321314335563,0.1387290277397156,0.0,0.8612709722602844,0.4812199928919905,0.5487489865479523,0.4489828619829557,0.5578962053571429,0.4818448153409091,0.4443866680194805,0.5017286199683465,49.83,Unreliable,False,,False,0.0
0620_MVL.png,MVL,fpn_resnet18_torch_cross_entropy_correct_files,0.5105408548996802,0.05659183318303353,0.05320613223218947,0.890202034584777,0.4819471907208168,0.554180455824692,0.45121835954995254,0.5450867491883117,0.4859792258522727,0.4434862012987013,0.5052299843045618,49.48,Unreliable,False,,False,0.0
0620_MVL.png,MVL,fpn_resnet50_torch_cross_entropy_all_files,0.5105812413169203,0.10638802758969816,2.3729671581345313e-05,0.8935882427387205,0.47418290200639723,0.5449734172493871,0.45754582473552,0.5417765827922078,0.475178317775974,0.4423574472402597,0.49581822288712496,50.42,Degraded,False,,False,0.5
0620_MVL.png,MVL,unet_resnet18_torch_cross_entropy_all_files,0.5141958256599141,0.08899692897368028,0.024756713452037796,0.8862463575742819,0.47920725501599304,0.5568634434693702,0.4494885124418931,0.5418526785714286,0.4958066152597403,0.4694729099025974,0.5091438556495052,49.09,Unreliable,False,,False,0.0
0620_MVL.png,MVL,pan_resnet18_torch_cross_entropy_correct_clear_strict_files,0.522834480307583,0.11238393919263391,0.0037463887901867787,0.8838696720171794,0.482800515330684,0.559712993099828,0.44656310882539874,0.581536627435065,0.49920505275974025,0.45649857954545453,0.5124360736330498,48.76,Unreliable,False,,False,0.0
0645_MVL.png,MVL,GT,0.9236252463571452,0.12246771929671137,0.113744386677569,0.7637878940257197,0.8121192368582599,0.6829166245072438,0.03271870840528985,0.8197544642857143,0.589840325689935,0.39488636363636365,0.6844468886856252,31.56,Unreliable,False,,False,0.0
0645_MVL.png,MVL,fpn_resnet18_torch_cross_entropy_correct_files,0.9165737779070143,0.06007904790020754,0.08880330996558729,0.8511176421342052,0.852004741365384,0.7399881502792888,0.033156908373557246,0.7791446834415584,0.659836520900974,0.574611911525974,0.7415324758537915,25.85,Unreliable,True,,False,0.0
0645_MVL.png,MVL,fpn_resnet50_torch_cross_entropy_all_files,0.8915543924267391,0.039079345521752525,0.28226639366540435,0.6786542608128432,0.7826476931278473,0.6544087207503336,0.03093926783785154,0.680866984577922,0.5654531503652598,0.403713474025974,0.6572981843095582,34.27,Unreliable,False,,False,0.0
0645_MVL.png,MVL,unet_resnet18_torch_cross_entropy_all_files,0.9289764466414655,0.05729451965464173,0.031123109963394804,0.9115823703819634,0.8834852266485735,0.7765971715874859,0.013835215361172947,0.787312297077922,0.6935615361201299,0.6290330762987013,0.7754493339188698,22.46,Unreliable,True,,False,0.0
0645_MVL.png,MVL,pan_resnet18_torch_cross_entropy_correct_clear_strict_files,0.9520290136021453,0.0555041785093115,0.10573113307597676,0.8387646884147117,0.8824010532777616,0.8176591909379667,0.030838078589162852,0.872171773538961,0.7647663859577922,0.6759968547077922,0.8159246276478354,18.41,Unreliable,True,,False,0.0
0646_MVL.png,MVL,GT,0.9234717779716326,0.12232188542764554,0.1137632894397334,0.7639148251326211,0.8120685922910407,0.6827963596894212,0.032740712833280505,0.8192725243506493,0.5896812855113637,0.39488636363636365,0.684331999798684,31.57,Unreliable,False,,False,0.0
0646_MVL.png,MVL,fpn_resnet18_torch_cross_entropy_correct_files,0.9054553972407999,0.04680684038216219,0.16334222428389192,0.7898509353339459,0.8267740945365255,0.7027925659416482,0.036488701377407916,0.7480595576298701,0.6182802353896104,0.4690670657467532,0.7061820922992963,29.38,Unreliable,False,,False,0.0
0646_MVL.png,MVL,fpn_resnet50_torch_cross_entropy_all_files,0.91648896643081,0.08028466928127616,0.0763407218084872,0.8433746089102366,0.8434021114018934,0.718684761124821,0.02394360741410913,0.7575461647727273,0.6335885501217533,0.5224989853896104,0.7220614818067157,27.79,Unreliable,True,,False,0.0
0646_MVL.png,MVL,unet_resnet18_torch_cross_entropy_all_files,0.933027204290653,0.05016340222919598,0.06442592792987772,0.8854106698409263,0.8812308568382281,0.774111433743862,0.01623619961136368,0.7901024756493507,0.6895892096185066,0.5988484172077922,0.7724383710220297,22.76,Unreliable,True,,False,0.0
0646_MVL.png,MVL,pan_resnet18_torch_cross_entropy_correct_clear_strict_files,0.8967400084003748,0.021960007205908846,0.13132768870473788,0.8467123040893533,0.8435053794707763,0.7405099515228132,0.04540360381403197,0.744343547077922,0.6677734375,0.5588727678571429,0.7423139742980768,25.77,Unreliable,True,,False,0.0
0647_MVL.png,MVL,GT,0.9231567639171594,0.12202239031240567,0.11380210953666316,0.7641755001509312,0.8119646376530645,0.6825423210370818,0.03276489085442485,0.8182832792207793,0.5893548346185066,0.39488636363636365,0.6840940214544465,31.59,Unreliable,False,,False,0.0
0647_MVL.png,MVL,fpn_resnet18_torch_cross_entropy_correct_files,0.896279603243837,0.037323251894775734,0.18151996611483107,0.7811567819903932,0.818551218054344,0.6859501511763588,0.03528251191696195,0.737494926948052,0.5911030083198052,0.40313007305194803,0.687791614097133,31.22,Unreliable,False,,False,0.0
0647_MVL.png,MVL,fpn_resnet50_torch_cross_entropy_all_files,0.9144534910019062,0.06049658608110376,0.06612314840168532,0.8733802655172109,0.8568295854738134,0.739625370651504,0.02043955993908202,0.7693156452922078,0.6648677201704545,0.5754996956168831,0.744883574905777,25.51,Unreliable,True,,False,0.0
0647_MVL.png,MVL,unet_resnet18_torch_cross_entropy_all_files,0.9438992278117023,0.044301441486926496,0.06689286615864486,0.8888056923544286,0.8944148008141902,0.8128985536580151,0.018163187677112357,0.8295581371753247,0.7403463626217532,0.6455458603896104,0.8083325513903629,19.17,Unreliable,True,,False,0.0
0647_MVL.png,MVL,pan_resnet18_torch_cross_entropy_correct_clear_strict_files,0.3199896610771865,0.0017795840064620356,0.010980411954765752,0.9872400040387722,0.3184135003715551,0.30652974443576003,0.1707708924215063,0.2945794439935065,0.29097009435876625,0.2847884537337662,0.30387101118570103,69.61,Degraded,False,,False,0.5
0648_MVL.png,MVL,GT,0.923051759232335,0.12192251318063486,0.11381505545711099,0.7642624313622541,0.8119299861070726,0.6824605442915914,0.03278354138271548,0.8179535308441559,0.5892460176542209,0.39488636363636365,0.6840155661812876,31.6,Unreliable,False,,False,0.0
0648_MVL.png,MVL,fpn_resnet18_torch_cross_entropy_correct_files,0.9023698749636522,0.03882130741068951,0.11937753430543248,0.841801158283878,0.8422732706536138,0.7229419575504574,0.03167514358559597,0.7502409699675324,0.649290533685065,0.5575410917207793,0.7292807819352474,27.07,Unreliable,True,,False,0.0
0648_MVL.png,MVL,fpn_resnet50_torch_cross_entropy_all_files,0.9233910051371522,0.0764961358298453,0.08153027261315873,0.8419735915569959,0.8504683208943169,0.7298752263842505,0.02389556805943728,0.7691761363636364,0.6448150872564936,0.5394049310064936,0.7320290990861676,26.8,Unreliable,True,,False,0.0
0648_MVL.png,MVL,unet_resnet18_torch_cross_entropy_all_files,0.9338793576944202,0.04784289643481119,0.06191509972495632,0.8902420038402324,0.8842848777099286,0.7806452740718653,0.015220918328414282,0.8034446022727273,0.7035213321834416,0.606737012987013,0.7808875784079148,21.91,Unreliable,True,,False,0.0
0648_MVL.png,MVL,pan_resnet18_torch_cross_entropy_correct_clear_strict_files,0.9008513456754225,0.017134556931381075,0.11145083341552421,0.8714146096530947,0.8563732189589996,0.7544716637617476,0.03714406849806912,0.7555549918831169,0.6872392451298701,0.5932046469155844,0.7581491628681722,24.19,Unreliable,True,,False,0.0
0649_MVL.png,MVL,GT,0.9227569383864819,0.12164196741975297,0.11385141936782767,0.7645066132124193,0.811832695227941,0.6822190287375898,0.032804400484905356,0.8170276988636364,0.5889404931006493,0.39488636363636365,0.683791714429919,31.62,Unreliable,False,,False,0.0
0649_MVL.png,MVL,fpn_resnet18_torch_cross_entropy_correct_files,0.8942481664566573,0.04125136051810336,0.1897228381875415,0.7690258012943552,0.8118484055442474,0.6780721750588664,0.03950427224156642,0.7372412743506493,0.5774119825487013,0.362012987012987,0.6779409672004146,32.21,Unreliable,False,,False,0.0
0649_MVL.png,MVL,fpn_resnet50_torch_cross_entropy_all_files,0.8859326031469096,0.026968873652923907,0.0946007549096479,0.8784303714374282,0.8414291945332946,0.710820054333182,0.023508099413012268,0.709466314935065,0.6251263189935065,0.530070515422078,0.7157253022573455,28.43,Unreliable,True,,False,0.0
0649_MVL.png,MVL,unet_resnet18_torch_cross_entropy_all_files,0.9078462731414171,0.058619155656390406,0.0448107122202945,0.896570132123315,0.8583591402539498,0.7340695489660842,0.02254236694019912,0.7329291801948052,0.6409251978490259,0.5593166599025974,0.7340986859056206,26.59,Unreliable,True,,False,0.0
0649_MVL.png,MVL,pan_resnet18_torch_cross_entropy_correct_clear_strict_files,0.950106620141514,0.13030171644265348,0.16207588393821146,0.7076223996191351,0.8148038835578819,0.7063947931403558,0.050504286902561105,0.8818613027597403,0.624954596185065,0.4099406452922078,0.7063414414834973,29.37,Unreliable,False,,False,0.0
0650_MVL.png,MVL,GT,0.9225469290168331,0.1214420172481723,0.1138773366020225,0.7646806461498052,0.8117633921359568,0.6820559838469492,0.03283147698944927,0.8163682021103896,0.5887228591720779,0.39488636363636365,0.683634956463703,31.64,Unreliable,False,,False,0.0
0650_MVL.png,MVL,fpn_resnet18_torch_cross_entropy_correct_files,0.9214686116765209,0.05583289139781648,0.1935020139111074,0.7506650946910761,0.8263742286194307,0.7097515127504987,0.0376717350528408,0.7881747159090909,0.6289373224431819,0.4428393871753247,0.7124126513882516,28.76,Unreliable,False,,False,0.0
0650_MVL.png,MVL,fpn_resnet50_torch_cross_entropy_all_files,0.8720356369745728,0.05074031020317428,0.07298435090286816,0.8762753388939576,0.8207506219508256,0.6910753842548681,0.041649589448911735,0.7008167613636364,0.6051331676136363,0.5342431006493507,0.6956010689071626,30.44,Unreliable,True,,False,0.0
0650_MVL.png,MVL,unet_resnet18_torch_cross_entropy_all_files,0.9256970695615651,0.049339034073557,0.06813402556607479,0.8825269403603683,0.8736518610061065,0.7729224362127003,0.025648313893802822,0.7831397118506493,0.6928360896915585,0.5937373173701299,0.7711067250422654,22.89,Unreliable,True,,False,0.0
0650_MVL.png,MVL,pan_resnet18_torch_cross_entropy_correct_clear_strict_files,0.0019345093858033665,0.0,0.0,1.0,0.0019345093858033665,0.0006635730153659282,1.0129482070618683,0.0,0.0,0.0,0.0007794247203507884,99.92,Healthy,False,,False,1.0
0651_MVL.png,MVL,GT,0.9224015379147685,0.12130353687049572,0.11389528621592511,0.7648011769135792,0.8117154130722755,0.6819355927750068,0.03284191313146169,0.815911627435065,0.5885721895292207,0.39488636363636365,0.6835241775658729,31.65,Unreliable,False,,False,0.0
0651_MVL.png,MVL,fpn_resnet18_torch_cross_entropy_correct_files,0.9011542438047236,0.057683085872551346,0.2182868513397839,0.7240300627876648,0.7994452925592066,0.6755453555042468,0.04609932646778056,0.7725497159090909,0.5823915635146104,0.35648336038961037,0.6754538198248802,32.45,Unreliable,False,,False,0.0
0651_MVL.png,MVL,fpn_resnet50_torch_cross_entropy_all_files,0.8966309650738263,0.06562228337980208,0.20166386653033833,0.7327138500898596,0.7957307114471263,0.6680816668390424,0.050934728343095786,0.723823051948052,0.5794116528003246,0.410054788961039,0.6709083746059804,32.91,Unreliable,False,,False,0.0
0651_MVL.png,MVL,unet_resnet18_torch_cross_entropy_all_files,0.9045426642111725,0.07481738788777169,0.05841801653778151,0.8667645955744469,0.8412339262059384,0.715044269713806,0.033524374026771546,0.7388773336038961,0.618153028612013,0.5036399147727273,0.7141446702207286,28.59,Unreliable,True,,False,0.0
0651_MVL.png,MVL,pan_resnet18_torch_cross_entropy_correct_clear_strict_files,0.8747738360634552,0.01742374227265802,0.2529489706880393,0.7296272870393027,0.7893289392911376,0.6815108664374966,0.07588032670033636,0.7053317775974026,0.5983990716314936,0.4241705560064935,0.6806115703711877,31.94,Unreliable,False,,False,0.0
0652_MVL.png,MVL,GT,0.9223248037220122,0.1212304324028462,0.11390476190476191,0.7648648056923919,0.8116900907886659,0.6818730614213485,0.03285374172622643,0.8156706574675324,0.5884926694399351,0.39488636363636365,0.6834660134389784,31.65,Unreliable,False,,False,0.0
0652_MVL.png,MVL,fpn_resnet18_torch_cross_entropy_correct_files,0.9231042615747472,0.08794319414791221,0.14326152392285885,0.768795281929229,0.8237497576814967,0.7091631843983328,0.04568982548887588,0.7608690137987013,0.6232869571834416,0.5060115665584416,0.7091886654973255,29.08,Unreliable,True,,False,0.0
0652_MVL.png,MVL,fpn_resnet50_torch_cross_entropy_all_files,0.9046234370456528,0.07093110468231008,0.12659380692167577,0.8024750883960141,0.8226955510322769,0.6908962961437147,0.038243039357375885,0.7127257508116883,0.5946803977272728,0.4766893262987013,0.6919497132437066,30.81,Unreliable,False,,False,0.0
0652_MVL.png,MVL,unet_resnet18_torch_cross_entropy_all_files,0.923063875157507,0.06550197324092791,0.05119925795640494,0.8832987688026671,0.8664855335853445,0.7484766921117046,0.021207308290746563,0.758395900974026,0.6592839387175324,0.579203023538961,0.7482022431961277,25.18,Unreliable,True,,False,0.0
0652_MVL.png,MVL,pan_resnet18_torch_cross_entropy_correct_clear_strict_files,0.911505282543375,0.02782060825180774,0.1206312916489437,0.8515481000992485,0.8571299392588285,0.7585770678003896,0.036122563191616115,0.7836216517857143,0.7029163707386364,0.580560064935065,0.76587865041322,23.41,Unreliable,True,,False,0.0
0653_MVR.png,MVR,GT,1.0,0.0,0.09171800957335444,0.9082819904266456,0.9688158767450594,0.978862810677253,0.02360163946729682,1.0,0.9790001014610389,0.9382355925324676,0.9759036468111093,2.41,Unreliable,True,,False,0.0
0653_MVR.png,MVR,fpn_resnet18_torch_cross_entropy_correct_files,1.0,0.0,0.1473041977321219,0.8526958022678781,0.9499165727710787,0.9598689087508017,0.03738780722493921,1.0,0.9585305905032467,0.878031148538961,0.9563478806578628,4.37,Unreliable,True,,False,0.0
0653_MVR.png,MVR,fpn_resnet50_torch_cross_entropy_all_files,1.0,0.0,0.319217030661904,0.680782969338096,0.8914662095749527,0.8605134173625338,0.03805913497129277,1.0,0.8121393060064935,0.44746854707792205,0.8504496104838433,14.96,Unreliable,False,,False,0.0
0653_MVR.png,MVR,unet_resnet18_torch_cross_entropy_all_files,1.0,0.0,0.05171848904018731,0.9482815109598127,0.9824157137263362,0.9896842570475876,0.015591062702434438,1.0,0.9875596083603897,0.9634106128246753,0.9866538345763332,1.33,Unreliable,True,,False,0.0
0653_MVR.png,MVR,pan_resnet18_torch_cross_entropy_correct_clear_strict_files,1.0,0.0,0.09155419173878647,0.9084458082612136,0.9688715748088127,0.9805160668024401,0.0233969787504749,1.0,0.982428216314935,0.9483182832792207,0.9777875790093498,2.22,Unreliable,True,,False,0.0
0654_MVR.png,MVR,GT,1.0,0.0,0.09171800957335444,0.9082819904266456,0.9688158767450594,0.978862810677253,0.02360163946729682,1.0,0.9790001014610389,0.9382355925324676,0.9759036468111093,2.41,Unreliable,True,,False,0.0
0654_MVR.png,MVR,fpn_resnet18_torch_cross_entropy_correct_files,1.0,0.0,0.13023118292458785,0.8697688170754121,0.9557213978056401,0.9678752601056001,0.033937473604575996,1.0,0.9697075385551948,0.9109045251623377,0.96496201279545,3.5,Unreliable,True,,False,0.0
0654_MVR.png,MVR,fpn_resnet50_torch_cross_entropy_all_files,1.0,0.0,0.1455701260198659,0.854429873980134,0.9505061571532456,0.971693217966658,0.04235993942989114,1.0,0.9812553267045455,0.9448686079545454,0.9691619432177894,3.08,Unreliable,True,,False,0.0
0654_MVR.png,MVR,unet_resnet18_torch_cross_entropy_all_files,1.0,0.0,0.03905257353822549,0.9609474264617746,0.9867221249970033,0.993263960317402,0.01465947490139629,1.0,0.9952092633928571,0.9859095982142857,0.9920795309514645,0.79,Unreliable,True,,False,0.0
0654_MVR.png,MVR,pan_resnet18_torch_cross_entropy_correct_clear_strict_files,0.7317622803442572,0.0,0.0,1.0,0.7317622803442572,0.8763644880610356,0.04871080620191487,0.9291548295454546,0.9291548295454546,0.9291548295454546,0.8540999623397696,14.59,Unreliable,True,,False,0.0
0655_MVR.png,MVR,GT,1.0,0.0,0.09171800957335444,0.9082819904266456,0.9688158767450594,0.978862810677253,0.02360163946729682,1.0,0.9790001014610389,0.9382355925324676,0.9759036468111093,2.41,Unreliable,True,,False,0.0
0655_MVR.png,MVR,fpn_resnet18_torch_cross_entropy_correct_files,1.0,0.0,0.23542620605886255,0.7645737939411374,0.9199550899399868,0.9026698940823643,0.03752688624923787,1.0,0.8732416801948052,0.6271814123376623,0.8960841672846274,10.39,Unreliable,True,,False,0.0
0655_MVR.png,MVR,fpn_resnet50_torch_cross_entropy_all_files,1.0,0.0,0.42702914359232536,0.5729708564076746,0.8548100911786094,0.8325998462524544,0.029221131356581154,1.0,0.7982672991071429,0.4066685267857143,0.8255299008721763,17.45,Unreliable,False,,False,0.0
0655_MVR.png,MVR,unet_resnet18_torch_cross_entropy_all_files,1.0,0.0,0.048286305628141506,0.9517136943718585,0.9835826560864319,0.9884794520053423,0.013932876799427117,1.0,0.9856062297077922,0.9576653814935064,0.9858611243106492,1.41,Unreliable,True,,False,0.0
0655_MVR.png,MVR,pan_resnet18_torch_cross_entropy_correct_clear_strict_files,0.4717434213154972,0.0,0.0,1.0,0.4717434213154972,0.4299808435586744,0.3345291251989334,0.3367491883116883,0.3367491883116883,0.3367491883116883,0.40521695478692676,59.48,Degraded,False,,False,0.5
0656_MVR.png,MVR,GT,1.0,0.0,0.09171800957335444,0.9082819904266456,0.9688158767450594,0.978862810677253,0.02360163946729682,1.0,0.9790001014610389,0.9382355925324676,0.9759036468111093,2.41,Unreliable,True,,False,0.0
0656_MVR.png,MVR,fpn_resnet18_torch_cross_entropy_correct_files,1.0,0.0,0.17138142385667138,0.8286185761433286,0.9417303158887318,0.9461485218793578,0.03753039928476456,1.0,0.9391477272727272,0.8210227272727273,0.9420227422395178,5.8,Unreliable,True,,False,0.0
0656_MVR.png,MVR,fpn_resnet50_torch_cross_entropy_all_files,1.0,0.0,0.280044590415458,0.719955409584542,0.9047848392587442,0.8827884296020224,0.039864709484536125,1.0,0.8466662439123377,0.549018364448052,0.8749384782231651,12.51,Unreliable,True,,False,0.0
0656_MVR.png,MVR,unet_resnet18_torch_cross_entropy_all_files,1.0,0.0,0.0907710625784128,0.9092289374215872,0.9691378387233397,0.9838796752917334,0.026927281276087536,1.0,0.9844247159090909,0.9541903409090909,0.9796751405681583,2.03,Unreliable,True,,False,0.0
0656_MVR.png,MVR,pan_resnet18_torch_cross_entropy_correct_clear_strict_files,0.9996963376725082,0.0,0.12690945715861585,0.8730905428413842,0.9565602250297669,0.9730086522226405,0.019332100479946733,1.0,0.9789828530844156,0.938184862012987,0.9704638044094884,2.95,Unreliable,True,,False,0.0
0657_MVR.png,MVR,GT,1.0,0.0,0.09171800957335444,0.9082819904266456,0.9688158767450594,0.978862810677253,0.02360163946729682,1.0,0.9790001014610389,0.9382355925324676,0.9759036468111093,2.41,Unreliable,True,,False,0.0
0657_MVR.png,MVR,fpn_resnet18_torch_cross_entropy_correct_files,1.0,0.00019178673315273416,0.17508530514068357,0.8247229081261637,0.9403424991409551,0.934464680619855,0.02765399360576626,1.0,0.9131975446428572,0.7446986607142857,0.9277211717853859,7.23,Unreliable,True,,False,0.0
0657_MVR.png,MVR,fpn_resnet50_torch_cross_entropy_all_files,1.0,0.0,0.23921399403862906,0.7607860059613709,0.9186672420268662,0.9142673346126561,0.04733664320859691,1.0,0.9067639001623378,0.725776176948052,0.9125859330567918,8.74,Unreliable,True,,False,0.0
0657_MVR.png,MVR,unet_resnet18_torch_cross_entropy_all_files,1.0,0.0,0.07758572467416233,0.9224142753258376,0.9736208536107849,0.985539168535277,0.02289167986700691,1.0,0.9864858969155844,0.960252637987013,0.9823423654100523,1.77,Unreliable,True,,False,0.0
0657_MVR.png,MVR,pan_resnet18_torch_cross_entropy_correct_clear_strict_files,0.8345519782002413,4.7876669698855745e-06,0.0,0.9999952123330301,0.8345493011770911,0.9297631589478477,0.02479685892595799,0.9613560267857143,0.9613560267857143,0.9613560267857143,0.9138361487517673,8.62,Unreliable,True,,False,0.0
0658_MVR.png,MVR,GT,1.0,0.0,0.09171800957335444,0.9082819904266456,0.9688158767450594,0.978862810677253,0.02360163946729682,1.0,0.9790001014610389,0.9382355925324676,0.9759036468111093,2.41,Unreliable,True,,False,0.0
0658_MVR.png,MVR,fpn_resnet18_torch_cross_entropy_correct_files,1.0,0.0,0.12584805696065976,0.8741519430393403,0.9572116606333758,0.971604253058724,0.034837451791448815,1.0,0.9747914975649351,0.9258573457792207,0.968561373133604,3.14,Unreliable,True,,False,0.0
0658_MVR.png,MVR,fpn_resnet50_torch_cross_entropy_all_files,0.9997123199002709,0.00422451899634701,0.21830811411397008,0.7774673668896829,0.9226793006177131,0.9183361171151911,0.03933688202437025,1.0,0.8901105925324676,0.6767958603896104,0.9083488623328583,9.17,Unreliable,True,,False,0.0
0658_MVR.png,MVR,unet_resnet18_torch_cross_entropy_all_files,1.0,0.0,0.08737483917883314,0.9126251608211668,0.9702925546791967,0.9828637449434873,0.024495945542486866,1.0,0.9824540888798702,0.9483943790584416,0.9789285254387533,2.11,Unreliable,True,,False,0.0
0658_MVR.png,MVR,pan_resnet18_torch_cross_entropy_correct_clear_strict_files,0.0,0.0,0.0,0.0,0.0,0.0,,0.0,0.0,0.0,0.0,100.0,Healthy,False,,False,1.0
0659_MVR.png,MVR,GT,1.0,0.0,0.09171800957335444,0.9082819904266456,0.9688158767450594,0.978862810677253,0.02360163946729682,1.0,0.9790001014610389,0.9382355925324676,0.9759036468111093,2.41,Unreliable,True,,False,0.0
0659_MVR.png,MVR,fpn_resnet18_torch_cross_entropy_correct_files,1.0,0.0,0.15336146205419574,0.8466385379458042,0.9478571029015735,0.9593121909420771,0.039720978759835615,1.0,0.9582373681006494,0.8771687297077922,0.955445735393355,4.46,Unreliable,True,,False,0.0
0659_MVR.png,MVR,fpn_resnet50_torch_cross_entropy_all_files,1.0,0.0,0.40009908981212894,0.5999009101878711,0.8639663094638762,0.8238268842415725,0.029150434854116808,1.0,0.7708294439935065,0.32596895292207795,0.8146697357090371,18.53,Unreliable,False,,False,0.0
0659_MVR.png,MVR,unet_resnet18_torch_cross_entropy_all_files,1.0,0.0,0.09294064999720311,0.9070593500027969,0.9684001790009509,0.9828749029375472,0.026408365059596102,1.0,0.9832776988636364,0.9508167613636364,0.978693604127004,2.13,Unreliable,True,,False,0.0
0659_MVR.png,MVR,pan_resnet18_torch_cross_entropy_correct_clear_strict_files,0.994861713774283,0.0,0.12177098059375402,0.878229019406246,0.9536723163841808,0.9719126344786359,0.03719328500517704,1.0,0.9749467329545455,0.9263139204545454,0.9676541784406633,3.23,Unreliable,True,,False,0.0
0660_MVR.png,MVR,GT,1.0,0.0,0.09171800957335444,0.9082819904266456,0.9688158767450594,0.978862810677253,0.02360163946729682,1.0,0.9790001014610389,0.9382355925324676,0.9759036468111093,2.41,Unreliable,True,,False,0.0
0660_MVR.png,MVR,fpn_resnet18_torch_cross_entropy_correct_files,1.0,0.0009229736532975332,0.11332997706550316,0.8857470492811993,0.9608494154500196,0.9761984804422,0.03270370440405791,1.0,0.9823419744318181,0.9480646306818182,0.9740511585403931,2.59,Unreliable,True,,False,0.0
0660_MVR.png,MVR,fpn_resnet50_torch_cross_entropy_all_files,1.0,0.0,0.41462293929150784,0.5853770607084922,0.8590282006408874,0.8192949603603931,0.04131059164962236,1.0,0.762433796672078,0.30127587256493504,0.8084704669692153,19.15,Unreliable,False,,False,0.0
0660_MVR.png,MVR,unet_resnet18_torch_cross_entropy_all_files,1.0,0.0,0.02000575360199458,0.9799942463980054,0.9931980437753218,0.9967177973053728,0.01270335325611586,1.0,0.9982880986201299,0.9949649959415584,0.9962899917722603,0.37,Unreliable,True,,False,0.0
0660_MVR.png,MVR,pan_resnet18_torch_cross_entropy_correct_clear_strict_files,0.9746242178697289,0.0,0.07867107782246328,0.9213289221775367,0.9485548070545554,0.974279862545199,0.046045253320485646,0.9891690340909091,0.9746545251623376,0.946479301948052,0.9667122109448614,3.33,Unreliable,True,,False,0.0
0668_FV.png,FV,GT,0.13448719074572293,0.0,0.4711207408286834,0.5288792591713166,0.11294489106745118,0.17222281308413134,0.24342111208481654,0.2983698498603352,0.25646713512569835,0.1751265712290503,0.18813716529575408,81.19,Healthy,False,,False,1.0
0668_FV.png,FV,fpn_resnet18_torch_cross_entropy_correct_files,0.12158612816439275,0.13782009192383454,0.2119500984898227,0.6502298095863428,0.10159706532759599,0.16401387252206523,0.17157546464786005,0.2756197625698324,0.24297213250698327,0.20218662709497207,0.17687213435769167,82.31,Healthy,False,,False,1.0
0668_FV.png,FV,fpn_resnet50_torch_cross_entropy_all_files,0.10405473371600099,0.03621298143317477,0.158968850698174,0.8048181678686512,0.09590598829643703,0.14131284152929982,0.22957558452301177,0.22726082402234637,0.2156212901536313,0.19609811452513967,0.15741416500917357,84.26,Healthy,False,,False,1.0
0668_FV.png,FV,unet_resnet18_torch_cross_entropy_all_files,0.13926521423268215,0.32256585170110924,0.019261085155779758,0.658173063143111,0.10825532288581444,0.167487470819867,0.26425413300752243,0.32098900139664804,0.26153402147346366,0.2299231843575419,0.1873364467010899,81.27,Healthy,False,,False,1.0
0668_FV.png,FV,pan_resnet18_torch_cross_entropy_correct_clear_strict_files,0.10214272598813677,0.032279495095548866,0.16538356324983391,0.8023369416546172,0.09419013100645851,0.13704903719388853,0.22021762778842408,0.1964363652234637,0.19012722590782122,0.17872730446927373,0.14542264082323259,85.46,Healthy,False,,False,1.0
0669_FV.png,FV,GT,0.13677840668683788,0.0,0.47749956224829276,0.5225004377517072,0.11457245271872331,0.17417994484123764,0.2478985358387309,0.3041528456703911,0.2606029591480447,0.17606494413407822,0.19086690292720618,80.91,Healthy,False,,False,1.0
0669_FV.png,FV,fpn_resnet18_torch_cross_entropy_correct_files,0.09000407149871069,0.0536632960794749,0.32916444917509313,0.6171722547454319,0.07669514054653882,0.12911279740092857,0.10036168267070501,0.21231232541899442,0.18722481668994412,0.1426981494413408,0.13663230806021787,86.34,Healthy,False,,False,1.0
0669_FV.png,FV,fpn_resnet50_torch_cross_entropy_all_files,0.10973886524935934,0.029535864978902954,0.16248363160192056,0.8079805034191765,0.10150477802348697,0.14638808299181874,0.12902517247961115,0.22408563198324022,0.21209911836592177,0.19171176675977653,0.15920750565096042,84.08,Healthy,False,,False,1.0
0669_FV.png,FV,unet_resnet18_torch_cross_entropy_all_files,0.15123621877519738,0.32237119932432434,0.03713576858108108,0.6404930320945946,0.11666137105723252,0.17726067765126738,0.2598550403953498,0.3260300279329609,0.27208056913407824,0.23892501745810055,0.19700884226618126,80.3,Healthy,False,,False,1.0
0669_FV.png,FV,pan_resnet18_torch_cross_entropy_correct_clear_strict_files,0.07780554202824502,0.5641288733839523,0.050328339831725834,0.3855427867843218,0.04706628559567622,0.07211355909069712,0.08270968627479391,0.12004626396648045,0.08589985597067039,0.06380935754189944,0.07011389579418016,92.99,Healthy,False,,False,1.0
0670_FV.png,FV,GT,0.14510502071674344,0.0,0.47141835387323944,0.5285816461267606,0.12184726291503342,0.18514303171773747,0.24959680970535106,0.3216764141061452,0.27704325244413414,0.1904024092178771,0.20291438936748493,79.71,Degraded,False,,False,0.5
0670_FV.png,FV,fpn_resnet18_torch_cross_entropy_correct_files,0.11730307118736079,0.1147446149658012,0.2763466839078504,0.6089087011263484,0.09726339403325857,0.1548043700824483,0.17073759287665352,0.2743758729050279,0.23441733589385477,0.18315729748603352,0.16938726359225398,83.06,Healthy,False,,False,1.0
0670_FV.png,FV,fpn_resnet50_torch_cross_entropy_all_files,0.13355713270690797,0.0013150422905645715,0.2731103738904331,0.7255745838190023,0.12103767333807011,0.17384981313094877,0.2223965522216547,0.2652649266759777,0.25272990136173185,0.2288102304469274,0.1895582064853984,81.04,Healthy,False,,False,1.0
0670_FV.png,FV,unet_resnet18_torch_cross_entropy_all_files,0.12236051125250477,0.2465909832322046,0.019279702485809357,0.734129314281986,0.10134251682486967,0.1588713192731905,0.2301515602514489,0.2952055691340782,0.2525416812150838,0.22835195530726257,0.17908082331545158,82.09,Healthy,False,,False,1.0
0670_FV.png,FV,pan_resnet18_torch_cross_entropy_correct_clear_strict_files,0.11644885479119599,0.04980632776882734,0.09553354128817743,0.8546601309429952,0.10878050630283967,0.1353560675358191,0.3652019783642281,0.18665982891061453,0.1816233851256983,0.17487561103351956,0.14589032620187697,85.41,Healthy,False,,False,1.0
0671_FV.png,FV,GT,0.150465827352488,0.0,0.4831940575673166,0.5168059424326834,0.1257464015136395,0.1913787578803703,0.23014563830674248,0.33190031424581007,0.2846776798184357,0.1930102129888268,0.20900861974557722,79.1,Degraded,False,,False,0.5
0671_FV.png,FV,fpn_resnet18_torch_cross_entropy_correct_files,0.11989366203367369,0.06405646557464376,0.232820615261686,0.7031229191636703,0.10525742250181622,0.16312031186791107,0.20151586025027457,0.2720190293296089,0.249004560928771,0.21634951117318435,0.18011514468242656,81.99,Healthy,False,,False,1.0
0671_FV.png,FV,fpn_resnet50_torch_cross_entropy_all_files,0.09835463552103209,0.0830762987012987,0.11919642857142858,0.7977272727272727,0.08889410910019879,0.13535664690540447,0.19504242592065896,0.21464734636871508,0.20111317213687155,0.18197887569832402,0.14772049565642958,85.23,Healthy,False,,False,1.0
0671_FV.png,FV,unet_resnet18_torch_cross_entropy_all_files,0.17428808647543928,0.38634541831756863,0.02686485124705128,0.5867897304353801,0.12758141001588685,0.19625534746212928,0.20693423854696746,0.3630412011173184,0.29399441340782123,0.2565467877094972,0.21474879260653335,78.53,Degraded,False,,False,0.5
0671_FV.png,FV,pan_resnet18_torch_cross_entropy_correct_clear_strict_files,0.22240761290425592,0.014017014250332029,0.26483362647618364,0.7211493592734843,0.20029254915735945,0.23337261955622374,0.24311407498027227,0.32768854748603354,0.32296274877793296,0.31708275139664804,0.25928465012524815,74.07,Degraded,False,,False,0.5
0672_FV.png,FV,GT,0.1541142095305003,0.0,0.49605014374886686,0.5039498562511332,0.1281217617614421,0.19384489215466355,0.23571356940018257,0.3391563372905028,0.28937761871508383,0.19274834148044692,0.21234104366086523,78.77,Degraded,False,,False,0.5
0672_FV.png,FV,fpn_resnet18_torch_cross_entropy_correct_files,0.11682407133904407,0.1917518023712714,0.16055625790139064,0.647691939727338,0.09543792561132357,0.15368072167136407,0.14900641719214466,0.2608785789106145,0.22723332751396652,0.19426501396648044,0.1656289251903929,83.44,Healthy,False,,False,1.0
0672_FV.png,FV,fpn_resnet50_torch_cross_entropy_all_files,0.1215102865217426,0.04411813015341152,0.14470615288591046,0.811175716960678,0.11194022880226089,0.1625739299318256,0.23447089298385548,0.2596237779329609,0.24380673882681567,0.22299450069832402,0.1798769431509522,82.01,Healthy,False,,False,1.0
0672_FV.png,FV,unet_resnet18_torch_cross_entropy_all_files,0.14841011967012877,0.31541151156535774,0.033835395373856915,0.6507530930607853,0.11533993022568877,0.17726025122471264,0.21869004077473203,0.3332096717877095,0.2747723900139665,0.24057262569832402,0.19768901044070702,80.23,Healthy,False,,False,1.0
0672_FV.png,FV,pan_resnet18_torch_cross_entropy_correct_clear_strict_files,0.05801087329655679,0.028762127571733298,0.1212413128741485,0.8499965595541182,0.05450164057448049,0.09129076515751275,0.15535620338787365,0.1129648219273743,0.10915797398743017,0.10243540502793295,0.08740091131457003,91.26,Healthy,False,,False,1.0
0673_MVL.png,MVL,GT,0.0789392911376046,0.4497595415941881,0.0,0.5502404584058119,0.05515181254240575,0.1122174616074518,0.3209044539050828,0.24789468344155843,0.17319437398538964,0.13640168425324675,0.11948853183911312,88.05,Healthy,False,,False,1.0
0673_MVL.png,MVL,fpn_resnet18_torch_cross_entropy_correct_files,0.08964573034796937,0.576068838131279,0.1347028877776276,0.2892282740910934,0.050939832315595616,0.09698775743792692,0.3294359490608416,0.2503424310064935,0.14968001724837662,0.08142248376623376,0.10425028382540741,89.57,Healthy,False,,False,1.0
0673_MVL.png,MVL,fpn_resnet50_torch_cross_entropy_all_files,0.0760476236632096,0.06856080722251726,0.21115241635687731,0.7202867764206055,0.06709472230299507,0.13017448308788582,0.24066717522037082,0.23881392045454544,0.21069893973214288,0.17201450892857142,0.14346033751012144,85.65,Healthy,False,,False,1.0
0673_MVL.png,MVL,unet_resnet18_torch_cross_entropy_all_files,0.11063859002940131,0.39047271399890493,0.040153312648293485,0.5693739733528016,0.08018323317501858,0.16737288487588622,0.24472715528415764,0.3474406452922078,0.25180106026785715,0.19782366071428573,0.1749872595224143,82.5,Healthy,False,,False,1.0
0673_MVL.png,MVL,pan_resnet18_torch_cross_entropy_correct_clear_strict_files,0.0908855933572421,0.04408105225737647,0.07816388197653751,0.8777550657660861,0.08578600045232787,0.16882531764999426,0.23825607949085442,0.2854099025974026,0.2693955458603896,0.2505199878246753,0.1841416137748525,81.59,Healthy,False,,False,1.0
0674_MVL.png,MVL,GT,0.08317178766437272,0.4595998834612023,0.0,0.5404001165387977,0.057560539239442994,0.11628410998001422,0.32263166352943884,0.26118607954545453,0.18075854809253247,0.14114498782467533,0.12445681400285015,87.55,Healthy,False,,False,1.0
0674_MVL.png,MVL,fpn_resnet18_torch_cross_entropy_correct_files,0.13071063939775773,0.3479375868994284,0.3238374787579175,0.3282249343426541,0.08584775128428808,0.15942853460548073,0.2602143516679488,0.35843648538961037,0.25235034496753245,0.1347275771103896,0.17452302375394363,82.55,Healthy,False,,False,1.0
0674_MVL.png,MVL,fpn_resnet50_torch_cross_entropy_all_files,0.0893670640690123,0.027838033261026754,0.2417299349240781,0.7304320318148951,0.08035531969887887,0.15317645630329607,0.22521805101944228,0.2806412337662338,0.25234146712662336,0.2049893465909091,0.17099611965130182,82.9,Healthy,False,,False,1.0
0674_MVL.png,MVL,unet_resnet18_torch_cross_entropy_all_files,0.11038011695906433,0.3832644250118913,0.09630090373568476,0.520434671252424,0.0784218199735065,0.15830626152102248,0.23496504505486832,0.3466289569805195,0.2462696580762987,0.18039772727272727,0.16952628767887817,83.05,Healthy,False,,False,1.0
0674_MVL.png,MVL,pan_resnet18_torch_cross_entropy_correct_clear_strict_files,0.10975816613356595,0.27707252456120984,0.08231224932847629,0.6406152261103139,0.08631110464928436,0.1701591699533611,0.22293727491682067,0.34405438311688313,0.2708394632711039,0.22080458603896103,0.1852768676892352,81.47,Healthy,False,,False,1.0
0675_MVL.png,MVL,GT,0.08162902652579884,0.46422917078962994,0.0,0.5357708292103701,0.056239661077186524,0.11334794955831565,0.3264933316774357,0.25634131493506496,0.1766105671672078,0.13734019886363635,0.12152051005753378,87.85,Healthy,False,,False,1.0
0675_MVL.png,MVL,fpn_resnet18_torch_cross_entropy_correct_files,0.1046210138606184,0.1096313453001351,0.15803898861223703,0.7323296660876278,0.09131465865400148,0.18177795271659075,0.2228436587953096,0.3285435267857143,0.2867573051948052,0.24060217126623376,0.19663070548909975,80.34,Healthy,False,,False,1.0
0675_MVL.png,MVL,fpn_resnet50_torch_cross_entropy_all_files,0.09499289199056574,0.03592534331023341,0.1669146719952383,0.7971599846945283,0.08731547445962973,0.17238224407291694,0.2407615898711801,0.2983081371753247,0.2741985846185065,0.23779931006493507,0.1875887494071666,81.24,Healthy,False,,False,1.0
0675_MVL.png,MVL,unet_resnet18_torch_cross_entropy_all_files,0.1250282704920681,0.4150138897861619,0.09483816784029976,0.4901479423735383,0.08623146263448678,0.1778854296885147,0.21326095953879912,0.3926288555194805,0.27079443993506497,0.19244622564935066,0.18755284367092645,81.24,Healthy,False,,False,1.0
0675_MVL.png,MVL,pan_resnet18_torch_cross_entropy_correct_clear_strict_files,0.053334302607347096,0.11843101620475542,0.11010146902922914,0.7714675147660155,0.04710574779490162,0.09240368738751634,0.2618926771449073,0.16748681006493507,0.14792715097402598,0.1292106331168831,0.10102369094433578,89.9,Healthy,False,,False,1.0
0676_MVL.png,MVL,GT,0.08055070918548674,0.4913010779644021,0.0,0.5086989220355979,0.05403569351555686,0.1090758305314723,0.32700717104060856,0.2529550527597403,0.16968940239448055,0.12867796266233766,0.11680921817190097,88.32,Healthy,False,,False,1.0
0676_MVL.png,MVL,fpn_resnet18_torch_cross_entropy_correct_files,0.09005767180381893,0.4021256558590071,0.061975873357549664,0.5358984707834432,0.06389627960324383,0.12893438751964467,0.3010151733305956,0.2744140625,0.19788415685876623,0.15155742694805194,0.13700286288037306,86.3,Healthy,False,,False,1.0
0676_MVL.png,MVL,fpn_resnet50_torch_cross_entropy_all_files,0.08746486381700107,0.16456572932539132,0.027242923765987904,0.8081913469086208,0.07701092048722175,0.15163516750988823,0.31134921105558594,0.2746677150974026,0.24183898133116882,0.2219840706168831,0.16532941893160052,83.47,Healthy,False,,False,1.0
0676_MVL.png,MVL,unet_resnet18_torch_cross_entropy_all_files,0.09599043649639753,0.43537529451363177,0.03942275328172332,0.5252019522046449,0.06670325676068624,0.1380149099787848,0.29256205633087606,0.30097148944805197,0.20931475750811687,0.15831726866883117,0.14514135302508807,85.49,Healthy,False,,False,1.0
0676_MVL.png,MVL,pan_resnet18_torch_cross_entropy_correct_clear_strict_files,0.025132467448547705,0.26209223847019125,0.09111361079865017,0.6467941507311586,0.019940591580239732,0.035807218925595546,0.4094818019416137,0.07892400568181818,0.06261985085227273,0.05104758522727273,0.04177228349265968,95.82,Healthy,False,,False,1.0
0677_MVL.png,MVL,GT,0.08350295628574197,0.4261946217837106,0.0,0.5738053782162894,0.059658654001486226,0.11870796489224998,0.3339197667236196,0.2595500202922078,0.18646420961850652,0.15046672077922077,0.12809566951552348,87.19,Healthy,False,,False,1.0
0677_MVL.png,MVL,fpn_resnet18_torch_cross_entropy_correct_files,0.07576895738425253,0.07361014871275519,0.21080965833377752,0.7155801929534673,0.06660136182998934,0.13130195973522932,0.3322618796551872,0.2379388189935065,0.20914962966720776,0.1702643060064935,0.1430308483364487,85.7,Healthy,False,,False,1.0
0677_MVL.png,MVL,fpn_resnet50_torch_cross_entropy_all_files,0.07873735905140383,0.0,0.16075092326631105,0.839249076733689,0.074433943975962,0.145632333001428,0.33346277711680394,0.24726055194805194,0.23374644886363635,0.20751318993506493,0.15951846263867153,84.05,Healthy,False,,False,1.0
0677_MVL.png,MVL,unet_resnet18_torch_cross_entropy_all_files,0.08424202772123679,0.23040414209693658,0.18112085910158685,0.5884749988014766,0.06604980452974057,0.1343185372940023,0.31048285296813594,0.264546976461039,0.20741756290584418,0.15567928165584416,0.14307752770946053,85.69,Healthy,False,,False,1.0
0677_MVL.png,MVL,pan_resnet18_torch_cross_entropy_correct_clear_strict_files,0.06641546315143292,0.06153846153846154,0.1436910915171785,0.7947704469443599,0.06043237698297308,0.1168965054135427,0.34731969212048375,0.20856584821428573,0.18977703936688312,0.1657619724025974,0.12910948046570797,87.09,Healthy,False,,False,1.0
0678_MVL.png,MVL,GT,0.07679073374042841,0.4012832649626591,0.0,0.5987167350373409,0.056144793383089406,0.1155167968393807,0.311906777944059,0.24114752435064934,0.17631265219155845,0.14437905844155843,0.12202353794336442,87.8,Healthy,False,,False,1.0
0678_MVL.png,MVL,fpn_resnet18_torch_cross_entropy_correct_files,0.07139106975541985,0.07241047689087515,0.37517678339084687,0.552412739718278,0.05882087816225647,0.11624586262114663,0.3391225318241043,0.22419084821428573,0.1847164163961039,0.12384588068181818,0.1264065887934625,87.36,Healthy,False,,False,1.0
0678_MVL.png,MVL,fpn_resnet50_torch_cross_entropy_all_files,0.07753384381764725,0.09006146473591,0.2107511199083238,0.6991874153557662,0.0672996429840716,0.12869195410869325,0.3562809056021697,0.24195921266233766,0.21049944196428572,0.17006138392857142,0.14299725591354373,85.7,Healthy,False,,False,1.0
0678_MVL.png,MVL,unet_resnet18_torch_cross_entropy_all_files,0.08700445866046332,0.3086385368797289,0.0999860743629021,0.591375388757369,0.06605525669606799,0.12953935788496088,0.33798530250474096,0.2712307224025974,0.2067775974025974,0.16157670454545456,0.14138942333534762,85.86,Healthy,False,,False,1.0
0678_MVL.png,MVL,pan_resnet18_torch_cross_entropy_correct_clear_strict_files,0.08239636845336176,0.03318302127242427,0.047985491618468774,0.918831487109107,0.07922017866950988,0.15123342835765416,0.27091705674538596,0.2578125,0.2478382457386364,0.23681006493506493,0.1682713804036038,83.17,Healthy,False,,False,1.0
0679_MVL.png,MVL,GT,0.07966220800620336,0.43989860583016477,0.0,0.5601013941698353,0.05618320086588478,0.11396377040330863,0.3219380339099253,0.2501648741883117,0.17643326400162337,0.14011769480519481,0.12161739698140737,87.84,Healthy,False,,False,1.0
0679_MVL.png,MVL,fpn_resnet18_torch_cross_entropy_correct_files,0.0906230816451811,0.4845581353892776,0.02410980881500958,0.4913320557957128,0.060459072404768825,0.11426703104489312,0.3284648458719164,0.24343039772727273,0.17627967735389613,0.13982599431818182,0.12292970197645704,87.71,Healthy,False,,False,1.0
0679_MVL.png,MVL,fpn_resnet50_torch_cross_entropy_all_files,0.08824028302801201,0.028559659480983112,0.3211130944207973,0.6503272460982196,0.07691787018190042,0.14754117319436508,0.2254569923390952,0.2771027800324675,0.24154677353896103,0.18020748782467533,0.1639564224284641,83.6,Healthy,False,,False,1.0
0679_MVL.png,MVL,unet_resnet18_torch_cross_entropy_all_files,0.10316306419824885,0.34156749138740994,0.025798621985593486,0.6326338866269966,0.07864927627540307,0.16237440605369988,0.24893743729186413,0.3239650974025974,0.24698394379058444,0.2049512987012987,0.17110068221496466,82.89,Healthy,False,,False,1.0
0679_MVL.png,MVL,pan_resnet18_torch_cross_entropy_correct_clear_strict_files,0.09748473393428322,0.6837351893280305,0.0,0.3162648106719695,0.052826726115472844,0.10388446395847845,0.2634091527883621,0.3051567573051948,0.16557059151785714,0.09681919642857142,0.11324159362932824,88.68,Healthy,False,,False,1.0
0680_MVR.png,MVR,GT,0.1675456891936167,0.4197171678630196,0.0,0.5802828321369804,0.120430081749095,0.2076538389299204,0.16910515911705135,0.40985186688311687,0.3048754565746753,0.2531706574675325,0.22037535883357473,77.96,Degraded,False,,False,0.5
0680_MVR.png,MVR,fpn_resnet18_torch_cross_entropy_correct_files,0.14517057032579772,0.08146863732694795,0.17680896155010598,0.7417224011229461,0.12851964615347733,0.2340936873982403,0.09272288327631631,0.39960430194805197,0.3604489650974026,0.31903155438311687,0.25296358610447633,74.7,Degraded,False,,False,0.5
0680_MVR.png,MVR,fpn_resnet50_torch_cross_entropy_all_files,0.14167046244576031,0.04298163973263389,0.1596863806864653,0.7973319795809009,0.12989891240940074,0.22901627976692404,0.11678324946337637,0.3728059050324675,0.3474701958198052,0.3144023944805195,0.24666263598081953,75.33,Degraded,False,,False,0.5
0680_MVR.png,MVR,unet_resnet18_torch_cross_entropy_all_files,0.16629108431424255,0.3059179701578606,0.0721305173118047,0.6219515125303346,0.12812904050695628,0.23920228875075364,0.08280913812716355,0.46443790584415584,0.3785539265422079,0.3210734577922078,0.2616209693941961,73.84,Degraded,False,,False,0.5
0680_MVR.png,MVR,pan_resnet18_torch_cross_entropy_correct_clear_strict_files,0.11333397262244384,0.010893707033315707,0.0376872906751278,0.9514190022915565,0.11105454734335418,0.1977492423690126,0.09957067652268531,0.2975091314935065,0.2937817065746753,0.2876293628246753,0.21015381954358014,78.98,Degraded,False,,False,0.5
0681_MVR.png,MVR,GT,0.16763758700325238,0.42003527505005245,0.0,0.5799647249499476,0.12046040802627478,0.20767961981448713,0.1692359532584544,0.4099786931818182,0.3049173092532468,0.2531706574675325,0.2204089320535273,77.96,Degraded,False,,False,0.5
0681_MVR.png,MVR,fpn_resnet18_torch_cross_entropy_correct_files,0.13708356307785743,0.09332828120901221,0.13110262613308463,0.7755690926579032,0.12240124981021104,0.2252333119500554,0.08705076168254733,0.3869724025974026,0.35013671874999996,0.31612723214285715,0.24434505602807993,75.57,Degraded,False,,False,0.5
0681_MVR.png,MVR,fpn_resnet50_torch_cross_entropy_all_files,0.14179032915398077,0.024910530616845606,0.11468988643728689,0.8603995829458675,0.13389478899463794,0.2366294044571982,0.11574185659732307,0.37976866883116883,0.35916890726461037,0.3266284496753247,0.254824820941395,74.52,Degraded,False,,False,0.5
0681_MVR.png,MVR,unet_resnet18_torch_cross_entropy_all_files,0.17471371834520014,0.31362773572392344,0.0742561803919775,0.6121160838840991,0.13359000791120273,0.24713719197075285,0.10532051197598448,0.47752637987012986,0.3887085278003247,0.3303951907467532,0.2697015710847166,73.03,Degraded,False,,False,0.5
0681_MVR.png,MVR,pan_resnet18_torch_cross_entropy_correct_clear_strict_files,0.026106969050415936,0.48362411998775634,0.0,0.5163758800122437,0.01764757589560409,0.02588663735380273,0.22018874344050987,0.045416497564935064,0.03369013798701298,0.027914468344155844,0.02653631916962724,97.35,Healthy,False,,False,1.0
0682_MVR.png,MVR,GT,0.16763758700325238,0.42003527505005245,0.0,0.5799647249499476,0.12046040802627478,0.20767961981448713,0.1692359532584544,0.4099786931818182,0.3049173092532468,0.2531706574675325,0.2204089320535273,77.96,Degraded,False,,False,0.5
0682_MVR.png,MVR,fpn_resnet18_torch_cross_entropy_correct_files,0.12899256027297645,0.07217197373311857,0.22565357452608104,0.7021744517408004,0.11285850134650269,0.21194801712545863,0.07707683030371978,0.36804991883116883,0.3299567522321429,0.28111049107142855,0.22942465643444554,77.06,Degraded,False,,False,0.5
0682_MVR.png,MVR,fpn_resnet50_torch_cross_entropy_all_files,0.13906136376349498,0.04582806573957016,0.21566486610734398,0.7385070681530859,0.12459469070393721,0.22074613145567454,0.09755389200932432,0.3703581574675325,0.337759867086039,0.2921697443181818,0.2387061934822991,76.13,Degraded,False,,False,0.5
0682_MVR.png,MVR,unet_resnet18_torch_cross_entropy_all_files,0.1850262508091003,0.2905761423512136,0.06607929515418502,0.6433445624946014,0.14484724985815772,0.26199528231623387,0.1354628058913062,0.46686028814935066,0.39607016030844155,0.350877637987013,0.2804808237756941,71.95,Degraded,False,,False,0.5
0682_MVR.png,MVR,pan_resnet18_torch_cross_entropy_correct_clear_strict_files,0.15338143983889915,7.814942169427946e-05,0.06582786287381473,0.934093987704491,0.14994050615715324,0.2582782788918729,0.14785116357458422,0.40143060064935066,0.39443638392857144,0.380859375,0.2802401890861364,71.98,Degraded,False,,False,0.5
0683_MVR.png,MVR,GT,0.16763758700325238,0.4263275812756221,0.0,0.5736724187243779,0.11975367391460695,0.20673483309226165,0.16690021871004557,0.4099786931818182,0.3043564833603896,0.2523336038961039,0.21968914544621643,78.03,Degraded,False,,False,0.5
0683_MVR.png,MVR,fpn_resnet18_torch_cross_entropy_correct_files,0.10744052613493794,0.10632205280773521,0.21182595760505765,0.6818519895872072,0.09204896155475112,0.180976122223354,0.018055426241777764,0.3195895900974026,0.27892654220779217,0.22594105113636365,0.1934781420165484,80.65,Healthy,False,,False,1.0
0683_MVR.png,MVR,fpn_resnet50_torch_cross_entropy_all_files,0.15623426749454605,0.18288067106541864,0.02634136361311442,0.7907779653214669,0.13569163090643205,0.2441169510935607,0.07761085203601199,0.42056868912337664,0.36976004464285717,0.3431919642857143,0.2618465924571407,73.82,Degraded,False,,False,0.5
0683_MVR.png,MVR,unet_resnet18_torch_cross_entropy_all_files,0.20671413388312196,0.4363692593165301,0.10990412865316221,0.45372661203030773,0.1385532887429179,0.26024842071454024,0.04882112106269186,0.5626775568181818,0.3998612520292208,0.2892781047077922,0.27958501364892574,72.04,Degraded,False,,False,0.5
0683_MVR.png,MVR,pan_resnet18_torch_cross_entropy_correct_clear_strict_files,0.09172200513029512,0.011238891792995295,0.016596968112911656,0.972164140094093,0.09051374871143288,0.15917020634223789,0.05107775160799044,0.25154728084415584,0.24969206574675326,0.24682934253246752,0.17478201281480255,82.52,Healthy,False,,False,1.0
0684_MVR.png,MVR,GT,0.1655479107232757,0.48997176163927303,0.0,0.510028238360727,0.11120166374991011,0.19669245131735766,0.13386693651193377,0.4076577719155844,0.28996081067370133,0.23199066558441558,0.20835255878966086,79.16,Degraded,False,,False,0.5
0684_MVR.png,MVR,fpn_resnet18_torch_cross_entropy_correct_files,0.12556437241787133,0.05632279004645835,0.30045185515178513,0.6432253548017565,0.1079991849063841,0.20425302555311117,0.042122566095145204,0.36148031655844154,0.31947747564935064,0.25438818993506496,0.22146665339758884,77.85,Degraded,False,,False,0.5
0684_MVR.png,MVR,fpn_resnet50_torch_cross_entropy_all_files,0.1858852955513469,0.029598263224641576,0.3083206156094835,0.6620811211658749,0.1627128632960148,0.2655369763455246,0.215327964740515,0.4150136972402597,0.3623697493912338,0.27464234983766234,0.27342285164895536,72.66,Degraded,False,,False,0.5
0684_MVR.png,MVR,unet_resnet18_torch_cross_entropy_all_files,0.20084466073726018,0.39361807945570654,0.3357868979648676,0.27059502257942586,0.12494713878167478,0.2192208952166119,0.10246988684340322,0.4831321022727273,0.32675299310064937,0.17083502435064934,0.23395160743974575,76.6,Degraded,False,,False,0.5
0684_MVR.png,MVR,pan_resnet18_torch_cross_entropy_correct_clear_strict_files,0.04807054555334468,0.0,0.007896267974399468,0.9921037320256005,0.04794148906416065,0.0906856761100614,0.21481840539230868,0.1370992288961039,0.1370992288961039,0.1370992288961039,0.09642784111070818,90.36,Healthy,False,,False,1.0
0685_MVR.png,MVR,GT,0.1657037374439623,0.5166136188271605,0.0,0.4833863811728395,0.10834851644970793,0.19220212206516082,0.12624809974937767,0.41450639204545453,0.2854739498782468,0.22192065746753248,0.20435477150575937,79.56,Degraded,False,,False,0.5
0685_MVR.png,MVR,fpn_resnet18_torch_cross_entropy_correct_files,0.12141298875650276,0.15371705005429953,0.20117155362490538,0.6451113963207951,0.10060416816500052,0.18907680466482182,0.05119568211457361,0.34415584415584416,0.2941860288149351,0.2389153814935065,0.20457870337492073,79.54,Degraded,False,,False,0.5
0685_MVR.png,MVR,fpn_resnet50_torch_cross_entropy_all_files,0.16753769807973534,0.05811929121652238,0.20834227659726695,0.7335384321862107,0.14914602961506804,0.2527284597498202,0.1576589397208362,0.4243861607142857,0.3735810673701299,0.3013266030844156,0.26999477375751846,73.0,Degraded,False,,False,0.5
0685_MVR.png,MVR,unet_resnet18_torch_cross_entropy_all_files,0.17254413092640983,0.3294044090403853,0.052774175620600224,0.6178214153390145,0.13136747936294843,0.242066032091708,0.07341134784992039,0.4614067573051948,0.3776586596996753,0.32906351461038963,0.26309351731626707,73.69,Degraded,False,,False,0.5
0685_MVR.png,MVR,pan_resnet18_torch_cross_entropy_correct_clear_strict_files,0.160833153533271,0.009167018607308772,0.04397187787245671,0.9468611035202346,0.15744080582392378,0.2769751363450769,0.17405288095227178,0.42120282061688313,0.4117834314123376,0.39667461444805197,0.29503815521563526,70.5,Degraded,False,,False,0.5
0686_MVR.png,MVR,GT,0.16286289645913743,0.5111503643188342,0.0,0.4888496356811658,0.10708711912353464,0.1903814616784554,0.1337836910101323,0.4054890422077922,0.2814700436282468,0.22038605925324675,0.2018285916918957,79.82,Degraded,False,,False,0.5
0686_MVR.png,MVR,fpn_resnet18_torch_cross_entropy_correct_files,0.13339566402160796,0.013478703648235788,0.35191397591804946,0.6346073204337147,0.11623011211532776,0.2188255752922149,0.13557292679403157,0.3803393871753247,0.33832284902597404,0.2605773133116883,0.23584584583265242,76.42,Degraded,False,,False,0.5
0686_MVR.png,MVR,fpn_resnet50_torch_cross_entropy_all_files,0.17874923085528893,0.006147037128104254,0.23378858662851779,0.760064376243378,0.16380460927448678,0.28284577518605336,0.18817162800390524,0.46134334415584416,0.42109704748376625,0.34449827516233766,0.30243393433166854,69.76,Degraded,False,,False,0.5
0686_MVR.png,MVR,unet_resnet18_torch_cross_entropy_all_files,0.1842910683320148,0.30654323128956723,0.07449483999653109,0.6189619287139017,0.14177286857015,0.2545230845165209,0.15240587504551611,0.4705382508116883,0.3865569196428571,0.32784598214285715,0.2735115537831441,72.65,Degraded,False,,False,0.5
0686_MVR.png,MVR,pan_resnet18_torch_cross_entropy_correct_clear_strict_files,0.16398564795946907,0.022805906144924712,0.022854636713610446,0.9543394571414648,0.16020569127130632,0.2835329542020812,0.208658094569125,0.4213296469155844,0.40977323457792214,0.3982218952922078,0.2970308874731851,70.3,Degraded,False,,False,0.5
0687_MVR.png,MVR,GT,0.16763758700325238,0.42003527505005245,0.0,0.5799647249499476,0.12046040802627478,0.20767961981448713,0.1692359532584544,0.4099786931818182,0.3049173092532468,0.2531706574675325,0.2204089320535273,77.96,Degraded,False,,False,0.5
0687_MVR.png,MVR,fpn_resnet18_torch_cross_entropy_correct_files,0.13067868530194424,0.013300311869381765,0.20834097719072953,0.7783587109398887,0.12025743373368815,0.22003577317459208,0.08001749476592733,0.3628246753246753,0.3418969409496753,0.3061840503246753,0.2388467384523542,76.12,Degraded,False,,False,0.5
0687_MVR.png,MVR,fpn_resnet50_torch_cross_entropy_all_files,0.16425734583143545,0.10948674288494284,0.13899294575529067,0.7515203113597665,0.14444565643004975,0.25197574797349803,0.14099729554988644,0.4225852272727273,0.3783967887581169,0.336330661525974,0.2702851368243111,72.97,Degraded,False,,False,0.5
0687_MVR.png,MVR,unet_resnet18_torch_cross_entropy_all_files,0.16808508938060876,0.3139916325948464,0.048992108015593804,0.6370162593895597,0.1299244440182517,0.2438588749341931,0.07096679385255744,0.4813945819805195,0.3888399198457792,0.33223417207792205,0.26767096362404513,73.23,Degraded,False,,False,0.5
0687_MVR.png,MVR,pan_resnet18_torch_cross_entropy_correct_clear_strict_files,0.12747824419245798,0.04801755210782009,0.0072089014261087605,0.9447735464660711,0.12306459217350307,0.21624115436276872,0.10203703947498294,0.33328683035714285,0.32371157163149356,0.31786475243506496,0.23127635261347898,76.87,Degraded,False,,False,0.5
0688_RV.png,RV,GT,0.19645882569924897,0.4372202694146672,0.0,0.5627797305853328,0.13890865262950206,0.22029944102765392,0.11564115714392602,0.4508008903631285,0.33226715258379885,0.27388486382681565,0.24066928913066632,75.93,Degraded,False,,False,0.5
0688_RV.png,RV,fpn_resnet18_torch_cross_entropy_correct_files,0.16959977352955052,0.0159581194203485,0.28084772767507143,0.7031941529045801,0.1515916411815924,0.23843911645675503,0.0744946845024697,0.4022237255586592,0.36394018418296087,0.29630761173184356,0.2625853009646886,73.74,Degraded,False,,False,0.5
0688_RV.png,RV,fpn_resnet50_torch_cross_entropy_all_files,0.16415676215884673,0.0,0.20307274247491638,0.7969272575250836,0.1528226024371309,0.23067135688047494,0.07804272867304987,0.3820923533519553,0.35921744064245814,0.3148131983240223,0.258735164052265,74.13,Degraded,False,,False,0.5
0688_RV.png,RV,unet_resnet18_torch_cross_entropy_all_files,0.17623947534345874,0.26245467156659935,0.009588941079120932,0.7279563873542797,0.14467412703791233,0.22732619428984607,0.08609468121728513,0.41378971717877094,0.3473794299930168,0.31277278282122906,0.2505518683955342,74.94,Degraded,False,,False,0.5
0688_RV.png,RV,pan_resnet18_torch_cross_entropy_correct_clear_strict_files,0.16269414050604136,0.0034009121826474387,0.17827107115551924,0.8183280166618333,0.1524621798638604,0.23580002223030658,0.050957125157248866,0.37503273393854747,0.3559188416550279,0.32018156424581007,0.25884619729026126,74.12,Degraded,False,,False,0.5
0689_RV.png,RV,GT,0.19546372826977435,0.4405433279936802,0.0,0.5594566720063198,0.13776986656258175,0.2179049113277026,0.11477552215884496,0.44800759427374304,0.329283781424581,0.27080787360335196,0.2384159459369177,76.16,Degraded,False,,False,0.5
0689_RV.png,RV,fpn_resnet18_torch_cross_entropy_correct_files,0.1622051702174202,0.020149668138667795,0.25938070180077744,0.7204696300605548,0.14571057248126684,0.22777986477812825,0.07669145412659115,0.38384907472067037,0.34867754888268154,0.2884732891061452,0.2515181507308911,74.85,Degraded,False,,False,0.5
0689_RV.png,RV,fpn_resnet50_torch_cross_entropy_all_files,0.15946865228636503,0.0,0.21727319185561741,0.7827268081443826,0.1476882428380865,0.22956475189383893,0.08369519282055209,0.38271429818435754,0.3563113215782123,0.3050584846368715,0.25570042705086254,74.43,Degraded,False,,False,0.5
0689_RV.png,RV,unet_resnet18_torch_cross_entropy_all_files,0.18176398176226607,0.2233522901573967,0.09540552658281615,0.6812421832597871,0.14866768463989913,0.2341658450868428,0.07737464362112001,0.42835631983240224,0.3595502356843575,0.3077644902234637,0.25867015319176556,74.13,Degraded,False,,False,0.5
0689_RV.png,RV,pan_resnet18_torch_cross_entropy_correct_clear_strict_files,0.1821071188069125,0.0013189815578114328,0.318322067032527,0.6803589514096615,0.16223682460978886,0.25294167889377694,0.05384460513977096,0.4269596717877095,0.3864418208798882,0.30825549930167595,0.27913027940302504,72.09,Degraded,False,,False,0.5
0690_RV.png,RV,GT,0.20122843061983417,0.4585953319833742,0.0,0.5414046680166258,0.13939920992695468,0.2199277286235262,0.11633101365572282,0.4605119587988827,0.3327157166550279,0.2697712988826816,0.24088436822715542,75.91,Degraded,False,,False,0.5
0690_RV.png,RV,fpn_resnet18_torch_cross_entropy_correct_files,0.16301583148539736,0.04420354680839867,0.2740619902120718,0.6817344629795296,0.14299790257481462,0.2245775341153112,0.08640752698251981,0.38373996159217877,0.3428353046438548,0.2756852304469274,0.24740675286457967,75.26,Degraded,False,,False,0.5
0690_RV.png,RV,fpn_resnet50_torch_cross_entropy_all_files,0.15649622763711543,0.009674943814065669,0.2393246724771145,0.7510003837088198,0.14274762699287563,0.22106032799878556,0.08348606518221706,0.3739961592178771,0.3437540371857542,0.2887024266759777,0.24664400137180004,75.34,Degraded,False,,False,0.5
0690_RV.png,RV,unet_resnet18_torch_cross_entropy_all_files,0.1938295380946458,0.27829165744633766,0.06950652799291879,0.6522018145607436,0.15310834981106017,0.23897283571733863,0.07498237667075448,0.4547726082402235,0.36887624388966483,0.312096281424581,0.26517485321438555,73.48,Degraded,False,,False,0.5
0690_RV.png,RV,pan_resnet18_torch_cross_entropy_correct_clear_strict_files,0.1132738276508409,0.03654057328940891,0.0690673633988413,0.8943920633117498,0.10784063857804009,0.1723321572102574,0.1105695178405866,0.2721172311452514,0.2619685099511173,0.2524877793296089,0.1888392427169362,81.12,Healthy,False,,False,1.0
0691_RV.png,RV,GT,0.19927683867840768,0.4533792509685751,0.0,0.5466207490314249,0.1387436894952883,0.21943139308141185,0.1141622191293579,0.4596281424581006,0.3323948149441341,0.2697276536312849,0.24041045075066367,75.96,Degraded,False,,False,0.5
0691_RV.png,RV,fpn_resnet18_torch_cross_entropy_correct_files,0.16535774181510918,0.01968769454243619,0.28859721934011207,0.6917150861174518,0.14695114157405542,0.23034017082330072,0.09721385645705573,0.3893265537709497,0.34958416986731844,0.2804752967877095,0.25302106166613425,74.7,Degraded,False,,False,0.5
0691_RV.png,RV,fpn_resnet50_torch_cross_entropy_all_files,0.18255319696495284,0.0022085947228683536,0.2528371043913442,0.7449543008857875,0.16658994694243448,0.24285669884016886,0.08175458515675828,0.4020927898044693,0.37141377880586596,0.31271822625698326,0.2713995052571274,72.86,Degraded,False,,False,0.5
0691_RV.png,RV,unet_resnet18_torch_cross_entropy_all_files,0.1860145919028236,0.25906198118428336,0.016901863124884706,0.7240361556908319,0.15265879739044277,0.23791398633833932,0.08301363687214276,0.43539411662011174,0.36552439769553075,0.32834322625698326,0.2633815941968469,73.66,Degraded,False,,False,0.5
0691_RV.png,RV,pan_resnet18_torch_cross_entropy_correct_clear_strict_files,0.17131116953972456,0.09732098147220831,0.1227841762643966,0.7798948422633951,0.15298915258017612,0.23918534958300683,0.0664260092874797,0.4018854748603352,0.3643144422136871,0.3268920216480447,0.2633781275344297,73.66,Degraded,False,,False,0.5
0692_RV.png,RV,GT,0.1994870101182536,0.45436367154744245,0.0,0.5456363284525576,0.13875844438820809,0.21892168642873241,0.11513889949479854,0.45782777583798884,0.3316617929469274,0.26952033868715086,0.2399687564238531,76.0,Degraded,False,,False,0.5
0692_RV.png,RV,fpn_resnet18_torch_cross_entropy_correct_files,0.16388225252312957,0.00013086264656616414,0.26104480737018426,0.7388243299832495,0.14932247590534564,0.2352955158109637,0.08492665362507376,0.38827906773743015,0.3581593706354748,0.29974467527932963,0.2586491457690827,74.14,Degraded,False,,False,0.5
0692_RV.png,RV,fpn_resnet50_torch_cross_entropy_all_files,0.18519535220873026,0.0,0.2261157560738356,0.7738842439261644,0.1709576525994776,0.2555776718400748,0.06236308931501982,0.4188525663407821,0.38946687325418994,0.33242405726256985,0.28374734663354173,71.63,Degraded,False,,False,0.5
0692_RV.png,RV,unet_resnet18_torch_cross_entropy_all_files,0.18081606567643035,0.26992598918303445,0.012904450137584211,0.7171695606793813,0.1473220727193182,0.23161619026023014,0.0727894474901389,0.42574851606145253,0.35436572538407823,0.3164608065642458,0.25542776904749576,74.46,Degraded,False,,False,0.5
0692_RV.png,RV,pan_resnet18_torch_cross_entropy_correct_clear_strict_files,0.17750050398253434,0.20000966580479906,0.11893772805258197,0.681052606142619,0.14653637467133904,0.22498043165382628,0.04930750906302509,0.4095233938547486,0.3427618715083799,0.2935470495810056,0.24855979050090155,75.14,Degraded,False,,False,0.5
0693_RV.png,RV,GT,0.19705931552738018,0.4431578260017848,0.0,0.5568421739982152,0.1385493023594961,0.2197914210259075,0.11292723840086395,0.45699851606145253,0.3328941166201117,0.2717680691340782,0.24065986366366576,75.93,Degraded,False,,False,0.5
0693_RV.png,RV,fpn_resnet18_torch_cross_entropy_correct_files,0.1578687758157011,0.07341194370483073,0.1568494267239037,0.7697386295712656,0.1416848886734751,0.22271683786723662,0.10386944469718615,0.3732869238826816,0.3399315860684357,0.3010976780726257,0.2452931523895878,75.47,Degraded,False,,False,0.5
0693_RV.png,RV,fpn_resnet50_torch_cross_entropy_all_files,0.15140922095023227,2.8328611898016997e-05,0.20195467422096317,0.7980169971671388,0.141009895214525,0.2192662132928089,0.08712834831409046,0.3631394029329609,0.34124770862430165,0.298762657122905,0.24458191600192083,75.54,Degraded,False,,False,0.5
0693_RV.png,RV,unet_resnet18_torch_cross_entropy_all_files,0.17877440026078414,0.25511036468330134,0.06283589251439539,0.6820537428023032,0.14439820196188605,0.2300448572527898,0.07376511321807883,0.4281926501396648,0.3535798926326816,0.30413102304469275,0.2537648748174754,74.62,Degraded,False,,False,0.5
0693_RV.png,RV,pan_resnet18_torch_cross_entropy_correct_clear_strict_files,0.1673908288046392,0.017039922103213243,0.16184082406600728,0.8211192538307794,0.15626894223716775,0.24619058973910707,0.05235649384776327,0.4000196403631285,0.37687227217178765,0.3389817562849162,0.27148676846159747,72.85,Degraded,False,,False,0.5
0694_RV.png,RV,GT,0.20190183706995277,0.44259857239972805,0.0,0.5574014276002719,0.14202965561908357,0.22175182696844284,0.0848244094865612,0.46687325418994413,0.3395156468226257,0.27678727304469275,0.2449407035053082,75.51,Degraded,False,,False,0.5
0694_RV.png,RV,fpn_resnet18_torch_cross_entropy_correct_files,0.13433815297907292,0.0,0.4047254150702427,0.5952745849297574,0.11585233097283641,0.1794160794094831,0.16843272097911896,0.3190576990223464,0.2784534305167598,0.19963337988826815,0.19996189532139977,80.0,Healthy,False,,False,1.0
0694_RV.png,RV,fpn_resnet50_torch_cross_entropy_all_files,0.13330016341901751,0.0007078962610206577,0.23617993435871035,0.763112169380269,0.1225327803107964,0.18965673000173228,0.161992382807869,0.314922311452514,0.2922983589385475,0.24861426326815642,0.2105761966691776,78.94,Degraded,False,,False,0.5
0694_RV.png,RV,unet_resnet18_torch_cross_entropy_all_files,0.18126643304752876,0.27597548567236935,0.07685572986914649,0.6471687844584841,0.14301295771264846,0.22599949313067738,0.09375276562166494,0.4312805516759777,0.3467526841829609,0.2893461941340782,0.24940480892618214,75.06,Degraded,False,,False,0.5
0694_RV.png,RV,pan_resnet18_torch_cross_entropy_correct_clear_strict_files,0.16004340683614776,0.0053332618658376435,0.135582772760164,0.8590839653739983,0.15209382224643245,0.24149753908464175,0.0554525449162164,0.3812303596368715,0.3648925235684358,0.33501003840782123,0.26403441782669657,73.6,Degraded,False,,False,0.5
0695_RV.png,RV,GT,0.1964716933384232,0.4435881762214557,0.0,0.5564118237785443,0.13807950485324458,0.21814050693828538,0.11522850308642602,0.4493387744413408,0.32966458624301676,0.27072058310055863,0.2387318380346657,76.13,Degraded,False,,False,0.5
0695_RV.png,RV,fpn_resnet18_torch_cross_entropy_correct_files,0.16135590603192032,0.008346846008665833,0.2757117414072676,0.7159414125840665,0.14532771732370262,0.22889652664053206,0.07186777308079093,0.38398001047486036,0.35010125698324024,0.2875349162011173,0.2523077759825665,74.77,Degraded,False,,False,0.5
0695_RV.png,RV,fpn_resnet50_torch_cross_entropy_all_files,0.15824193735175407,0.003361071205919822,0.22136990757054184,0.7752690212235384,0.14597538849547273,0.22704565140808278,0.08671885001075928,0.3756655900837989,0.34943566689944133,0.2998319657821229,0.25168057873084315,74.83,Degraded,False,,False,0.5
0695_RV.png,RV,unet_resnet18_torch_cross_entropy_all_files,0.17701153369391318,0.25568828903050717,0.03906079623930796,0.7052509147301849,0.1443366517545026,0.2277943108006437,0.07848328298527653,0.4174231843575419,0.34944123166899443,0.30903020251396646,0.25141578143414167,74.86,Degraded,False,,False,0.5
0695_RV.png,RV,pan_resnet18_torch_cross_entropy_correct_clear_strict_files,0.15479341005305758,0.4359500124691734,0.14810607110199783,0.4159439164288287,0.10178555650394824,0.16367677766077143,0.08452372941877971,0.3717375174581006,0.24905868104050283,0.16378971717877094,0.17926217266561703,82.07,Healthy,False,,False,1.0
0761_MVL.png,MVL,GT,0.11664001163128816,0.0,0.28513555624805237,0.7148644437519477,0.1053322186682175,0.22771154122889173,0.066052818198021,0.3030768060064935,0.275173244724026,0.2210075081168831,0.20998242585874316,79.0,Degraded,False,,False,0.5
0761_MVL.png,MVL,fpn_resnet18_torch_cross_entropy_correct_files,0.1203515233756583,0.037416107382550336,0.769026845637584,0.19355704697986578,0.08586624826338407,0.18148061726487758,0.04248293454732084,0.31464336444805197,0.22368696732954552,0.059126420454545456,0.1696788465902967,83.03,Healthy,False,,False,1.0
0761_MVL.png,MVL,fpn_resnet50_torch_cross_entropy_all_files,0.1175688992278117,0.0030229123011919893,0.33018446635292503,0.666792621345883,0.10413217666634357,0.22062055834394065,0.08046051970739419,0.2986505681818182,0.26165533685064934,0.19092431006493507,0.202087955243345,79.79,Degraded,False,,False,0.5
0761_MVL.png,MVL,unet_resnet18_torch_cross_entropy_all_files,0.12283528803592776,0.3906625020549071,0.09130363307578497,0.5180338648693079,0.08687069884656391,0.19539628148776075,0.03308310555413212,0.3219231939935065,0.24733030641233766,0.19982751623376624,0.18361221666523247,81.64,Healthy,False,,False,1.0
0761_MVL.png,MVL,pan_resnet18_torch_cross_entropy_correct_clear_strict_files,0.12200332784078059,0.056241517428580884,0.0763348670925883,0.8674236154788308,0.11423956414978516,0.24518428942165682,0.05978404858213365,0.3184101055194805,0.3002807934253247,0.2804509943181818,0.22793947344156248,77.21,Degraded,False,,False,0.5
0762_MVL.png,MVL,GT,0.11863913928467577,0.0,0.3040236928104575,0.6959763071895425,0.10637564214403412,0.2308550513444767,0.07799074281143227,0.3091010551948052,0.27828251826298706,0.218458299512987,0.21248221535174808,78.75,Degraded,False,,False,0.5
0762_MVL.png,MVL,fpn_resnet18_torch_cross_entropy_correct_files,0.11939032664534263,0.12072931466071307,0.35508422975441445,0.5241864555848724,0.09531917385544895,0.201888614447696,0.1331389919041395,0.2996778612012987,0.2352528916396104,0.15266081574675325,0.18326349314678766,81.67,Healthy,False,,False,1.0
0762_MVL.png,MVL,fpn_resnet50_torch_cross_entropy_all_files,0.12008497302187328,0.0,0.29666375193381317,0.7033362480661869,0.10797252108170981,0.2293557474442082,0.10551472172685111,0.3044338474025974,0.2718387276785715,0.20856584821428573,0.209933971629204,79.01,Degraded,False,,False,0.5
0762_MVL.png,MVL,unet_resnet18_torch_cross_entropy_all_files,0.12124002455494168,0.35716189207195204,0.30269820119920055,0.3401399067288474,0.07974976575878001,0.18058345907864998,0.05791455640683884,0.31035663555194803,0.22132292512175322,0.1295023336038961,0.1666291374999303,83.34,Healthy,False,,False,1.0
0762_MVL.png,MVL,pan_resnet18_torch_cross_entropy_correct_clear_strict_files,0.11099802914283868,0.01047882404307961,0.2352641536894193,0.7542570222675011,0.10134002132402829,0.2173269905630989,0.10203811987143328,0.28300020292207795,0.25766690340909093,0.21018922483766234,0.19866686492977453,80.13,Healthy,False,,False,1.0
0763_MVL.png,MVL,GT,0.11474588866272495,0.0,0.323349289032803,0.676650710967197,0.102130868146425,0.2224183982029609,0.08619509902492953,0.296875,0.26495256696428576,0.20298549107142858,0.20334580669053007,79.67,Degraded,False,,False,0.5
0763_MVL.png,MVL,fpn_resnet18_torch_cross_entropy_correct_files,0.11799699525055733,0.010644487798199678,0.5953041037751994,0.39405140842660097,0.09327247100255243,0.200886652013327,0.08755985695846155,0.30079393262987014,0.24175235896915587,0.12961647727272727,0.1849486804924262,81.51,Healthy,False,,False,1.0
0763_MVL.png,MVL,fpn_resnet50_torch_cross_entropy_all_files,0.11530322122063907,0.011873905429071805,0.20507880910683013,0.7830472854640981,0.10634620044586605,0.2284303022611149,0.09954836415186759,0.2939199472402597,0.2705340655438312,0.2291878043831169,0.20864657702962677,79.14,Degraded,False,,False,0.5
0763_MVL.png,MVL,unet_resnet18_torch_cross_entropy_all_files,0.12783108784853478,0.3183369139390876,0.14116011626437508,0.5405029697965373,0.09443135924525863,0.20874880851882724,0.035598357130283115,0.33009080762987014,0.2615203936688312,0.21677150974025974,0.19556220779675826,80.44,Healthy,False,,False,1.0
0763_MVL.png,MVL,pan_resnet18_torch_cross_entropy_correct_clear_strict_files,0.11707618493748183,0.008865431715478284,0.17161682017316912,0.8195177481113526,0.10954940874285161,0.23504282075280214,0.0809477789199577,0.3027090097402597,0.28366084111201306,0.247362012987013,0.21684200529350134,78.32,Degraded,False,,False,0.5
0764_MVL.png,MVL,GT,0.11046896707699266,0.0,0.25306182137242716,0.7469381786275728,0.10096410455235696,0.21921222787445901,0.08844868558141741,0.2834440949675325,0.2612885551948052,0.21828074269480519,0.20056832180596687,79.94,Degraded,False,,False,0.5
0764_MVL.png,MVL,fpn_resnet18_torch_cross_entropy_correct_files,0.10130125036347776,0.14894550093688952,0.2305944265040067,0.6204600725591037,0.08324981422248069,0.18566649808614158,0.024809748906505006,0.2691507711038961,0.22752473112824678,0.1737900771103896,0.17168478614388538,82.83,Healthy,False,,False,1.0
0764_MVL.png,MVL,fpn_resnet50_torch_cross_entropy_all_files,0.12899825530677522,0.0,0.5065276603738142,0.4934723396261858,0.10678225259280799,0.2290491813306891,0.07655535055953457,0.3323736810064935,0.2768511566558442,0.1690721387987013,0.2114898928393868,78.85,Degraded,False,,False,0.5
0764_MVL.png,MVL,unet_resnet18_torch_cross_entropy_all_files,0.13029465930018416,0.3761081148099932,0.21226210402330917,0.4116297811666977,0.08805814028625893,0.19783830944001282,0.02465018423549293,0.34555093344155846,0.24801237824675323,0.16842532467532467,0.18497388621658284,81.5,Healthy,False,,False,1.0
0764_MVL.png,MVL,pan_resnet18_torch_cross_entropy_correct_clear_strict_files,0.11497609124099382,0.020829674382661843,0.15687238750922056,0.8222979381081176,0.10723906335821137,0.23340979964726538,0.07052584006407761,0.30382508116883117,0.2831924715909091,0.2490741680194805,0.21547164753800668,78.45,Degraded,False,,False,0.5
0765_MVL.png,MVL,GT,0.10804174340085942,0.0,0.31552781100478466,0.6844721889952153,0.09645108397143871,0.208994545682395,0.09125376975517224,0.2764940137987013,0.247559862012987,0.19139356737012986,0.19065763370134492,80.93,Healthy,False,,False,1.0
0765_MVL.png,MVL,fpn_resnet18_torch_cross_entropy_correct_files,0.1163896158443992,0.06839238002706548,0.5479371248134911,0.3836704951594434,0.0893730816451811,0.18703879937732998,0.09283170502530348,0.2873503449675325,0.21658545556006495,0.10106787743506493,0.16955774653077932,83.04,Healthy,False,,False,1.0
0765_MVL.png,MVL,fpn_resnet50_torch_cross_entropy_all_files,0.10857484410842945,7.439369141496801e-05,0.30456777265287904,0.695357833655706,0.09732617686019837,0.212304180751605,0.06639840297835974,0.2825689935064935,0.25496753246753245,0.20141284496753248,0.194876120270554,80.51,Healthy,False,,False,1.0
0765_MVL.png,MVL,unet_resnet18_torch_cross_entropy_all_files,0.10041274918419438,0.45111209427663596,0.24470096126774726,0.3041869444556168,0.06170931472327228,0.1422494968108358,0.07366921574799011,0.2803622159090909,0.18224824979707796,0.09591872970779221,0.13408694337906363,86.59,Healthy,False,,False,1.0
0765_MVL.png,MVL,pan_resnet18_torch_cross_entropy_correct_clear_strict_files,0.08616845982359213,4.6869141357330336e-05,0.12462504686914136,0.8753280839895013,0.08251457949662368,0.18742633626524324,0.070734543635388,0.2508497362012987,0.24018605418019479,0.21949827516233766,0.17705669640063798,82.29,Healthy,False,,False,1.0
0766_MVR.png,MVR,GT,0.06987429977864615,0.0,0.4904505946935041,0.5095494053064958,0.05822253653936822,0.1175161653357637,0.11975346749050739,0.2125862418831169,0.17841289569805194,0.11207640016233766,0.12408676884176036,87.59,Healthy,False,,False,1.0
0766_MVR.png,MVR,fpn_resnet18_torch_cross_entropy_correct_files,0.08765452816468088,0.024705989607074482,0.37492022973835354,0.6003737806545719,0.07503000663262452,0.1476983376550502,0.1552332074486037,0.2619850852272727,0.22694475446428572,0.16559709821428573,0.15759640507201672,84.24,Healthy,False,,False,1.0
0766_MVR.png,MVR,fpn_resnet50_torch_cross_entropy_all_files,0.07921990746290125,0.01583698996318152,0.3019115347758108,0.6822514752610077,0.07024740488576701,0.13934027775415603,0.12771585195511698,0.23278967126623376,0.20976410308441557,0.16893262987012986,0.14678194602574313,85.32,Healthy,False,,False,1.0
0766_MVR.png,MVR,unet_resnet18_torch_cross_entropy_all_files,0.09014775569566642,0.31397925715805336,0.08062228525839908,0.6053984575835476,0.06871263155371228,0.13682790330432856,0.15013957818323365,0.2669439935064935,0.21008231026785718,0.17271205357142858,0.14569508456455513,85.43,Healthy,False,,False,1.0
0766_MVR.png,MVR,pan_resnet18_torch_cross_entropy_correct_clear_strict_files,0.07840481384700214,0.8171533404678184,0.0,0.18284665953218163,0.03547874763263251,0.07291199228973953,0.0439679903733215,0.2314960430194805,0.10665280032467533,0.045162844967532464,0.07517834210658175,92.48,Healthy,False,,False,1.0
0767_MVR.png,MVR,GT,0.06424056449228457,0.0,0.5016171165567856,0.49838288344321435,0.053284347805240564,0.10778849424380577,0.13530520054961534,0.1985465706168831,0.16559354707792207,0.10162591314935066,0.11455927144588274,88.54,Healthy,False,,False,1.0
0767_MVR.png,MVR,fpn_resnet18_torch_cross_entropy_correct_files,0.07321458538105627,0.09894127919668194,0.3227461253001528,0.5783125955031653,0.06032703633559483,0.11806448179347168,0.2084114896142908,0.22894683441558442,0.18921228185876626,0.13439782873376624,0.12920236818222647,87.08,Healthy,False,,False,1.0
0767_MVR.png,MVR,fpn_resnet50_torch_cross_entropy_all_files,0.0869832745986463,0.0,0.44910427193385394,0.5508957280661461,0.07370132412757015,0.14236730168239378,0.17000098047883946,0.25975294237012986,0.2230354606331169,0.15176034902597402,0.15403477199623594,84.6,Healthy,False,,False,1.0
0767_MVR.png,MVR,unet_resnet18_torch_cross_entropy_all_files,0.09437105938196726,0.38261569075744106,0.13658495279224353,0.4807993564503154,0.06579631449827791,0.13063880729952507,0.1556125187550095,0.28109780844155846,0.20186434659090907,0.14402394480519481,0.13967627517570452,86.03,Healthy,False,,False,1.0
0767_MVR.png,MVR,pan_resnet18_torch_cross_entropy_correct_clear_strict_files,0.02582328450762752,0.0032492650471917066,0.039300634380318736,0.9574501005724896,0.025422010724074826,0.04548745401279543,0.4304033589129712,0.08196783685064934,0.0806941203327922,0.07848011363636363,0.05355048755417796,94.64,Healthy,False,,False,1.0
0768_RV.png,RV,GT,0.05035965051492003,0.0,0.4408483093433268,0.5591516906566733,0.042811321806788115,0.0671666323648592,0.3424122521131956,0.07237473812849161,0.06107083624301676,0.03912796787709497,0.0574217207487009,94.26,Healthy,False,,False,1.0
0768_RV.png,RV,fpn_resnet18_torch_cross_entropy_correct_files,0.060791016672171155,0.2822267692090595,0.21597403513723276,0.5017991956537078,0.04483197007844972,0.06785560999516974,0.3628529908082596,0.07778674930167598,0.0622670434706704,0.051446840083798885,0.058713091410353996,94.13,Healthy,False,,False,1.0
0768_RV.png,RV,fpn_resnet50_torch_cross_entropy_all_files,0.06355326988157482,0.02301410541945063,0.2412769116555308,0.7357089829250185,0.057359774902098704,0.07914985585687297,0.434179155703417,0.07078168645251397,0.06513311801675978,0.05503666201117319,0.0670061364343954,93.3,Healthy,False,,False,1.0
0768_RV.png,RV,unet_resnet18_torch_cross_entropy_all_files,0.06542336677489781,0.3710089818396381,0.1509211302694552,0.4780698878909067,0.045803605512496626,0.06815005134663736,0.3670509619768331,0.08988739525139665,0.0587201030027933,0.03126091131284916,0.05767413825885752,94.23,Healthy,False,,False,1.0
0768_RV.png,RV,pan_resnet18_torch_cross_entropy_correct_clear_strict_files,0.059688688916244535,0.0,0.4342483472262144,0.5657516527737856,0.05087598598285173,0.07299961307866511,0.3571866241074612,0.0786705656424581,0.06584933659217877,0.04096106843575419,0.06350241435532655,93.65,Healthy,False,,False,1.0
0769_RV.png,RV,GT,0.05334494280334387,0.0,0.4688429685615502,0.5311570314384498,0.04484140634717748,0.06851337960926358,0.3632276727889251,0.07042161312849161,0.05978177374301676,0.03912796787709497,0.05791914528413902,94.21,Healthy,False,,False,1.0
0769_RV.png,RV,fpn_resnet18_torch_cross_entropy_correct_files,0.039743848196171445,0.2877185409022232,0.06054392402331103,0.6517375350744657,0.03126424554886915,0.06860380156154926,0.23540499817447658,0.1011042248603352,0.07953299581005586,0.06589341829608938,0.06177361245714787,93.82,Healthy,False,,False,1.0
0769_RV.png,RV,fpn_resnet50_torch_cross_entropy_all_files,0.03060782438246055,0.007146860986547085,0.2554652466367713,0.7373878923766816,0.02780272193460666,0.06084852129470749,0.2322215659615265,0.07627007681564246,0.06966840520251398,0.05739350558659218,0.054462735049799836,94.55,Healthy,False,,False,1.0
0769_RV.png,RV,unet_resnet18_torch_cross_entropy_all_files,0.06185045229751698,0.5601941747572815,0.13973647711511789,0.30006934812760055,0.03569757616570088,0.06991028991691901,0.21700154970095153,0.11137177025139665,0.0740846499650838,0.045325593575418995,0.061316219810819486,93.87,Healthy,False,,False,1.0
0769_RV.png,RV,pan_resnet18_torch_cross_entropy_correct_clear_strict_files,0.041948503708024686,0.066359918200409,0.24008179959100204,0.693558282208589,0.036659260625453056,0.07895298860463222,0.19255933916824872,0.10547966131284917,0.09205361819134081,0.07282210195530726,0.0715051220455619,92.85,Healthy,False,,False,1.0
0770_RV.png,RV,GT,0.05560535808495216,0.0,0.49151496451712434,0.5084850354828756,0.04631286377888249,0.0687779494558968,0.3852571246982983,0.06903587639664804,0.058867187499999994,0.03912796787709497,0.05807411897043378,94.19,Healthy,False,,False,1.0
0770_RV.png,RV,fpn_resnet18_torch_cross_entropy_correct_files,0.04022424005867643,0.2768180848795052,0.050757091064192794,0.672424824056302,0.03206975976117661,0.06972539973369721,0.24402042614761227,0.10232629189944134,0.08158214036312848,0.06880673882681564,0.06317140399371354,93.68,Healthy,False,,False,1.0
0770_RV.png,RV,fpn_resnet50_torch_cross_entropy_all_files,0.04525119776274647,0.14834123222748816,0.28928909952606635,0.5623696682464455,0.03630291280458774,0.0671198053398044,0.24007607489143787,0.07839778282122906,0.06596619675279329,0.05840825768156425,0.057413294144434954,94.26,Healthy,False,,False,1.0
0770_RV.png,RV,unet_resnet18_torch_cross_entropy_all_files,0.04306369910312555,0.38237051792828686,0.09392430278884462,0.5237051792828685,0.030656078029363956,0.06584582945621952,0.2593341406427618,0.1095495810055866,0.07798588076117319,0.05737168296089386,0.060144924550144314,93.99,Healthy,False,,False,1.0
0770_RV.png,RV,pan_resnet18_torch_cross_entropy_correct_clear_strict_files,0.030539196973531267,0.0,0.25533707865168537,0.7446629213483146,0.027887948598070717,0.05876252258926462,0.26534133451633657,0.07397870111731844,0.06723420041899443,0.0541419343575419,0.052888821523798375,94.71,Healthy,False,,False,1.0
0771_RV.png,RV,GT,0.04768318156667796,0.0,0.4592066204911397,0.5407933795088603,0.0402383944617681,0.061141225512542294,0.36195655235437235,0.06666812150837989,0.05497468575418995,0.03227566340782123,0.0524037602939691,94.76,Healthy,False,,False,1.0
0771_RV.png,RV,fpn_resnet18_torch_cross_entropy_correct_files,0.03952938754326744,0.3887803819444444,0.1528862847222222,0.4583333333333333,0.027177869376305532,0.056900895059553376,0.24005483736514624,0.09202601256983241,0.06632190555167598,0.046089385474860335,0.051752391551428065,94.82,Healthy,False,,False,1.0
0771_RV.png,RV,fpn_resnet50_torch_cross_entropy_all_files,0.09266415890676538,0.008609516756156267,0.4693112386595075,0.5220792445843362,0.07734360456886977,0.1355754323658504,0.306378427083115,0.16840520251396648,0.14547835195530728,0.10097328910614525,0.12206705186253897,87.79,Healthy,False,,False,1.0
0771_RV.png,RV,unet_resnet18_torch_cross_entropy_all_files,0.06876037453408423,0.7897199176595346,0.16942174536834884,0.04085833697211652,0.02841758062648246,0.049429395191447685,0.27463550154441907,0.10786923882681564,0.05016486993715084,0.0071469099162011175,0.043420040720239375,95.66,Healthy,False,,False,1.0
0771_RV.png,RV,pan_resnet18_torch_cross_entropy_correct_clear_strict_files,0.07147544639984901,0.06475036005760922,0.11389822371579453,0.8213514162265962,0.06560673063313074,0.13662924975141857,0.13652502239036288,0.18182611731843576,0.16689671351256982,0.14934313896648044,0.1274294795203927,87.26,Healthy,False,,False,1.0
0772_RV.png,RV,GT,0.046242005979163,0.0,0.46702532232631483,0.5329746776736852,0.03889930214503545,0.05703613357117687,0.38521506659642907,0.05958667946927374,0.04979639490223464,0.030791724860335195,0.04869918867575755,95.13,Healthy,False,,False,1.0
0772_RV.png,RV,fpn_resnet18_torch_cross_entropy_correct_files,0.0465036479757059,0.3647850950009223,0.1170448256779192,0.5181700793211584,0.03328725288771269,0.06726387687623872,0.2215241439512193,0.09875829259776536,0.07366107280027934,0.06129975558659218,0.05962976804929716,94.04,Healthy,False,,False,1.0
0772_RV.png,RV,fpn_resnet50_torch_cross_entropy_all_files,0.041056347391944,0.33054743000417885,0.042937735060593396,0.6265148349352277,0.031364355781644745,0.05890198533193355,0.22406558625072093,0.0825768156424581,0.05935339560055867,0.047780638966480445,0.05082126057429696,94.92,Healthy,False,,False,1.0
0772_RV.png,RV,unet_resnet18_torch_cross_entropy_all_files,0.03942644642987351,0.3619451697127937,0.18331157528285466,0.4547432550043516,0.027408114333263275,0.0604317963950536,0.23439492405885098,0.10029678770949721,0.06972339821927374,0.04560928770949721,0.05424133250620456,94.58,Healthy,False,,False,1.0
0772_RV.png,RV,pan_resnet18_torch_cross_entropy_correct_clear_strict_files,0.027626821307094786,0.0009315323707498836,0.03291414376649589,0.9661543238627542,0.02730041219337488,0.05574075780323768,0.2651730825993266,0.06406031773743016,0.06327383030726257,0.06174711941340782,0.0502218831218888,94.98,Healthy,False,,False,1.0
0773_FV.png,FV,GT,0.091660612640806,0.391847755084266,0.0,0.608152244915734,0.06759621909453062,0.0476769999067368,0.7953883743498942,0.01577775837988827,0.007589909217877095,0.0035570879888268156,0.037617929387531064,96.24,Healthy,False,,False,1.0
0773_FV.png,FV,fpn_resnet18_torch_cross_entropy_correct_files,0.045225569011903145,0.6539276257722859,0.082171226831421,0.263901147396293,0.024147300436688196,0.02861331743459689,0.5626604757224429,0.011369587988826816,0.007763180865921788,0.005761173184357542,0.01893345770775424,98.11,Healthy,False,,False,1.0
0773_FV.png,FV,fpn_resnet50_torch_cross_entropy_all_files,0.047037785104701385,0.11965376782077393,0.22123217922606925,0.6591140529531568,0.039728726419236644,0.042184627030333335,0.6326146307627586,0.013748254189944135,0.010769574895251396,0.0050192039106145255,0.02888183599297155,97.11,Healthy,False,,False,1.0
0773_FV.png,FV,unet_resnet18_torch_cross_entropy_all_files,0.11165087297722355,0.5255800650673912,0.24357370133352402,0.23084623359908477,0.06308791243882773,0.04864177920485393,0.7439213205985331,0.01659610684357542,0.009292619587988828,0.003873516061452514,0.03723595532830003,96.28,Healthy,False,,False,1.0
0773_FV.png,FV,pan_resnet18_torch_cross_entropy_correct_clear_strict_files,0.02211382633062166,0.0,0.38971119133574006,0.6102888086642599,0.019183704425160264,0.025747998793353332,0.5206606611856281,0.004419081703910615,0.0030612779329608937,0.0004255412011173184,0.014704022138738435,98.53,Healthy,False,,False,1.0
0774_FV.png,FV,GT,0.09346085373739632,0.3977961903134877,0.0,0.6022038096865123,0.06855134479207414,0.04893315622052062,0.7895043161247726,0.01752356843575419,0.008977500872905029,0.004768243715083799,0.038836350652940436,96.12,Healthy,False,,False,1.0
0774_FV.png,FV,fpn_resnet18_torch_cross_entropy_correct_files,0.05112525047700402,0.513897564022486,0.37663960024984383,0.10946283572767021,0.026975275624496052,0.03232582953599456,0.5836743727563173,0.017643592877094973,0.012699458798882683,0.006448585893854749,0.02287011506770026,97.71,Healthy,False,,False,1.0
0774_FV.png,FV,fpn_resnet50_torch_cross_entropy_all_files,0.04974413424769082,0.3377467501203659,0.06780613063713689,0.5944471192424972,0.03734071259210768,0.039316718070808596,0.6334795111671345,0.016345146648044692,0.010189638617318435,0.00715782122905028,0.027073084645802256,97.29,Healthy,False,,False,1.0
0774_FV.png,FV,unet_resnet18_torch_cross_entropy_all_files,0.10704449110257781,0.7349815415594586,0.15810866241563187,0.10690979602490958,0.04857737045049936,0.039296442109424734,0.7193992744361662,0.01796002094972067,0.0079323062150838,0.002149528631284916,0.02953506625401075,97.05,Healthy,False,,False,1.0
0774_FV.png,FV,pan_resnet18_torch_cross_entropy_correct_clear_strict_files,0.0447026608441574,0.06339851772479686,0.4240557192606483,0.5125457630145549,0.03635864315309633,0.034178864989674505,0.292781844103175,0.015013966480446927,0.01212890625,0.008445356145251397,0.02601281494283125,97.4,Healthy,False,,False,1.0
0775_FV.png,FV,GT,0.0787675333902811,0.4493488065676785,0.0,0.5506511934323215,0.055053488316395366,0.0425255340346534,0.7615852521153712,0.018309182960893854,0.009660767283519554,0.005401099860335196,0.03313801361872245,96.69,Healthy,False,,False,1.0
0775_FV.png,FV,fpn_resnet18_torch_cross_entropy_correct_files,0.13105835016485579,0.7895714677306369,0.16044832942466422,0.04998020284469893,0.05457724271720647,0.04372807441827458,0.5725951134073889,0.027812936452513967,0.01522357280027933,0.008609025837988827,0.035581024260756045,96.44,Healthy,False,,False,1.0
0775_FV.png,FV,fpn_resnet50_torch_cross_entropy_all_files,0.05340848308731369,0.20254110612855009,0.3401345291479821,0.4573243647234679,0.03998435267162165,0.03926475847407035,0.6604580541070209,0.012548009776536313,0.011216065817039104,0.010060230446927373,0.028261159670523242,97.17,Healthy,False,,False,1.0
0775_FV.png,FV,unet_resnet18_torch_cross_entropy_all_files,0.06770263689416499,0.7282589469960498,0.1702729791875479,0.10146807381640234,0.030748756596227077,0.021692668024509882,0.7712145137819204,0.0036880237430167596,0.001217047835195531,0.0,0.0162192465202993,98.38,Healthy,False,,False,1.0
0775_FV.png,FV,pan_resnet18_torch_cross_entropy_correct_clear_strict_files,0.017782869368758034,0.41571268237934905,0.08350168350168351,0.5007856341189675,0.012324985430421282,0.016280638057590002,0.5856511871825262,0.004997381284916201,0.0016635387569832404,0.0,0.009247102549196681,99.08,Healthy,False,,False,1.0
0776_FV.png,FV,GT,0.046538826929371474,0.4357148983617806,0.0,0.5642851016382194,0.032952794564948394,0.03526229894346666,0.6339816529892592,0.016563372905027934,0.009399004888268158,0.005870286312849162,0.02422413000783178,97.58,Healthy,False,,False,1.0
0776_FV.png,FV,fpn_resnet18_torch_cross_entropy_correct_files,0.048450834657235695,0.3015323776569451,0.49085516559565,0.20761245674740483,0.030576476317449173,0.03946876080886649,0.6033617829531169,0.013922835195530727,0.009508118016759777,0.000938372905027933,0.024816818344598607,97.52,Healthy,False,,False,1.0
0776_FV.png,FV,fpn_resnet50_torch_cross_entropy_all_files,0.03620440520193835,0.06306504961411245,0.19955898566703417,0.7373759647188534,0.032218168464246646,0.04316487677577916,0.5569999456972258,0.01654155027932961,0.014145425977653633,0.009536487430167597,0.028273083963069195,97.17,Healthy,False,,False,1.0
0776_FV.png,FV,unet_resnet18_torch_cross_entropy_all_files,0.035897046965935125,0.4018681196486156,0.2200600467029912,0.3780718336483932,0.023545876210472536,0.03238037109524107,0.5751178306878602,0.014675715782122905,0.0064968138966480455,0.0004691864525139665,0.0193765997503733,98.06,Healthy,False,,False,1.0
0776_FV.png,FV,pan_resnet18_torch_cross_entropy_correct_clear_strict_files,0.013747295646689712,0.5328106852497096,0.13879210220673635,0.32839721254355403,0.0081910171561779,0.009781906192604271,0.6158326174045043,0.0,0.0,0.0,0.005391877004634652,99.46,Healthy,False,,False,1.0
0777_FV.png,FV,GT,0.04425160265365916,0.4530939924228757,0.0,0.5469060075771243,0.03081801199096287,0.0360226469131262,0.5980941336546678,0.01854923184357542,0.010156686452513965,0.00602304469273743,0.024114872252232307,97.59,Healthy,False,,False,1.0
0777_FV.png,FV,fpn_resnet18_torch_cross_entropy_correct_files,0.038487637812248024,0.07228790707322133,0.37627048330221946,0.5514416096245592,0.03169977087840589,0.043586812086959685,0.5677867754478416,0.018974773044692736,0.01477151710893855,0.0066122555865921785,0.028494581733185094,97.15,Healthy,False,,False,1.0
0777_FV.png,FV,fpn_resnet50_torch_cross_entropy_all_files,0.05902874797422981,0.030632945631593182,0.7393832837435759,0.22998377062483094,0.04297798197363904,0.054217632222466526,0.35507349146358047,0.06057960893854748,0.04141825244413408,0.004942824720670391,0.0457259852364853,95.43,Healthy,False,,False,1.0
0777_FV.png,FV,unet_resnet18_torch_cross_entropy_all_files,0.03313481450730874,0.36959402481628717,0.03674256113721239,0.5936634140465005,0.024515771070005826,0.03468828598794951,0.5382039555733464,0.0184401187150838,0.011088076117318437,0.006623166899441341,0.02219644756431398,97.78,Healthy,False,,False,1.0
0777_FV.png,FV,pan_resnet18_torch_cross_entropy_correct_clear_strict_files,0.026588483246980304,0.907071010358805,0.0,0.09292898964119502,0.010429662863940094,0.010587796250495291,0.700878766342556,0.03393418296089386,0.011958580656424581,0.0011347765363128493,0.011088669996900448,98.89,Healthy,False,,False,1.0
0778_FV.png,FV,GT,0.046135668723704906,0.5320124589029244,0.0,0.46798754109707563,0.029690685847949483,0.03850739962058219,0.5665725310711938,0.021855359636871508,0.013470124825418994,0.009340083798882681,0.025847475570727096,97.42,Healthy,False,,False,1.0
0778_FV.png,FV,fpn_resnet18_torch_cross_entropy_correct_files,0.04356902786980784,0.15529088410444342,0.699770957398076,0.14493815849748054,0.028669857337878513,0.03792410446819564,0.574980398487012,0.017228962988826816,0.010775030551675979,0.00016366969273743016,0.02428820076249264,97.57,Healthy,False,,False,1.0
0778_FV.png,FV,fpn_resnet50_torch_cross_entropy_all_files,0.03858343778191137,0.0,0.32474653424374095,0.675253465756259,0.03432329296429057,0.04552869207709555,0.5915182514455624,0.02088425279329609,0.01637307960893855,0.007616096368715084,0.030504827355991256,96.95,Healthy,False,,False,1.0
0778_FV.png,FV,unet_resnet18_torch_cross_entropy_all_files,0.038699196078587905,0.6823104693140795,0.21619391438886024,0.10149561629706035,0.01816331499828358,0.02715289656988993,0.42438095376801793,0.03750218226256983,0.012375720146648046,0.0,0.01854515152911127,98.15,Healthy,False,,False,1.0
0778_FV.png,FV,pan_resnet18_torch_cross_entropy_correct_clear_strict_files,4.789998483167147e-05,1.0,0.0,0.0,1.5806994994451584e-05,3.0556162504646374e-05,0.4056762817547287,0.00013093575418994413,4.320879888268156e-05,0.0,3.1192466802802015e-05,100.0,Healthy,False,,False,1.0
0779_FV.png,FV,GT,0.04262300316938233,0.4947555722045327,0.0,0.5052444277954673,0.028494064393546282,0.03769200183803538,0.5636686505390668,0.02126614874301676,0.01381666812150838,0.01014752094972067,0.02538248711807785,97.46,Healthy,False,,False,1.0
0779_FV.png,FV,fpn_resnet18_torch_cross_entropy_correct_files,0.059954814347642126,0.47283621837549933,0.3193741677762983,0.2077896138482024,0.03445078675725086,0.04059824136833303,0.5309822003026937,0.02137526187150838,0.017290721019553076,0.009361906424581005,0.0294309968454964,97.06,Healthy,False,,False,1.0
0779_FV.png,FV,fpn_resnet50_torch_cross_entropy_all_files,0.02673218320147532,0.19157831865014185,0.15663730028370912,0.651784381066149,0.02187724032220723,0.032775300414895944,0.5362626274582631,0.016039629888268157,0.014684553945530726,0.01231887220670391,0.022269583799343243,97.77,Healthy,False,,False,1.0
0779_FV.png,FV,unet_resnet18_torch_cross_entropy_all_files,0.0233472509400372,0.4876047187553428,0.08668148401436143,0.4257137972302958,0.015031733739950983,0.022072546953567296,0.5462200578540773,0.016901623603351956,0.007064420391061453,0.0014184706703910615,0.013957052364480065,98.6,Healthy,False,,False,1.0
0779_FV.png,FV,pan_resnet18_torch_cross_entropy_correct_clear_strict_files,0.012673537653379743,0.7924409448818898,0.0,0.20755905511811024,0.005944707450842641,0.008300870144108581,0.5709903892111335,0.0072342004189944135,0.002387286138268157,0.0,0.005228587733792629,99.48,Healthy,False,,False,1.0
0780_FV.png,FV,GT,0.04525750233512426,0.4624272358440642,0.0,0.5375727641559358,0.03123554019207894,0.04192861705096997,0.587243452798952,0.02332838687150838,0.0149870155377095,0.010878578910614525,0.027944053387998474,97.21,Healthy,False,,False,1.0
0780_FV.png,FV,fpn_resnet18_torch_cross_entropy_correct_files,0.11676419635800449,0.43053466429645837,0.09616436482975523,0.4733009708737864,0.07926489489944996,0.07296551318181556,0.43351060534398855,0.03129364525139665,0.02775848900139665,0.025968924581005588,0.056772518024938316,94.32,Healthy,False,,False,1.0
0780_FV.png,FV,fpn_resnet50_torch_cross_entropy_all_files,0.08028436624328403,0.02108089295480535,0.09551036642967235,0.8834087406155223,0.07654329759462242,0.09036066726735698,0.2976746450117369,0.09945661662011174,0.09674046351256983,0.09465563896648045,0.08876737486362175,91.12,Healthy,False,,False,1.0
0780_FV.png,FV,unet_resnet18_torch_cross_entropy_all_files,0.030360607052474432,0.35327373126479095,0.13883775966342363,0.5078885090717854,0.021741284198593336,0.03168478115357494,0.5468718546962763,0.021517108938547486,0.014598463687150839,0.009110946229050279,0.02186720508051082,97.81,Healthy,False,,False,1.0
0780_FV.png,FV,pan_resnet18_torch_cross_entropy_correct_clear_strict_files,0.04890588451313657,0.07427358798563499,0.050930460333006855,0.8747959516813582,0.045625294385323444,0.04322955176422535,0.3989914439797049,0.039160701815642456,0.038700135300279326,0.03847328910614525,0.042136507964976366,95.79,Healthy,False,,False,1.0
0781_FV.png,FV,GT,0.05559990739336266,0.5517266135400962,0.0,0.4482733864599038,0.03504702181844309,0.04457973642979465,0.6145372255871153,0.02500872905027933,0.015409938023743016,0.010682175279329608,0.03005200268396853,96.99,Healthy,False,,False,1.0
0781_FV.png,FV,fpn_resnet18_torch_cross_entropy_correct_files,0.07846017515427786,0.46352258852258854,0.3038258038258038,0.23265160765160764,0.04598857585361765,0.03876264686983745,0.5102608903464251,0.012897171787709497,0.006380281075418995,0.0010583973463687152,0.027977479247204128,97.2,Healthy,False,,False,1.0
0781_FV.png,FV,fpn_resnet50_torch_cross_entropy_all_files,0.04748485162979699,0.09003026227303296,0.1851882985877606,0.7247814391392065,0.04163071506694023,0.051985001770461996,0.6113269682069078,0.027409217877094973,0.02403794954608938,0.020469622905027934,0.03769989486965642,96.23,Healthy,False,,False,1.0
0781_FV.png,FV,unet_resnet18_torch_cross_entropy_all_files,0.08442372326582097,0.806146572104019,0.09678486997635934,0.09706855791962175,0.036046814251842155,0.03656253263921938,0.5150940932986424,0.05138137220670391,0.019250501920391065,9.82018156424581e-05,0.029483004835474884,97.05,Healthy,False,,False,1.0
0781_FV.png,FV,pan_resnet18_torch_cross_entropy_correct_clear_strict_files,0.06343155491334095,0.06594927946636461,0.030772135170851426,0.9032785853627839,0.05996511284438093,0.037693170860832056,0.4380016754920891,0.01893112779329609,0.01892381721368715,0.01892021648044693,0.036867011997038755,96.31,Healthy,False,,False,1.0
0782_FV.png,FV,GT,0.04435937761953042,0.5265004949158643,0.0,0.4734995050841357,0.028711370658065966,0.03890041794280783,0.5828874211490508,0.022662796787709497,0.012822756634078213,0.00797616969273743,0.025412639233893426,97.46,Healthy,False,,False,1.0
0782_FV.png,FV,fpn_resnet18_torch_cross_entropy_correct_files,0.08000494966509927,0.0832709674200469,0.24911440403133264,0.6676146285486204,0.06876501864107744,0.07436160920441078,0.4436169971308849,0.08252225907821228,0.0739999781773743,0.0635038407821229,0.07253797962459618,92.75,Healthy,False,,False,1.0
0782_FV.png,FV,fpn_resnet50_torch_cross_entropy_all_files,0.04386041944420051,0.1272297051328722,0.1862031306880233,0.6865671641791045,0.0373448240074724,0.04732416401234385,0.427121729201779,0.05636784217877095,0.05028183921089386,0.03864787011173185,0.045513432090302425,95.45,Healthy,False,,False,1.0
0782_FV.png,FV,unet_resnet18_torch_cross_entropy_all_files,0.04667454355306121,0.7574617292397161,0.04789190113743265,0.19464636962285128,0.022227229544710646,0.0273324040081292,0.4701172609573154,0.040731930865921785,0.01626734898743017,0.0017239874301675977,0.021374829660824022,97.86,Healthy,False,,False,1.0
0782_FV.png,FV,pan_resnet18_torch_cross_entropy_correct_clear_strict_files,0.023926042423419898,0.13163163163163163,0.3091424758091425,0.559225892559226,0.01930109930465189,0.018137455219391772,0.049624067053284336,0.0006983240223463687,0.00023044692737430166,0.0,0.011323745128162819,98.87,Healthy,False,,False,1.0
0783_FV.png,FV,GT,0.09163666264839015,0.3829333101014941,0.0,0.6170666898985059,0.06812587317680682,0.04810259445439587,0.7935154922959722,0.01514490223463687,0.007797769727653632,0.00417903282122905,0.03798764818042226,96.2,Healthy,False,,False,1.0
0783_FV.png,FV,fpn_resnet18_torch_cross_entropy_correct_files,0.21527849849514213,0.8008603426537121,0.17955944522732328,0.019580212118964622,0.08662233256959469,0.059011608795335964,0.5345696252389007,0.015559532122905027,0.009865027060055867,0.0017021648044692737,0.047636193233501545,95.24,Healthy,False,,False,1.0
0783_FV.png,FV,fpn_resnet50_torch_cross_entropy_all_files,0.06498431275496763,0.1579238329238329,0.2643734643734644,0.5777027027027027,0.05226714619873705,0.04873656282252639,0.6566214384260853,0.014359287709497206,0.010008838163407823,0.00456092877094972,0.03430464797174216,96.57,Healthy,False,,False,1.0
0783_FV.png,FV,unet_resnet18_torch_cross_entropy_all_files,0.09653842776283121,0.5161877196609469,0.31180483770932393,0.17200744262972917,0.052916630076400475,0.0461250342584284,0.6961384166686583,0.018265537709497206,0.01001222067039106,0.00417903282122905,0.03371738756860509,96.63,Healthy,False,,False,1.0
0783_FV.png,FV,pan_resnet18_torch_cross_entropy_correct_clear_strict_files,0.018661035757338677,0.011764705882352941,0.22032085561497325,0.7679144385026738,0.01711606166324714,0.022639068129980896,0.5883627151767848,0.0014402932960893855,0.0009505935754189945,0.0,0.012306776368136008,98.77,Healthy,False,,False,1.0
0821_FV.png,FV,GT,1.0,0.28813437542411446,0.4315628966717494,0.2803027279041362,0.6602185835974486,0.5531590912320731,0.02573413153707368,1.0,0.5319650183310056,0.01763268156424581,0.5767993097812587,42.32,Unreliable,False,,False,0.0
0821_FV.png,FV,fpn_resnet18_torch_cross_entropy_correct_files,0.8275281212827615,0.02622109457151953,0.6880094928465998,0.2857694125818806,0.6194119478528832,0.48302250919946604,0.04671992498527772,0.7066711766759777,0.4662340694832402,0.001112953910614525,0.5172239649090009,48.28,Unreliable,False,,False,0.0
0821_FV.png,FV,fpn_resnet50_torch_cross_entropy_all_files,0.8969910826194905,0.06307962049876288,0.760328592534577,0.17659178696666014,0.6271985294704657,0.51457647915828,0.045666443185597864,0.7724882157821229,0.4905189420391062,0.0012657122905027933,0.5387400794042662,46.13,Unreliable,False,,False,0.0
0821_FV.png,FV,unet_resnet18_torch_cross_entropy_all_files,0.9428114097763869,0.12294079044857004,0.5434535024026758,0.3336057071487542,0.6909445078675724,0.5886043749461123,0.03241591028605544,0.8917597765363129,0.5831259820181565,0.1582358589385475,0.617115057651368,38.29,Unreliable,False,,False,0.0
0821_FV.png,FV,pan_resnet18_torch_cross_entropy_correct_clear_strict_files,0.992232219126464,0.019132981462409885,0.21943389546858907,0.761433123069001,0.9054847079298426,0.8877243268170335,0.04498215397614301,0.9823891410614525,0.9205386915153632,0.8462159567039106,0.9061781870302081,9.38,Unreliable,True,,False,0.0
0822_FV.png,FV,GT,0.9999800416729868,0.28851135851060006,0.4314677247452269,0.28002091674417307,0.6599851909213563,0.5529018557792043,0.02564159630304998,1.0,0.5317845452164806,0.017589036312849162,0.5765799320967604,42.34,Unreliable,False,,False,0.0
0822_FV.png,FV,fpn_resnet18_torch_cross_entropy_correct_files,0.8558250373220715,4.197702457521583e-05,0.7262724868588593,0.27368553611656554,0.6444698270012215,0.5202563016663058,0.06162595912034713,0.7295631110335196,0.49971957925977656,0.05355272346368715,0.5493056703041688,45.07,Unreliable,False,,False,0.0
0822_FV.png,FV,fpn_resnet50_torch_cross_entropy_all_files,0.9065950295782407,0.10937293613124224,0.5874640061288646,0.3031630577398931,0.6590786038751087,0.5357284336687117,0.02924708497502977,0.8077426675977654,0.515339123603352,0.061790764664804466,0.564577760704487,43.54,Unreliable,False,,False,0.0
0822_FV.png,FV,unet_resnet18_torch_cross_entropy_all_files,0.9064433462929403,0.1440656321008966,0.5719733666836941,0.2839610012154093,0.6426729389035695,0.5242446727392389,0.060685096454240736,0.7849816689944135,0.5092271517108938,0.11240834497206705,0.5537661441772,44.62,Unreliable,False,,False,0.0
0822_FV.png,FV,pan_resnet18_torch_cross_entropy_correct_clear_strict_files,0.0,0.0,0.0,0.0,0.0,0.0,,0.0,0.0,0.0,0.0,100.0,Healthy,False,,False,1.0
0823_FV.png,FV,GT,0.9999800416729868,0.28851135851060006,0.4314677247452269,0.28002091674417307,0.6599851909213563,0.5529018557792043,0.02564159630304998,1.0,0.5317845452164806,0.017589036312849162,0.5765799320967604,42.34,Unreliable,False,,False,0.0
0823_FV.png,FV,fpn_resnet18_torch_cross_entropy_correct_files,0.8121402511555872,0.14284941929332198,0.5029661995782934,0.3541843811283846,0.5955281372494233,0.46909748927089584,0.05856512057112451,0.7029067737430168,0.45277321927374314,0.06579521648044692,0.500496975665593,49.95,Unreliable,False,,False,0.0
0823_FV.png,FV,fpn_resnet50_torch_cross_entropy_all_files,0.8872394440408428,0.0930477385917318,0.6404871486865251,0.26646511272174306,0.6387169190729757,0.5139472207421399,0.03877312219443955,0.7794496333798883,0.48586286662011174,0.010234811452513967,0.5401443885925794,45.99,Unreliable,False,,False,0.0
0823_FV.png,FV,unet_resnet18_torch_cross_entropy_all_files,0.8877184438891594,0.06317195235461548,0.6313238276384598,0.3055042200069247,0.6595967220443714,0.5399050799610685,0.061001313456125444,0.7818719448324022,0.5198654635125699,0.10466131284916201,0.5677967260066599,43.22,Unreliable,False,,False,0.0
0823_FV.png,FV,pan_resnet18_torch_cross_entropy_correct_clear_strict_files,0.8784098801702046,0.0009815460258746438,0.23577553496530507,0.7632429190088202,0.8074156361517152,0.7422885789585155,0.058115893686344594,0.842942562849162,0.8104646037011174,0.7479486731843575,0.7890971060135161,21.09,Unreliable,True,,False,0.0
0824_FV.png,FV,GT,0.9999800416729868,0.28851135851060006,0.4314677247452269,0.28002091674417307,0.6599851909213563,0.5529018557792043,0.02564159630304998,1.0,0.5317845452164806,0.017589036312849162,0.5765799320967604,42.34,Unreliable,False,,False,0.0
0824_FV.png,FV,fpn_resnet18_torch_cross_entropy_correct_files,0.8749930145855453,0.0070436349535822635,0.6894596382381789,0.30349672680823886,0.6657511116788146,0.5285254537495696,0.03795031722427928,0.7311779853351955,0.4871030464385475,0.01974947625698324,0.5531241882039343,44.69,Unreliable,False,,False,0.0
0824_FV.png,FV,fpn_resnet50_torch_cross_entropy_all_files,0.9087904455496922,0.10155838223409115,0.7180109982782248,0.18043061948768405,0.625095281053161,0.5180770708235874,0.0516143797597454,0.8274048533519553,0.5032371682960894,0.013551850558659219,0.5442465728814603,45.58,Unreliable,False,,False,0.0
0824_FV.png,FV,unet_resnet18_torch_cross_entropy_all_files,0.9470385834377819,0.11752383521458015,0.5562393047114064,0.3262368600740135,0.6933626188518375,0.5788931258192236,0.04206046187269394,0.862342877094972,0.5629647128142459,0.1523983065642458,0.6068626085270167,39.31,Unreliable,False,,False,0.0
0824_FV.png,FV,pan_resnet18_torch_cross_entropy_correct_clear_strict_files,0.9812711059308165,0.016430053288858153,0.21640564617825325,0.7671643005328885,0.8982692537980698,0.8732352258311776,0.04371610702374275,0.9586897695530726,0.9133670129189944,0.8553159916201117,0.896798149056372,10.32,Unreliable,True,,False,0.0
0825_FV.png,FV,GT,0.9999800416729868,0.28851135851060006,0.4314677247452269,0.28002091674417307,0.6599851909213563,0.5529018557792043,0.02564159630304998,1.0,0.5317845452164806,0.017589036312849162,0.5765799320967604,42.34,Unreliable,False,,False,0.0
0825_FV.png,FV,fpn_resnet18_torch_cross_entropy_correct_files,0.8396827424337983,0.03558202881740263,0.6213378082230853,0.34308016295951205,0.6422776841954,0.5093719745601076,0.024225697128009142,0.7338621682960894,0.4876649790502794,0.025892545391061454,0.540560889246764,45.94,Unreliable,False,,False,0.0
0825_FV.png,FV,fpn_resnet50_torch_cross_entropy_all_files,0.9129337942376319,0.10097940623497005,0.7604346115167679,0.138585982248262,0.6151311661251307,0.5125536502188662,0.06154129154241213,0.7924777409217877,0.4899408606843576,0.0007092353351955307,0.5342817891769421,46.57,Unreliable,False,,False,0.0
0825_FV.png,FV,unet_resnet18_torch_cross_entropy_all_files,0.9414143268854631,0.10409803048612436,0.5772944094638428,0.3186075600500329,0.6909738466082819,0.582964023105163,0.03160948306213578,0.8526208973463687,0.5607072712988828,0.13693697625698323,0.6064642694335866,39.35,Unreliable,False,,False,0.0
0825_FV.png,FV,pan_resnet18_torch_cross_entropy_correct_clear_strict_files,0.9012302312770935,0.0013021640726731567,0.2349298868800326,0.7637679490472943,0.8284571414885719,0.7832239127467883,0.06122084744168421,0.8900794343575419,0.8499821054469274,0.77525968924581,0.8234971584493791,17.65,Unreliable,True,,False,0.0
0826_FV.png,FV,GT,0.999956091680571,0.28851826865886127,0.43145410780364934,0.2800276235374894,0.6599693839263617,0.552898319465823,0.025618020574788056,1.0,0.5317845452164806,0.017589036312849162,0.5765741291042477,42.34,Unreliable,False,,False,0.0
0826_FV.png,FV,fpn_resnet18_torch_cross_entropy_correct_files,0.8647464094969703,0.0,0.6794375871269122,0.32056241287308784,0.6649823967555744,0.5341970664968487,0.04425512584665628,0.7341131284916201,0.5033681040502794,0.05545129189944134,0.5611010805958386,43.89,Unreliable,False,,False,0.0
0826_FV.png,FV,fpn_resnet50_torch_cross_entropy_all_files,0.9039964554011225,0.07271129636907153,0.6441266210684812,0.2831620825624473,0.6619788681233585,0.5323770464469786,0.03668794085894266,0.7841305865921788,0.4993851475209498,0.03415240921787709,0.5580608333794811,44.19,Unreliable,False,,False,0.0
0826_FV.png,FV,unet_resnet18_torch_cross_entropy_all_files,0.930249638754281,0.08017661597610792,0.49659297655418627,0.4232304074697058,0.7232133305657785,0.6023061848877258,0.03674279717484818,0.8164389839385475,0.5851139141061453,0.23568435754189945,0.6317014202785094,36.83,Unreliable,False,,False,0.0
0826_FV.png,FV,pan_resnet18_torch_cross_entropy_correct_clear_strict_files,0.9350236705758377,0.007812366592100545,0.26544970202011575,0.7267379313877836,0.8457408930153839,0.7779638871703275,0.029128382186670552,0.8563307437150838,0.82287109375,0.7643483763966481,0.8162598715557134,18.37,Unreliable,True,,False,0.0
0827_FV.png,FV,GT,0.999956091680571,0.28851826865886127,0.43145410780364934,0.2800276235374894,0.6599693839263617,0.552898319465823,0.025618020574788056,1.0,0.5317845452164806,0.017589036312849162,0.5765741291042477,42.34,Unreliable,False,,False,0.0
0827_FV.png,FV,fpn_resnet18_torch_cross_entropy_correct_files,0.8388285260376335,0.020281234385781246,0.6638416331580576,0.3158771324561612,0.6381014042678886,0.5086933595958099,0.05933611793217721,0.7158694134078212,0.4795071359986034,0.026034392458100557,0.5358412835585509,46.42,Unreliable,False,,False,0.0
0827_FV.png,FV,fpn_resnet50_torch_cross_entropy_all_files,0.9288924725173837,0.11968647403613111,0.6448596524399677,0.2354538735239012,0.6507428489314313,0.5297036672022831,0.027142099998149104,0.811758030726257,0.497317344622905,0.007768854748603352,0.5530608926892764,44.69,Unreliable,False,,False,0.0
0827_FV.png,FV,unet_resnet18_torch_cross_entropy_all_files,0.9523554817540975,0.12292003721928361,0.4937045761276856,0.3833753866530308,0.714060920797375,0.6132412774410909,0.022398118127224448,0.9097743540502793,0.6220744587988827,0.26547224162011174,0.6470204429910928,35.3,Unreliable,False,,False,0.0
0827_FV.png,FV,pan_resnet18_torch_cross_entropy_correct_clear_strict_files,0.9841131716974957,0.017777903967680964,0.2403525565623707,0.7418695394699484,0.8919696074596244,0.870829023700151,0.04617931873713272,0.9588970844972067,0.9058767239874302,0.8311146997206704,0.8911902789429047,10.88,Unreliable,True,,False,0.0
0828_FV.png,FV,GT,0.999956091680571,0.28851826865886127,0.43145410780364934,0.2800276235374894,0.6599693839263617,0.552898319465823,0.025618020574788056,1.0,0.5317845452164806,0.017589036312849162,0.5765741291042477,42.34,Unreliable,False,,False,0.0
0828_FV.png,FV,fpn_resnet18_torch_cross_entropy_correct_files,0.8894468350085023,0.0,0.7077674957141447,0.29223250428585534,0.6754095049536568,0.5482235075139366,0.04284614394495621,0.7393287360335196,0.5023511696927375,0.042335893854748605,0.568030371617373,43.2,Unreliable,False,,False,0.0
0828_FV.png,FV,fpn_resnet50_torch_cross_entropy_all_files,0.918210775899921,0.06489966613340753,0.6568607845864923,0.27823954928010014,0.6732179608976457,0.54588164730588,0.05325883040051692,0.7970932262569832,0.5011520164106146,0.04052461592178771,0.5661906890253036,43.38,Unreliable,False,,False,0.0
0828_FV.png,FV,unet_resnet18_torch_cross_entropy_all_files,0.9451465340369309,0.08406537714333981,0.6415871272911563,0.27434749556550386,0.6857383782661801,0.5850052733292648,0.06859901391159905,0.8565707925977654,0.5561189551326816,0.11235378840782123,0.6036706775317061,39.63,Unreliable,False,,False,0.0
0828_FV.png,FV,pan_resnet18_torch_cross_entropy_correct_clear_strict_files,0.8935901836964418,0.007937855126326698,0.09467801879712683,0.8973841260765465,0.8600726083936739,0.7786485948804686,0.05698699489451102,0.8435863303072626,0.8283950549930168,0.8122817737430168,0.8229743829794495,17.7,Unreliable,True,,False,0.0
0916_MVL.png,MVL,GT,1.0,0.3556750993505864,0.02510823559820361,0.61921666505121,0.7531608833317179,0.7393882381481156,0.04224317597481159,1.0,0.7549275821834416,0.6342202719155844,0.7497357693173268,25.03,Unreliable,True,,False,0.0
0916_MVL.png,MVL,fpn_resnet18_torch_cross_entropy_correct_files,0.9516211107880198,0.16045138756265145,0.18427273383157422,0.6552758786057743,0.7896978692126264,0.7594562864641028,0.06596750788625323,0.8965351055194806,0.7675031706574675,0.6504286728896104,0.7717475149660058,22.83,Unreliable,True,,False,0.0
0916_MVL.png,MVL,fpn_resnet50_torch_cross_entropy_all_files,0.9723958838163549,0.151350026788718,0.15630490129707234,0.6923450719142097,0.822113865464767,0.7922594974289328,0.0653740381633125,0.9529981737012987,0.8042926897321429,0.68359375,0.806029084760967,19.4,Unreliable,True,,False,0.0
0916_MVL.png,MVL,unet_resnet18_torch_cross_entropy_all_files,0.9898630092727214,0.17007890721262514,0.16678226668516266,0.6631388261022122,0.8209341378307649,0.7987833441614851,0.053086420775190345,0.9681792816558441,0.812275390625,0.6833147321428571,0.810825400847675,18.92,Unreliable,True,,False,0.0
0916_MVL.png,MVL,pan_resnet18_torch_cross_entropy_correct_clear_strict_files,0.9756994927465995,0.11730983356168069,0.22406463816946823,0.6586255282688511,0.824681149235889,0.8119875499785734,0.025661198590267414,0.9843242694805194,0.8218678977272728,0.6807908887987013,0.8197477688552478,18.03,Unreliable,True,,False,0.0
0917_MVL.png,MVL,GT,1.0,0.3556750993505864,0.02510823559820361,0.61921666505121,0.7531608833317179,0.7393882381481156,0.04224317597481159,1.0,0.7549275821834416,0.6342202719155844,0.7497357693173268,25.03,Unreliable,True,,False,0.0
0917_MVL.png,MVL,fpn_resnet18_torch_cross_entropy_correct_files,0.945894316823366,0.23469862645221617,0.09477351618839422,0.6705278573593896,0.7666747035636975,0.7349349018267765,0.04994846133726852,0.8893313717532467,0.736815137987013,0.6552861201298701,0.7452089368119474,25.48,Unreliable,True,,False,0.0
0917_MVL.png,MVL,fpn_resnet50_torch_cross_entropy_all_files,0.9667054376272172,0.23351046941060477,0.09822696813221704,0.6682625624571782,0.7831771994442829,0.7452393247414181,0.047157078090370244,0.94140625,0.7508887987012988,0.6547280844155844,0.7588804767362298,24.11,Unreliable,True,,False,0.0
0917_MVL.png,MVL,unet_resnet18_torch_cross_entropy_all_files,0.9653726858582922,0.1704736564672808,0.17010132449777018,0.659425019034949,0.7992785774288392,0.7746597153956836,0.05617068659765141,0.939262885551948,0.7882889864042208,0.6702769886363636,0.7874970824090451,21.25,Unreliable,True,,False,0.0
0917_MVL.png,MVL,pan_resnet18_torch_cross_entropy_correct_clear_strict_files,0.382616878291493,0.2771931306009141,0.0,0.7228068693990859,0.31155750218086653,0.38284894363506505,0.18271515101240296,0.5865082183441559,0.47625494622564934,0.4219510957792208,0.3988239122350392,60.12,Degraded,False,,False,0.5
0918_MVL.png,MVL,GT,1.0,0.3556750993505864,0.02510823559820361,0.61921666505121,0.7531608833317179,0.7393882381481156,0.04224317597481159,1.0,0.7549275821834416,0.6342202719155844,0.7497357693173268,25.03,Unreliable,True,,False,0.0
0918_MVL.png,MVL,fpn_resnet18_torch_cross_entropy_correct_files,0.9399413589221673,0.15770590838586043,0.15353381714123668,0.6887602744729029,0.7915580272042907,0.7618095480039426,0.06614699100237052,0.8877206777597403,0.7663566609172078,0.670124797077922,0.7725529369293531,22.74,Unreliable,True,,False,0.0
0918_MVL.png,MVL,fpn_resnet50_torch_cross_entropy_all_files,0.9734095828890827,0.30837592936802977,0.029453498406797663,0.6621705722251726,0.762543698103454,0.7457593510936178,0.04485722402849267,0.9647549715909091,0.7665108816964287,0.6662946428571429,0.759095267437693,24.09,Unreliable,True,,False,0.0
0918_MVL.png,MVL,unet_resnet18_torch_cross_entropy_all_files,0.9523844140738587,0.1848883460974141,0.1413844575053643,0.6737271963972216,0.7886258117669865,0.7772232723647566,0.06185169356061188,0.9549893465909091,0.7990973772321428,0.6813616071428571,0.7893936761323801,21.06,Unreliable,True,,False,0.0
0918_MVL.png,MVL,pan_resnet18_torch_cross_entropy_correct_clear_strict_files,0.9320821621272334,0.13449397940127647,0.19187489980111877,0.6736311207976048,0.7872846596232755,0.7987551709369942,0.041712660011596764,0.9826501623376623,0.8274495231331168,0.678127536525974,0.8067917584213277,19.32,Unreliable,True,,False,0.0
0919_MVL.png,MVL,GT,1.0,0.3556750993505864,0.02510823559820361,0.61921666505121,0.7531608833317179,0.7393882381481156,0.04224317597481159,1.0,0.7549275821834416,0.6342202719155844,0.7497357693173268,25.03,Unreliable,True,,False,0.0
0919_MVL.png,MVL,fpn_resnet18_torch_cross_entropy_correct_files,0.9398201996704468,0.15674646658673783,0.149398170231235,0.6938553631820272,0.7933816354883526,0.7624135228627726,0.05976044076393411,0.8749873173701299,0.768316888189935,0.681158685064935,0.7740653027813116,22.59,Unreliable,True,,False,0.0
0919_MVL.png,MVL,fpn_resnet50_torch_cross_entropy_all_files,0.9408500533100708,0.26921987276894943,0.03960731793167985,0.6911728092993707,0.7584721010629706,0.7402129949337641,0.04401796104221357,0.9168146306818182,0.7643878094561688,0.6745510349025974,0.755360652581488,24.46,Unreliable,True,,False,0.0
0919_MVL.png,MVL,unet_resnet18_torch_cross_entropy_all_files,0.9549529902103324,0.18752061711791723,0.13921100932951017,0.6732683735525726,0.7897742399276277,0.7996396862533738,0.049652413394474654,0.9853515625,0.8393356838474026,0.6902648133116883,0.8125584513932615,18.74,Unreliable,True,,False,0.0
0919_MVL.png,MVL,pan_resnet18_torch_cross_entropy_correct_clear_strict_files,0.915418726373946,0.12511415525114156,0.1633644365032096,0.7115214082456489,0.7878364592420277,0.8122201635013734,0.05171758374127444,0.9849710836038961,0.8511662946428571,0.7081473214285714,0.8204835046801632,17.95,Unreliable,True,,False,0.0
0920_MVL.png,MVL,GT,1.0,0.3556750993505864,0.02510823559820361,0.61921666505121,0.7531608833317179,0.7393882381481156,0.04224317597481159,1.0,0.7549275821834416,0.6342202719155844,0.7497357693173268,25.03,Unreliable,True,,False,0.0
0920_MVL.png,MVL,fpn_resnet18_torch_cross_entropy_correct_files,0.9310119220703693,0.19306715945272984,0.1283152442674579,0.6786175962798122,0.7699634502923977,0.7483661388844981,0.05868716879205632,0.8796418425324676,0.7604276582792208,0.6610693993506493,0.7596699400647571,24.03,Unreliable,True,,False,0.0
0920_MVL.png,MVL,fpn_resnet50_torch_cross_entropy_all_files,0.8550289166747439,0.2361179337968561,0.04074875302297461,0.7231333131801693,0.7079181205776873,0.7008445957065974,0.054854264987664575,0.8919186282467533,0.7357142857142857,0.6422991071428571,0.7169145291709997,28.31,Unreliable,True,,False,0.0
0920_MVL.png,MVL,unet_resnet18_torch_cross_entropy_all_files,0.9028060482698459,0.2583586082257473,0.0437412208891394,0.6979001708851134,0.7331035346192368,0.7305563673254389,0.05493341539442962,0.9317801339285714,0.7654440188717533,0.6646585836038961,0.7452755781321041,25.47,Unreliable,True,,False,0.0
0920_MVL.png,MVL,pan_resnet18_torch_cross_entropy_correct_clear_strict_files,0.8541161836451164,0.16988358567470188,0.08641233935106815,0.74370407497423,0.7318048689864625,0.7592882945771829,0.059932376659734034,0.9594916801948052,0.8147674005681818,0.6943739853896104,0.7732349092963664,22.68,Unreliable,True,,False,0.0
0921_MVL.png,MVL,GT,1.0,0.3556750993505864,0.02510823559820361,0.61921666505121,0.7531608833317179,0.7393882381481156,0.04224317597481159,1.0,0.7549275821834416,0.6342202719155844,0.7497357693173268,25.03,Unreliable,True,,False,0.0
0921_MVL.png,MVL,fpn_resnet18_torch_cross_entropy_correct_files,0.9424412781493328,0.14561014072918632,0.17493014964260614,0.6794597096282076,0.7944449694678686,0.7619592281051943,0.06243367787846965,0.8668070211038961,0.7674088118912337,0.6744749391233766,0.7738847840284123,22.61,Unreliable,True,,False,0.0
0921_MVL.png,MVL,fpn_resnet50_torch_cross_entropy_all_files,0.971370068818455,0.3025623755295839,0.03529450895771228,0.6621431155127038,0.7628004749442667,0.7380306268300453,0.04111928131697093,0.9345068993506493,0.7573694957386363,0.663288859577922,0.7531971288277481,24.68,Unreliable,True,,False,0.0
0921_MVL.png,MVL,unet_resnet18_torch_cross_entropy_all_files,0.9887685373655132,0.16980153332761502,0.18826354936342804,0.6419349173089569,0.8129885948757715,0.8073019868716653,0.04905192812101744,0.9703480113636364,0.8303165584415585,0.7003221387987013,0.8182137979008544,18.18,Unreliable,True,,False,0.0
0921_MVL.png,MVL,pan_resnet18_torch_cross_entropy_correct_clear_strict_files,0.38040370262673256,0.24982216984637598,7.431707912645582e-05,0.7501035130744975,0.3167217941261995,0.41564838644047347,0.19177010021765692,0.6149299918831169,0.5033379413555195,0.4483309659090909,0.42104623071220965,57.9,Degraded,False,,False,0.5
0922_MVL.png,MVL,GT,1.0,0.3556750993505864,0.02510823559820361,0.61921666505121,0.7531608833317179,0.7393882381481156,0.04224317597481159,1.0,0.7549275821834416,0.6342202719155844,0.7497357693173268,25.03,Unreliable,True,,False,0.0
0922_MVL.png,MVL,fpn_resnet18_torch_cross_entropy_correct_files,0.9215009208103131,0.20162947964465247,0.10772622287670212,0.6906442974786454,0.7632620109204872,0.7407121947955656,0.05527491758518082,0.8644987824675324,0.755808010349026,0.669528713474026,0.7535154658544263,24.65,Unreliable,True,,False,0.0
0922_MVL.png,MVL,fpn_resnet50_torch_cross_entropy_all_files,0.9785346192368582,0.26857152290821446,0.04982810068800997,0.6816003764037756,0.7858763448676942,0.7641434502638387,0.044185883879890156,0.949510450487013,0.7845127333603896,0.694437398538961,0.7788110318836157,22.12,Unreliable,True,,False,0.0
0922_MVL.png,MVL,unet_resnet18_torch_cross_entropy_all_files,0.9398686633711351,0.19438894116939312,0.10804446564311465,0.6975665931874923,0.7829334270298214,0.7679294083309538,0.05260214471542967,0.9186282467532467,0.7880306412337662,0.6921545251623377,0.780471107101739,21.95,Unreliable,True,,False,0.0
0922_MVL.png,MVL,pan_resnet18_torch_cross_entropy_correct_clear_strict_files,0.834052211560208,0.34097754190917984,0.013359610300312805,0.6456628477905073,0.6397203644470292,0.672100361098804,0.060657958949705944,0.9423954951298701,0.7151549817370131,0.5990640219155844,0.6796082103585552,32.04,Unreliable,True,,False,0.0
0938_FV.png,FV,GT,0.9982556422190466,0.0,0.19426994821760601,0.805730051782394,0.9323190777656254,0.9296859441345683,0.037811313909778585,1.0,0.9674572276536312,0.9042859636871509,0.9455843976315106,5.44,Unreliable,True,,False,0.0
0938_FV.png,FV,fpn_resnet18_torch_cross_entropy_correct_files,1.0,0.04579238549907792,0.1510047021818443,0.8032029123190778,0.9179775029737908,0.9028965832758655,0.04108022218914797,1.0,0.9548230185055866,0.8953605097765364,0.9281914332771315,7.18,Unreliable,True,,False,0.0
0938_FV.png,FV,fpn_resnet50_torch_cross_entropy_all_files,1.0,0.0,0.21562178171976912,0.7843782182802309,0.9266885942152785,0.9231418013687968,0.04171239413670223,1.0,0.9626418470670393,0.8901230796089385,0.9400058575020382,6.0,Unreliable,True,,False,0.0
0938_FV.png,FV,unet_resnet18_torch_cross_entropy_all_files,1.0,0.023666584172248345,0.16974157958183314,0.8065918362459186,0.9264312515467702,0.9204029149999664,0.03921603867371401,1.0,0.9677006590432962,0.9160265363128491,0.9411305135813395,5.89,Unreliable,True,,False,0.0
0938_FV.png,FV,pan_resnet18_torch_cross_entropy_correct_clear_strict_files,1.0,0.0008701830577753651,0.2752213378465764,0.7239084790956483,0.9058417224834546,0.9052629061814803,0.05603970622804842,1.0,0.9488650052374302,0.8519116620111732,0.9228773906944525,7.71,Unreliable,True,,False,0.0
0939_FV.png,FV,GT,0.9982556422190466,0.0,0.19419797268928565,0.8058020273107144,0.9323435067578895,0.9297025725951998,0.03780270211332497,1.0,0.9674572276536312,0.9042859636871509,0.9455967148673794,5.44,Unreliable,True,,False,0.0
0939_FV.png,FV,fpn_resnet18_torch_cross_entropy_correct_files,0.9993613335355778,0.05320695632723816,0.1585863669406699,0.7882066767320919,0.909850512130671,0.8938611741986331,0.045570101102165944,1.0,0.9456028500349162,0.8839690991620112,0.9193546459127577,8.06,Unreliable,True,,False,0.0
0939_FV.png,FV,fpn_resnet50_torch_cross_entropy_all_files,1.0,0.008761705558793239,0.21177381627162484,0.7794644781695819,0.9221265597432561,0.9129302734935916,0.042647213384040025,1.0,0.9504125567388269,0.8774004888268156,0.9306820726665851,6.93,Unreliable,True,,False,0.0
0939_FV.png,FV,unet_resnet18_torch_cross_entropy_all_files,1.0,0.13210815816574992,0.07443258476301483,0.7934592570712352,0.8861804552095226,0.8778556052883864,0.06959469252889113,1.0,0.9489711723114524,0.9071774615921788,0.9087992870739536,9.12,Unreliable,True,,False,0.0
0939_FV.png,FV,pan_resnet18_torch_cross_entropy_correct_clear_strict_files,1.0,0.21028093341103776,0.15738737516066453,0.6323316914282977,0.8056000670599788,0.788070602993846,0.1166901378603548,1.0,0.8637572014664804,0.7456027409217877,0.8236040816027396,17.64,Unreliable,True,,False,0.0
0940_FV.png,FV,GT,0.9982556422190466,0.0,0.19419797268928565,0.8058020273107144,0.9323435067578895,0.9297025725951998,0.03780270211332497,1.0,0.9674572276536312,0.9042859636871509,0.9455967148673794,5.44,Unreliable,True,,False,0.0
0940_FV.png,FV,fpn_resnet18_torch_cross_entropy_correct_files,1.0,0.05721254021602893,0.15072129393825692,0.7920661658457141,0.9104223581162534,0.8933853576847363,0.04558724435015557,1.0,0.9458631939594973,0.8869587988826816,0.9194875923240957,8.05,Unreliable,True,,False,0.0
0940_FV.png,FV,fpn_resnet50_torch_cross_entropy_all_files,1.0,0.0,0.20474449349757706,0.7952555065024229,0.9303868722108238,0.9239972774200912,0.037715991061490116,1.0,0.9618701990223465,0.8878535265363129,0.9410633244982132,5.89,Unreliable,True,,False,0.0
0940_FV.png,FV,unet_resnet18_torch_cross_entropy_all_files,1.0,0.10478920015008662,0.08398464007153064,0.8112261597783827,0.9012364582751216,0.8916983094220424,0.056146130699820225,1.0,0.9554993016759777,0.9158192213687151,0.9200801509795402,7.99,Unreliable,True,,False,0.0
0940_FV.png,FV,pan_resnet18_torch_cross_entropy_correct_clear_strict_files,0.34317944132651024,0.06878823830460372,0.0,0.9312117616953963,0.32736294616840034,0.38371930775108604,0.18847388362278553,0.5477369937150838,0.5291096368715084,0.519934968575419,0.42496853092444925,57.5,Unreliable,True,,False,0.0
0941_FV.png,FV,GT,0.9982556422190466,0.0,0.19419797268928565,0.8058020273107144,0.9323435067578895,0.9297025725951998,0.03780270211332497,1.0,0.9674572276536312,0.9042859636871509,0.9455967148673794,5.44,Unreliable,True,,False,0.0
0941_FV.png,FV,fpn_resnet18_torch_cross_entropy_correct_files,1.0,0.04147739519882485,0.1541740845115399,0.8043485202896352,0.9197909564828638,0.9055815743918206,0.03949341514154292,1.0,0.9579943915851956,0.8916724860335196,0.9308095158964835,6.92,Unreliable,True,,False,0.0
0941_FV.png,FV,fpn_resnet50_torch_cross_entropy_all_files,1.0,0.0,0.21047253335036445,0.7895274666496356,0.928439338660876,0.9231665926118818,0.03893645748791294,1.0,0.9628050803072626,0.8906031773743017,0.9406038115047325,5.94,Unreliable,True,,False,0.0
0941_FV.png,FV,unet_resnet18_torch_cross_entropy_all_files,1.0,0.06513200437486528,0.12854759262659568,0.806320402998539,0.9126553755757978,0.9038935384796309,0.04858729059900147,1.0,0.9612981188896649,0.9163429643854749,0.9294839217724945,7.05,Unreliable,True,,False,0.0
0941_FV.png,FV,pan_resnet18_torch_cross_entropy_correct_clear_strict_files,0.9959285012893079,0.008905740234547217,0.2506392734326779,0.7404549863327748,0.9051155587134063,0.9036612741981558,0.05766400649855067,0.9993453212290503,0.947102064420391,0.8689769553072626,0.921473875641625,7.85,Unreliable,True,,False,0.0
0942_FV.png,FV,GT,0.9982556422190466,0.0,0.19422596317252133,0.8057740368274786,0.9323340065942313,0.9296968683007589,0.03781055282631488,1.0,0.9674535178072625,0.9042750523743017,0.945590669591402,5.44,Unreliable,True,,False,0.0
0942_FV.png,FV,fpn_resnet18_torch_cross_entropy_correct_files,1.0,0.028288932708504643,0.16425703131860675,0.8074540359728886,0.9251990244369757,0.9134641738189663,0.037750506011391044,1.0,0.9610696359986034,0.894934968575419,0.9360268138762239,6.4,Unreliable,True,,False,0.0
0942_FV.png,FV,fpn_resnet50_torch_cross_entropy_all_files,1.0,0.0,0.22442340393258875,0.7755765960674113,0.9236960426629198,0.9184031950388086,0.042574595486968216,1.0,0.9571735335195531,0.8740398044692738,0.9354991847183398,6.45,Unreliable,True,,False,0.0
0942_FV.png,FV,unet_resnet18_torch_cross_entropy_all_files,1.0,0.034068864211526335,0.14503317073949593,0.8208979650489777,0.9278625829268488,0.9205447526625382,0.03751292049094221,1.0,0.9691098550977655,0.924439158519553,0.9421661427159223,5.78,Unreliable,True,,False,0.0
0942_FV.png,FV,pan_resnet18_torch_cross_entropy_correct_clear_strict_files,1.0,0.0040076320642498464,0.27732095384836464,0.7186714140873856,0.9030257622085086,0.9017969251554122,0.05687079585648282,1.0,0.9460598158170391,0.8511696927374302,0.9198707325359918,8.01,Unreliable,True,,False,0.0
0943_FV.png,FV,GT,0.9982556422190466,0.0,0.19419797268928565,0.8058020273107144,0.9323435067578895,0.9297025725951998,0.03780270211332497,1.0,0.9674572276536312,0.9042859636871509,0.9455967148673794,5.44,Unreliable,True,,False,0.0
0943_FV.png,FV,fpn_resnet18_torch_cross_entropy_correct_files,1.0,0.02806939111135948,0.15936324953497097,0.8125673593536695,0.927010003113499,0.9141375198382163,0.03628674227681662,1.0,0.9614508772695531,0.8999323498603352,0.9369246077933359,6.31,Unreliable,True,,False,0.0
0943_FV.png,FV,fpn_resnet50_torch_cross_entropy_all_files,1.0,0.006031406423387966,0.2131309825085222,0.7808376110680898,0.9234944236434325,0.9168618785149116,0.04230357585496914,1.0,0.9572418383379888,0.8841109462290503,0.9350036259826988,6.5,Unreliable,True,,False,0.0
0943_FV.png,FV,unet_resnet18_torch_cross_entropy_all_files,1.0,0.036958829963037176,0.15773864171609678,0.805302528320866,0.9216064457412922,0.9135399993371822,0.041663615764362914,1.0,0.9632311670740225,0.9116074546089385,0.9358364003531512,6.42,Unreliable,True,,False,0.0
0943_FV.png,FV,pan_resnet18_torch_cross_entropy_correct_clear_strict_files,1.0,0.012525846033482089,0.2534228530827632,0.7340513008837547,0.9054439131094275,0.9020833637232416,0.05606185798562843,1.0,0.9451744718924582,0.8674166375698324,0.920327971806784,7.97,Unreliable,True,,False,0.0
0944_FV.png,FV,GT,0.9982556422190466,0.0,0.19419797268928565,0.8058020273107144,0.9323435067578895,0.9297025725951998,0.03780270211332497,1.0,0.9674572276536312,0.9042859636871509,0.9455967148673794,5.44,Unreliable,True,,False,0.0
0944_FV.png,FV,fpn_resnet18_torch_cross_entropy_correct_files,1.0,0.007564205938001453,0.18144115087696888,0.8109946431850297,0.9332419907233697,0.9243369850876322,0.03410661574785871,1.0,0.9653552723463688,0.8986120810055865,0.943415801681848,5.66,Unreliable,True,,False,0.0
0944_FV.png,FV,fpn_resnet50_torch_cross_entropy_all_files,1.0,0.0009699746928413473,0.21563774838137967,0.783392276925779,0.9260332825061273,0.9206701423784669,0.04083376768790625,1.0,0.9601711984986034,0.8828670565642458,0.9380795068648196,6.19,Unreliable,True,,False,0.0
0944_FV.png,FV,unet_resnet18_torch_cross_entropy_all_files,1.0,0.005891698134295591,0.17633980249239586,0.8177684993733085,0.9360970294026073,0.9323181496100224,0.034623478690482254,1.0,0.9724433702863128,0.9204019727653632,0.949501901818314,5.05,Unreliable,True,,False,0.0
0944_FV.png,FV,pan_resnet18_torch_cross_entropy_correct_clear_strict_files,0.17172543728694487,0.03628460519281281,0.0,0.9637153948071872,0.16755067419228653,0.15505390189706278,0.20794822877583252,0.22092135125698323,0.21768276449022345,0.21608763966480446,0.18385447862289417,81.61,Healthy,False,,False,1.0
0945_FV.png,FV,GT,0.9982556422190466,0.0,0.19419797268928565,0.8058020273107144,0.9323435067578895,0.9297025725951998,0.03780270211332497,1.0,0.9674572276536312,0.9042859636871509,0.9455967148673794,5.44,Unreliable,True,,False,0.0
0945_FV.png,FV,fpn_resnet18_torch_cross_entropy_correct_files,1.0,0.001668516138303223,0.1917156976233624,0.8066157862383344,0.9336987569953937,0.9256212901329692,0.03412247236578801,1.0,0.963554469273743,0.8928072625698324,0.943217801848006,5.68,Unreliable,True,,False,0.0
0945_FV.png,FV,fpn_resnet50_torch_cross_entropy_all_files,1.0,0.0,0.2126519826602055,0.7873480173397945,0.9276983258955303,0.9220612893055307,0.03969987010719473,1.0,0.9603343226256983,0.8833362430167597,0.9390616136105976,6.09,Unreliable,True,,False,0.0
0945_FV.png,FV,unet_resnet18_torch_cross_entropy_all_files,1.0,0.0008941330501912008,0.17733771884305569,0.8217681481067531,0.9391061064497329,0.9364232037533547,0.03340515834744277,1.0,0.9745578736033519,0.925170216480447,0.952481942502267,4.75,Unreliable,True,,False,0.0
0945_FV.png,FV,pan_resnet18_torch_cross_entropy_correct_clear_strict_files,0.7558617606437757,0.12689057879171947,0.021894803548795944,0.8512146176594846,0.685974086108206,0.731244511613144,0.12444822555589598,0.9294038058659218,0.8772806826117319,0.8492165677374302,0.7760778523610977,22.39,Unreliable,True,,False,0.0
1069_RV.png,RV,GT,0.9982071089417225,0.040550005371146204,0.4465742829519819,0.5128757116768718,0.8195242833797284,0.8343864785113362,0.020592892822894338,1.0,0.8417275881634078,0.5867776710893855,0.8328642638326825,16.71,Unreliable,True,,False,0.0
1069_RV.png,RV,fpn_resnet18_torch_cross_entropy_correct_files,1.0,0.03853429011379282,0.5666822508074444,0.39478345907876283,0.7815100603492278,0.7756003124933052,0.016206801663848747,1.0,0.7695120460893855,0.37225034916201116,0.7749379302885141,22.51,Unreliable,False,,False,0.0
1069_RV.png,RV,fpn_resnet50_torch_cross_entropy_all_files,1.0,0.0343523073821646,0.49588021085771394,0.46976748176012145,0.8083846823623271,0.8136403620033748,0.017049717415813525,1.0,0.8162463992667598,0.5033606843575419,0.8131060730164145,18.69,Unreliable,True,,False,0.0
1069_RV.png,RV,unet_resnet18_torch_cross_entropy_all_files,1.0,0.023380500379595357,0.377099033640298,0.5995204659801067,0.8561213933079699,0.8655594504227663,0.020553213333475845,1.0,0.8734450288058659,0.6446076291899442,0.8658822646415671,13.41,Unreliable,True,,False,0.0
1069_RV.png,RV,pan_resnet18_torch_cross_entropy_correct_clear_strict_files,1.0,0.005009800851837713,0.30526758255662834,0.689722616591534,0.892852455360015,0.9070118087606285,0.01881426684261005,1.0,0.9177650357891062,0.7593291724860335,0.9070652935518355,9.29,Unreliable,True,,False,0.0
1070_RV.png,RV,GT,0.9982071089417225,0.04099258781824041,0.44625631109678804,0.5127511010849716,0.8193362013871315,0.834218526185715,0.020745849257560896,1.0,0.8414651710893856,0.5864612430167597,0.8326524867076082,16.73,Unreliable,True,,False,0.0
1070_RV.png,RV,fpn_resnet18_torch_cross_entropy_correct_files,1.0,0.041154999292279844,0.5430443976443642,0.415800603063356,0.7877910552750889,0.7877566278256517,0.016784007848523207,1.0,0.7833993104050281,0.41574284217877094,0.7860240290922333,21.4,Unreliable,False,,False,0.0
1070_RV.png,RV,fpn_resnet50_torch_cross_entropy_all_files,0.999253676927894,0.026999300336096217,0.45029596212371603,0.5227047375401878,0.8281912817455381,0.835497020321243,0.019956125878898046,0.9981014315642458,0.8413370722765364,0.566809968575419,0.8356413195306489,16.44,Unreliable,True,,False,0.0
1070_RV.png,RV,unet_resnet18_torch_cross_entropy_all_files,0.9879558897329107,0.03313434779777281,0.3033711767642781,0.663494475437949,0.8641193602209802,0.857451202470177,0.016939735889979844,0.9865354399441341,0.8557430604050279,0.6466916899441341,0.8587683929693584,14.12,Unreliable,True,,False,0.0
1070_RV.png,RV,pan_resnet18_torch_cross_entropy_correct_clear_strict_files,1.0,0.3708539394277332,0.1317603359311667,0.4973857246411001,0.706729346366822,0.7107484303799797,0.08597835377058731,1.0,0.710793907122905,0.507539717178771,0.7095608958732025,29.04,Unreliable,True,,False,0.0
1071_RV.png,RV,GT,0.9978296581926114,0.04151532215425749,0.44591359070139314,0.5125710871443494,0.8187931870139786,0.8339332302399254,0.02090897232052913,1.0,0.8412680036662011,0.5861884601955307,0.8323251266426517,16.77,Unreliable,True,,False,0.0
1071_RV.png,RV,fpn_resnet18_torch_cross_entropy_correct_files,0.9998970588866061,0.035501181799853294,0.6327369283498986,0.3317618898502482,0.761005305756553,0.7555510824563375,0.02172058736611283,1.0,0.7498198542248605,0.31033956005586594,0.7548948581538113,24.51,Unreliable,False,,False,0.0
1071_RV.png,RV,fpn_resnet50_torch_cross_entropy_all_files,1.0,0.027704027142140233,0.4403992399514461,0.5318967329064137,0.8317025602312744,0.8424307093666709,0.014585449506915432,1.0,0.847514184706704,0.5878797136871509,0.8412456547620653,15.88,Unreliable,True,,False,0.0
1071_RV.png,RV,unet_resnet18_torch_cross_entropy_all_files,1.0,0.016449132077737696,0.30151023191775006,0.6820406360045123,0.8864656026558807,0.8954770961735465,0.0074894753536785905,1.0,0.9119201728351956,0.7531206354748603,0.8993508787829063,10.06,Unreliable,True,,False,0.0
1071_RV.png,RV,pan_resnet18_torch_cross_entropy_correct_clear_strict_files,0.9939522095881068,0.0132221133804853,0.31727030677547,0.6695075798440446,0.8779274522503356,0.89023436637691,0.01860130071572749,0.9983414804469274,0.9019778936801676,0.7336112081005587,0.8912397030602407,10.88,Unreliable,True,,False,0.0
1072_RV.png,RV,GT,0.9977653199967402,0.04180602006688963,0.44573600089415444,0.512457979038956,0.818606306001038,0.8338300323303746,0.021007777493353263,1.0,0.841078692388268,0.5859811452513967,0.832162378454731,16.78,Unreliable,True,,False,0.0
1072_RV.png,RV,fpn_resnet18_torch_cross_entropy_correct_files,1.0,0.03614948765350021,0.5147313022479766,0.44911921009852324,0.8007712005078429,0.7858760887904129,0.007973022578808471,1.0,0.777292903282123,0.3909414280726257,0.7869113481023259,21.31,Unreliable,False,,False,0.0
1072_RV.png,RV,fpn_resnet50_torch_cross_entropy_all_files,1.0,0.037702182780525256,0.4936755553458607,0.46862226187361405,0.8068898487194555,0.8060565172187601,0.014880575697345482,1.0,0.8054279416899441,0.48481145251396646,0.8060550864574423,19.39,Unreliable,False,,False,0.0
1072_RV.png,RV,unet_resnet18_torch_cross_entropy_all_files,1.0,0.01724263649348254,0.24783073049587592,0.7349266330106415,0.904184985180769,0.9028756853465099,0.0010299495780606979,1.0,0.9062239219622905,0.7365681738826816,0.9046077699430998,9.54,Unreliable,True,,False,0.0
1072_RV.png,RV,pan_resnet18_torch_cross_entropy_correct_clear_strict_files,0.41617376459940897,0.1394752030341757,0.0,0.8605247969658243,0.37728299798835907,0.48153512794253384,0.21398041101983536,0.6122992318435754,0.5440842135125699,0.5104857716480447,0.47527912318429577,52.47,Unreliable,True,,False,0.0
1073_RV.png,RV,GT,0.9977653199967402,0.042390659524894465,0.44528892366156253,0.512320416813543,0.8183671394809194,0.8335866541692035,0.021192470001169625,1.0,0.8407223289106146,0.5856319832402235,0.8318750696592827,16.81,Unreliable,True,,False,0.0
1073_RV.png,RV,fpn_resnet18_torch_cross_entropy_correct_files,1.0,0.037256104622484916,0.5201185538489254,0.44262534152858973,0.7981981015943005,0.7943628261671516,0.012415329601949831,1.0,0.7957486251745812,0.4469491969273743,0.7960677283982681,20.39,Unreliable,False,,False,0.0
1073_RV.png,RV,fpn_resnet50_torch_cross_entropy_all_files,1.0,0.046872520298700794,0.43836615296191606,0.5147613267393831,0.819550919392819,0.8290009902964511,0.021147057180688312,1.0,0.8355570225209498,0.5757245111731844,0.8287883819151609,17.12,Unreliable,True,,False,0.0
1073_RV.png,RV,unet_resnet18_torch_cross_entropy_all_files,0.9989448535877122,0.030657329205614498,0.2889174184296062,0.6804252523647792,0.8802978429547532,0.8833045251684752,0.011577175892583131,0.9999563547486033,0.8921146124301677,0.7158803247206704,0.8859265554090355,11.41,Unreliable,True,,False,0.0
1073_RV.png,RV,pan_resnet18_torch_cross_entropy_correct_clear_strict_files,0.9992107847973133,0.02057014324409016,0.3022763662275336,0.6771534905283763,0.8827468120423946,0.8920072840107148,0.014873168758630005,0.9979923184357542,0.8941640843226256,0.7422311452513967,0.8900918625449831,10.99,Unreliable,True,,False,0.0
1074_RV.png,RV,GT,0.9980140943541088,0.04282276087330239,0.4450446965789926,0.512132542547705,0.8183651235507822,0.8335141558067336,0.021370629731096578,1.0,0.840547966131285,0.5854792248603352,0.8317829702597688,16.82,Unreliable,True,,False,0.0
1074_RV.png,RV,fpn_resnet18_torch_cross_entropy_correct_files,1.0,0.04032289195901228,0.5128569161415955,0.4468201918993922,0.7986123108993193,0.7873521824036253,0.011765101358154633,1.0,0.78345124825419,0.4166157472067039,0.7891698472925593,21.08,Unreliable,False,,False,0.0
1074_RV.png,RV,fpn_resnet50_torch_cross_entropy_all_files,1.0,0.028887849946170375,0.47471294441608797,0.49639920563774165,0.819242739434596,0.8213528137973648,0.014280162749004895,1.0,0.8187047180516759,0.5065031424581006,0.8196605531902587,18.03,Unreliable,True,,False,0.0
1074_RV.png,RV,unet_resnet18_torch_cross_entropy_all_files,1.0,0.024877435736865357,0.30413094109623706,0.6709916231668975,0.8799275980835797,0.8775142273188271,0.003575311765555154,1.0,0.8745558004539107,0.6566646298882681,0.8770548678022863,12.29,Unreliable,True,,False,0.0
1074_RV.png,RV,pan_resnet18_torch_cross_entropy_correct_clear_strict_files,1.0,0.019001213847295438,0.2825948023316162,0.6984039838210884,0.8911869539295626,0.900889102598172,0.012036462148522395,1.0,0.9069330481843576,0.746628404329609,0.9003960362320634,9.96,Unreliable,True,,False,0.0
1075_RV.png,RV,GT,0.9977181386531013,0.043351346238999874,0.44499185335173314,0.511656800409267,0.8177870234148141,0.8332431499161919,0.021747530450799815,1.0,0.840319155900838,0.5852828212290503,0.8314367143596371,16.86,Unreliable,True,,False,0.0
1075_RV.png,RV,fpn_resnet18_torch_cross_entropy_correct_files,1.0,0.040743234838704144,0.5423280990636647,0.4169286660976311,0.7883104789764223,0.7755363602193525,0.014089017367563206,1.0,0.7654493278631285,0.3645796962290503,0.7753337829039838,22.47,Unreliable,False,,False,0.0
1075_RV.png,RV,fpn_resnet50_torch_cross_entropy_all_files,1.0,0.04207289088670901,0.490432910273952,0.46749419883933896,0.8050639736127614,0.8038242793100432,0.016718219878835556,1.0,0.7989060317737432,0.46778980446927376,0.8022288885863387,19.78,Unreliable,False,,False,0.0
1075_RV.png,RV,unet_resnet18_torch_cross_entropy_all_files,1.0,0.02690623351333731,0.39221422045697274,0.5808795460296899,0.8486199885906932,0.8481735883909407,0.015635208912668973,1.0,0.8512409436103352,0.5875196403631285,0.8495344505386242,15.05,Unreliable,True,,False,0.0
1075_RV.png,RV,pan_resnet18_torch_cross_entropy_correct_clear_strict_files,0.9705888660607438,0.02271019859823409,0.3288449130746047,0.6484448883271612,0.8473016560651617,0.8620664983217428,0.037137133073602877,0.9774135824022346,0.8605952121159218,0.68541593924581,0.8570485311624402,14.3,Unreliable,True,,False,0.0
1076_FV.png,FV,GT,0.6935638387047844,0.0,0.1490851956512981,0.8509148043487019,0.6584078045041953,0.7487703653791652,0.32890470317575266,0.8119217004189944,0.7495517632681564,0.6284807087988827,0.7219741562722707,27.8,Unreliable,True,,False,0.0
1076_FV.png,FV,fpn_resnet18_torch_cross_entropy_correct_files,0.7446811058509831,0.11990308695908533,0.06142292786732347,0.8186739851735912,0.6693053304699786,0.75788736298472,0.3085162799779118,0.8381743191340782,0.7514159610684357,0.657188372905028,0.7287241924637838,27.13,Unreliable,True,,False,0.0
1076_FV.png,FV,fpn_resnet50_torch_cross_entropy_all_files,0.9343051708033626,0.29585070749880377,0.03314905325039306,0.6710002392508032,0.738576971283959,0.8053484240902489,0.22719768080222477,0.9605010474860335,0.7963055385824022,0.6808768331005587,0.7816998340452233,21.83,Unreliable,True,,False,0.0
1076_FV.png,FV,unet_resnet18_torch_cross_entropy_all_files,0.7882621087169989,0.1791955518870552,0.041893486330053624,0.7789109617828912,0.6823947198250053,0.7673861983575118,0.3016958418409177,0.9306476955307262,0.7714986688198324,0.665611906424581,0.743533742982688,25.65,Unreliable,True,,False,0.0
1076_FV.png,FV,pan_resnet18_torch_cross_entropy_correct_clear_strict_files,0.5835415652118376,0.018092892810725767,0.0,0.9819071071892742,0.5764677353685504,0.6946884322243735,0.32187061228090624,0.6753666201117319,0.6675369893505586,0.6636806040502793,0.6483616460181006,35.16,Unreliable,True,,False,0.0
1077_FV.png,FV,GT,0.6935279137161606,0.0,0.14954761027718944,0.8504523897228106,0.6582646633828566,0.748847541337785,0.32892351356897487,0.8123145076815642,0.749766497905028,0.6283497730446927,0.7220402605782037,27.8,Unreliable,True,,False,0.0
1077_FV.png,FV,fpn_resnet18_torch_cross_entropy_correct_files,0.9756388660476925,0.29708410557280734,0.08530433395112491,0.6176115604760677,0.7531445940875453,0.8226229967950912,0.20474624990169682,0.9945989001396648,0.82427156075419,0.6537840432960894,0.802438901566467,19.76,Unreliable,True,,False,0.0
1077_FV.png,FV,fpn_resnet50_torch_cross_entropy_all_files,1.0,0.3125114760380326,0.07418110984264854,0.6133074141193189,0.7653957337080178,0.8189617992752557,0.1957195392175036,1.0,0.8068682349860336,0.6666484811452514,0.7980545538893955,20.19,Unreliable,True,,False,0.0
1077_FV.png,FV,unet_resnet18_torch_cross_entropy_all_files,0.8374593848045282,0.20342036777533104,0.06693930467774378,0.7296403275469252,0.7042606238174691,0.7804071120807698,0.2762391106965821,0.9132659741620112,0.7731025226955307,0.6632441515363129,0.754641329847684,24.54,Unreliable,True,,False,0.0
1077_FV.png,FV,pan_resnet18_torch_cross_entropy_correct_clear_strict_files,0.990659502957824,0.14886252830584007,0.2008808052155273,0.6502566664786326,0.8241916877559655,0.8730525804292915,0.13871471870567903,0.9997381284916201,0.8705803727304471,0.7038124127094972,0.857405429547756,14.26,Unreliable,True,,False,0.0
1078_FV.png,FV,GT,0.6933562721038472,0.0,0.15010276279353602,0.8498972372064639,0.6579708768092223,0.7486744053960941,0.3290693086901463,0.8123145076815642,0.7496514926675978,0.6280115223463687,0.721854181728634,27.81,Unreliable,True,,False,0.0
1078_FV.png,FV,fpn_resnet18_torch_cross_entropy_correct_files,0.8677840668683788,0.25613733273842104,0.05085119986752469,0.6930114673940543,0.7038584236114993,0.7911963741104161,0.25760952779554086,0.94713468924581,0.7870188111033519,0.6545478351955307,0.7633239637579154,23.67,Unreliable,True,,False,0.0
1078_FV.png,FV,fpn_resnet50_torch_cross_entropy_all_files,1.0,0.3592578695683413,0.020904351713621958,0.6198377787180367,0.7521897478065799,0.8018580596749441,0.2035370182241183,1.0,0.7870814420391061,0.6712530551675978,0.7810469190600996,21.9,Unreliable,True,,False,0.0
1078_FV.png,FV,unet_resnet18_torch_cross_entropy_all_files,0.7765186291024341,0.13658724651091064,0.07919397537718148,0.7842187781119079,0.6845482233097293,0.7537458047815663,0.30050231751422635,0.8502749650837989,0.7413393636522346,0.6548533519553073,0.7280239538882824,27.2,Unreliable,True,,False,0.0
1078_FV.png,FV,pan_resnet18_torch_cross_entropy_correct_clear_strict_files,0.9719306088886405,0.10959793009979876,0.22773830547455748,0.6626637644256438,0.8253035661538707,0.8626700549296881,0.13877459469697295,0.9964429120111732,0.8448161443784915,0.692551937849162,0.8443185440764642,15.57,Unreliable,True,,False,0.0
1079_FV.png,FV,GT,0.693711530324682,0.0,0.15116519937856032,0.8488348006214397,0.6580574161151516,0.7491088792772503,0.32880796329295053,0.8137329783519553,0.7505060666899442,0.6277714734636871,0.7223523152936984,27.76,Unreliable,True,,False,0.0
1079_FV.png,FV,fpn_resnet18_torch_cross_entropy_correct_files,0.7908966078827409,0.14125579775609806,0.08968037267143442,0.7690638295724675,0.6919295710556358,0.7735139825469854,0.28630260558141635,0.88684968575419,0.7724935623254191,0.6581594797486033,0.748630491010954,25.14,Unreliable,True,,False,0.0
1079_FV.png,FV,fpn_resnet50_torch_cross_entropy_all_files,0.9999600833459736,0.344646164654787,0.03944721210959954,0.6159066232356135,0.7556448535457964,0.8089424512591805,0.20117443277544825,1.0,0.7956847939944135,0.6605708798882681,0.7876501090392585,21.23,Unreliable,True,,False,0.0
1079_FV.png,FV,unet_resnet18_torch_cross_entropy_all_files,0.777803945362084,0.14799570967427395,0.05085780854678046,0.8011464817789455,0.6872296245439523,0.7610332827034452,0.2992849192898244,0.8591567737430168,0.7567550846717876,0.6783563198324022,0.7371809060429343,26.28,Unreliable,True,,False,0.0
1079_FV.png,FV,pan_resnet18_torch_cross_entropy_correct_clear_strict_files,0.11485218863014027,0.25555208007507035,0.0,0.7444479199249296,0.09518720910738378,0.12450474327239817,0.30114288475642464,0.21061016061452514,0.17393298271648044,0.15586810405027932,0.13548077880052678,86.45,Healthy,False,,False,1.0
1080_FV.png,FV,GT,0.6935758137009923,0.0,0.15126384124864753,0.8487361587513524,0.657905413496619,0.749045667545942,0.32888166169069366,0.8137329783519553,0.7504986469972068,0.6277496508379888,0.722284783111651,27.77,Unreliable,True,,False,0.0
1080_FV.png,FV,fpn_resnet18_torch_cross_entropy_correct_files,0.8358068353278355,0.1608831451659121,0.10748466960857356,0.7316321852255143,0.715169406279688,0.7957331521822549,0.25921379762679864,0.9254211766759777,0.7927053509078213,0.6640079434357542,0.7703529079017114,22.96,Unreliable,True,,False,0.0
1080_FV.png,FV,fpn_resnet50_torch_cross_entropy_all_files,0.9943158684666417,0.32725674232631335,0.052794482492834145,0.6199487751808526,0.7584520720735105,0.8097420165939831,0.1992482630356005,1.0,0.7998887046089387,0.6621966655027933,0.7904137084438235,20.96,Unreliable,True,,False,0.0
1080_FV.png,FV,unet_resnet18_torch_cross_entropy_all_files,0.7526484699946512,0.11618360690514704,0.06904086340855453,0.8147755296862984,0.6763924525590567,0.746823581131159,0.3126971846477295,0.8182611731843575,0.7291034174231843,0.6601889839385475,0.7186061770763383,28.14,Unreliable,True,,False,0.0
1080_FV.png,FV,pan_resnet18_torch_cross_entropy_correct_clear_strict_files,0.6573634251682487,0.04613077165966335,0.0,0.9538692283403366,0.6370458881854688,0.7346115361213348,0.3295703039996036,0.7622752269553073,0.728639250174581,0.7120722765363129,0.7029529273618735,29.7,Unreliable,True,,False,0.0
1081_MVL.png,MVL,GT,0.34203660624858645,0.0,0.43134453483841256,0.5686554651615874,0.2918744951697845,0.28905793631889154,0.276473046699811,0.4011896306818182,0.34024249188311695,0.2219333400974026,0.3103767261998496,68.96,Degraded,False,,False,0.5
1081_MVL.png,MVL,fpn_resnet18_torch_cross_entropy_correct_files,0.6304077412684566,0.43588478737171193,0.23313516214588645,0.33098005048240164,0.3963318228813285,0.3974643500674899,0.22011922626987437,0.65625,0.4349116020698052,0.2477171266233766,0.41210349271256763,58.79,Degraded,False,,False,0.5
1081_MVL.png,MVL,fpn_resnet50_torch_cross_entropy_all_files,0.3024700332784078,0.14292199642160922,0.12392180949074692,0.7331561940876439,0.2607620916933217,0.27472060074190247,0.2586608314077671,0.39581219561688313,0.3289927455357143,0.27804129464285715,0.292241905944853,70.78,Degraded,False,,False,0.5
1081_MVL.png,MVL,unet_resnet18_torch_cross_entropy_all_files,0.39940551193822493,0.4111086393787413,0.10510030739362562,0.48379105322763305,0.27511974572711706,0.30584901894393296,0.2420757550199207,0.5548396915584416,0.37707005884740263,0.2576476258116883,0.3251186529402761,67.49,Degraded,False,,False,0.5
1081_MVL.png,MVL,pan_resnet18_torch_cross_entropy_correct_clear_strict_files,0.5075280281735647,0.05111882102046662,0.22913549988859536,0.719745679090938,0.4506058770314368,0.5681746589881863,0.17190046950634214,0.7343369521103896,0.6528549868100649,0.529778814935065,0.5667761555299129,43.32,Unreliable,True,,False,0.0
1082_MVL.png,MVL,GT,0.3421577655003069,0.0,0.43147507701750454,0.5685249229824955,0.2919626991050371,0.2891626779990582,0.2762258374196495,0.4012403612012987,0.3403018465909091,0.2220094358766234,0.31045835176759223,68.95,Degraded,False,,False,0.5
1082_MVL.png,MVL,fpn_resnet18_torch_cross_entropy_correct_files,0.5543924267390391,0.43642549099597877,0.17285389591468034,0.39072061308934086,0.3597034425382056,0.3624315401858566,0.23926204981057278,0.5705661525974026,0.4035827161120131,0.2575461647727273,0.3780735812620239,62.19,Degraded,False,,False,0.5
1082_MVL.png,MVL,fpn_resnet50_torch_cross_entropy_all_files,0.3344722302995057,0.33204134366925064,0.01985075708179381,0.6481078992489555,0.25780552324642175,0.27048902250319196,0.2608022369347642,0.42481737012987014,0.3244315645292208,0.2647245332792208,0.2882609895365724,71.17,Degraded,False,,False,0.5
1082_MVL.png,MVL,unet_resnet18_torch_cross_entropy_all_files,0.4307574876417563,0.5306725170871657,0.05286942498992115,0.4164580579229132,0.2698582840619043,0.28213158662122473,0.26143814583117325,0.5149781858766234,0.3366180499188311,0.24076704545454544,0.3002441811724712,69.98,Degraded,False,,False,0.5
1082_MVL.png,MVL,pan_resnet18_torch_cross_entropy_correct_clear_strict_files,0.11475800458789699,0.13749780045750484,0.0011261657575224353,0.8613760337849727,0.10414215211140189,0.10281123683373045,0.4730350719078849,0.1305169439935065,0.11874809760551946,0.11295150162337662,0.10958525572574748,89.04,Healthy,False,,False,1.0
1083_MVL.png,MVL,GT,0.3421577655003069,0.0,0.43147507701750454,0.5685249229824955,0.2919626991050371,0.2891626779990582,0.2762258374196495,0.4012403612012987,0.3403018465909091,0.2220094358766234,0.31045835176759223,68.95,Degraded,False,,False,0.5
1083_MVL.png,MVL,fpn_resnet18_torch_cross_entropy_correct_files,0.3940906594294207,0.321858987497438,0.1211826193892191,0.5569583931133429,0.29286941455849574,0.30397435969624303,0.33809490925991104,0.4851105925324675,0.38369330864448054,0.2762784090909091,0.3325304557342138,66.75,Degraded,False,,False,0.5
1083_MVL.png,MVL,fpn_resnet50_torch_cross_entropy_all_files,0.30815240218409745,0.17582993669807734,0.054796136354700466,0.7693739269472222,0.2661090917902491,0.2882838657803686,0.2881966720794017,0.4293070211038961,0.36626331676136364,0.3203885957792208,0.31282321397573076,68.72,Degraded,False,,False,0.5
1083_MVL.png,MVL,unet_resnet18_torch_cross_entropy_all_files,0.36854625052502343,0.39202235493945536,0.04382225631472248,0.5641553887458222,0.26625456366514816,0.29344916739735244,0.2367526428603632,0.4906021712662338,0.35989257812500003,0.2826450892857143,0.31186815056875017,68.81,Degraded,False,,False,0.5
1083_MVL.png,MVL,pan_resnet18_torch_cross_entropy_correct_clear_strict_files,0.48856660527931245,0.21988377571854878,0.1051722285138006,0.6749439957676506,0.3991194953313301,0.46643291255819963,0.1539908838351676,0.6776455965909091,0.5305911373782468,0.4113737824675325,0.47190217731815765,52.81,Degraded,False,,False,0.5
1084_MVL.png,MVL,GT,0.3421577655003069,0.0,0.43147507701750454,0.5685249229824955,0.2919626991050371,0.2891626779990582,0.2762258374196495,0.4012403612012987,0.3403018465909091,0.2220094358766234,0.31045835176759223,68.95,Degraded,False,,False,0.5
1084_MVL.png,MVL,fpn_resnet18_torch_cross_entropy_correct_files,0.42409776743885497,0.19433387296447957,0.30194267212646414,0.5037234549090562,0.3253405786565862,0.31962495435266924,0.32114946918701054,0.4641081574675325,0.3806783938717533,0.25980367288961037,0.3457610174514779,65.42,Degraded,False,,False,0.5
1084_MVL.png,MVL,fpn_resnet50_torch_cross_entropy_all_files,0.33585748441084295,0.09805076899027189,0.19547624487440027,0.7064729861353278,0.29147192336273464,0.2941454072510858,0.3055260900229036,0.41497564935064934,0.35378665280032473,0.2856128246753247,0.31719986030427605,68.28,Degraded,False,,False,0.5
1084_MVL.png,MVL,unet_resnet18_torch_cross_entropy_all_files,0.48798907951277826,0.45495324008938176,0.1330133245055036,0.4120334354051146,0.3171718199735065,0.35619734626565636,0.24838842826681673,0.6972275771103896,0.442713575487013,0.26912540584415584,0.3790961800665541,62.09,Degraded,False,,False,0.5
1084_MVL.png,MVL,pan_resnet18_torch_cross_entropy_correct_clear_strict_files,0.5467109301799619,0.09632858092635001,0.21207800842136368,0.6915934106522863,0.4720047009789667,0.5317840758236579,0.16221921762952848,0.6861049107142857,0.5920663808847403,0.4814706777597403,0.5379631853946836,46.2,Unreliable,False,,False,0.0
1085_MVL.png,MVL,GT,0.3421577655003069,0.0,0.43147507701750454,0.5685249229824955,0.2919626991050371,0.2891626779990582,0.2762258374196495,0.4012403612012987,0.3403018465909091,0.2220094358766234,0.31045835176759223,68.95,Degraded,False,,False,0.5
1085_MVL.png,MVL,fpn_resnet18_torch_cross_entropy_correct_files,0.44162951116280574,0.27474828762425585,0.2573639015646862,0.46788781081105796,0.3216895253788246,0.35110110082811236,0.2986723749017378,0.5905793425324676,0.44782771915584413,0.2691000405844156,0.38096827552441875,61.9,Degraded,False,,False,0.5
1085_MVL.png,MVL,fpn_resnet50_torch_cross_entropy_all_files,0.31506251817388775,0.12722401681792544,0.18971440291237246,0.6830615802697021,0.2678841152143711,0.2844329782592952,0.24185117006035345,0.42011211444805197,0.34675223214285716,0.26060267857142855,0.3043960208992428,69.56,Degraded,False,,False,0.5
1085_MVL.png,MVL,unet_resnet18_torch_cross_entropy_all_files,0.6027107363251591,0.4896405692996328,0.13224691093301885,0.3781125197673484,0.37788569028464347,0.40817874784137675,0.2007776342095946,0.7382558847402597,0.4744639052353896,0.2888849431818182,0.42560489353196196,57.44,Degraded,False,,False,0.5
1085_MVL.png,MVL,pan_resnet18_torch_cross_entropy_correct_clear_strict_files,0.8404857678265646,0.7373036504557664,0.0,0.2626963495442336,0.42529130722755326,0.4590624327272413,0.12175687389831363,0.9935825892857143,0.5154190340909092,0.2799056412337662,0.47147373562280204,52.85,Degraded,False,,False,0.5
4480_MVR.png,MVR,GT,0.7178217821782178,0.0,0.5452895828114999,0.4547104171885002,0.5847387305316489,0.6539053179086923,0.31338217609823316,0.9069982751623377,0.7439364346590909,0.42740462662337664,0.6691677883957388,33.08,Unreliable,False,,False,0.0
4480_MVR.png,MVR,fpn_resnet18_torch_cross_entropy_correct_files,0.7586963296813943,0.01548305553361245,0.2962687942702162,0.6882481501961714,0.6744013457035777,0.763098250917078,0.28762144705693177,0.937309760551948,0.8775695008116884,0.7686688311688312,0.7822776793108721,21.77,Unreliable,True,,False,0.0
4480_MVR.png,MVR,fpn_resnet50_torch_cross_entropy_all_files,0.7202950319245,0.0,0.36876088620655223,0.6312391137934478,0.629985376261597,0.7142785132114339,0.32051598837869727,0.9295353084415584,0.8301199776785715,0.6371372767857143,0.7353271579133378,26.47,Unreliable,True,,False,0.0
4480_MVR.png,MVR,unet_resnet18_torch_cross_entropy_all_files,0.7485476150520621,0.0981718220395527,0.1057033814620086,0.7961247964984387,0.6724096404797865,0.7834792332259611,0.2917698701580602,0.9412921063311688,0.9143889508928572,0.8860212053571429,0.8025222424688672,19.75,Unreliable,True,,False,0.0
4480_MVR.png,MVR,pan_resnet18_torch_cross_entropy_correct_clear_strict_files,0.7364330864079144,0.10491392359735884,0.18875499829095072,0.7063310781116905,0.6374056449228459,0.7398384257498491,0.29120616323766557,0.9405057832792207,0.8691018161525974,0.7790432224025974,0.7608139476628475,23.92,Unreliable,True,,False,0.0
4481_MVR.png,MVR,GT,0.7180135689113706,0.0,0.5471305431740149,0.4528694568259851,0.5844455365633415,0.6533889344786357,0.3131119754149127,0.9069982751623377,0.743324117288961,0.4256036931818182,0.6686799882281775,33.13,Unreliable,False,,False,0.0
4481_MVR.png,MVR,fpn_resnet18_torch_cross_entropy_correct_files,0.7466537210621789,0.0052282055535636885,0.35668455779655484,0.6380872366498814,0.6534895196541446,0.7206730439998842,0.3046536970874849,0.9299538352272727,0.8255362215909091,0.6240741680194806,0.7424632577325723,25.75,Unreliable,True,,False,0.0
4481_MVR.png,MVR,fpn_resnet50_torch_cross_entropy_all_files,0.7596073166638698,0.0,0.42447386554312433,0.5755261344568756,0.6499799423041578,0.7129423897220079,0.29955712769832826,0.9294338474025974,0.8108857548701299,0.580762987012987,0.7332310015559016,26.68,Unreliable,True,,False,0.0
4481_MVR.png,MVR,unet_resnet18_torch_cross_entropy_all_files,0.7410919058007496,0.075135190506742,0.12022385283509185,0.8046409566581662,0.6734919569438784,0.7887625808589713,0.294041780240449,0.9560293222402597,0.9250214336444805,0.8866299715909091,0.8086849347986471,19.13,Unreliable,True,,False,0.0
4481_MVR.png,MVR,pan_resnet18_torch_cross_entropy_correct_clear_strict_files,0.7598870056497176,0.09934116088188745,0.16536178312467464,0.7352970559934379,0.6665868753945613,0.7564375607929927,0.2858344576455319,0.944145698051948,0.884141512784091,0.8131468141233766,0.7805639359699026,21.94,Unreliable,True,,False,0.0
4482_MVR.png,MVR,GT,0.7180135689113706,0.0,0.5477649232344479,0.452235076765552,0.5842906687763206,0.6530836124906512,0.3131306252745084,0.9069982751623377,0.7428540990259741,0.424221286525974,0.6683539239904812,33.16,Unreliable,False,,False,0.0
4482_MVR.png,MVR,fpn_resnet18_torch_cross_entropy_correct_files,0.7560352887589001,0.013936232619345837,0.3373656979478805,0.6486980694327736,0.6622554519374457,0.7380910100936519,0.295451043646317,0.9303977272727273,0.842511541193182,0.6793070211038961,0.7571085550866021,24.29,Unreliable,True,,False,0.0
4482_MVR.png,MVR,fpn_resnet50_torch_cross_entropy_all_files,0.7308313155770783,0.0,0.4327131774469551,0.567286822553045,0.6233095997251057,0.6905468389370143,0.3216201174477436,0.9317547686688312,0.7936254565746755,0.525492086038961,0.7116071142285062,28.84,Unreliable,True,,False,0.0
4482_MVR.png,MVR,unet_resnet18_torch_cross_entropy_all_files,0.7143336609690024,0.07963888982112294,0.11012294302558423,0.8102381671532929,0.6494722668392747,0.7674365586827423,0.3105503590611351,0.9311079545454546,0.9025935978084417,0.8712459415584416,0.7861100867799817,21.39,Unreliable,True,,False,0.0
4482_MVR.png,MVR,pan_resnet18_torch_cross_entropy_correct_clear_strict_files,0.7090994813767091,0.09626307248467364,0.2320760457987739,0.6716608817165525,0.607413116614325,0.7096182906146573,0.316153100578251,0.9247412743506493,0.8392077161120131,0.7235059862012987,0.7307925086134999,26.92,Unreliable,True,,False,0.0
4483_MVR.png,MVR,GT,0.7180135689113706,0.0,0.5484104327696254,0.4515895672303746,0.5841330840105803,0.6527868464426465,0.31313760863024265,0.9069982751623377,0.7424487621753246,0.4230291193181818,0.6680554840060979,33.19,Unreliable,False,,False,0.0
4483_MVR.png,MVR,fpn_resnet18_torch_cross_entropy_correct_files,0.7364770375342619,0.01826674768342701,0.3850014105596667,0.5967318417569063,0.6310583031668785,0.7032241359659755,0.31303722786342014,0.9296494521103896,0.8099917562905845,0.5838575487012987,0.7242814342560899,27.57,Unreliable,True,,False,0.0
4483_MVR.png,MVR,fpn_resnet50_torch_cross_entropy_all_files,0.7401649365905113,0.0,0.4409356156914822,0.5590643843085178,0.6292008087007248,0.6937650247112082,0.3145470654576306,0.9318181818181818,0.793969155844156,0.5263798701298701,0.7144774123612423,28.55,Unreliable,True,,False,0.0
4483_MVR.png,MVR,unet_resnet18_torch_cross_entropy_all_files,0.7178217821782178,0.06543653112910856,0.165021847429796,0.7695416214410954,0.6460755639728621,0.7701648119626728,0.3051982209489218,0.9456422483766234,0.9090651633522727,0.857130174512987,0.7884981781215696,21.15,Unreliable,True,,False,0.0
4483_MVR.png,MVR,pan_resnet18_torch_cross_entropy_correct_clear_strict_files,0.7164553017045046,0.038067513231054076,0.23047966405112846,0.7314528227178174,0.6420382934177195,0.7326248540474952,0.30425451851011986,0.9355849228896104,0.8557174563717532,0.725484476461039,0.7546859267882657,24.53,Unreliable,True,,False,0.0
4484_MVR.png,MVR,GT,0.7180135689113706,0.0,0.5485161627796976,0.4514838372203024,0.5841072727127433,0.6527122597710112,0.3131492023406598,0.9069982751623377,0.7424013291396104,0.42288961038961037,0.6680063914009706,33.2,Unreliable,False,,False,0.0
4484_MVR.png,MVR,fpn_resnet18_torch_cross_entropy_correct_files,0.7842838763295216,0.06475655793243636,0.3617981649506595,0.5734452771169042,0.6537803961994263,0.7121919414575875,0.2921695278692366,0.9311333198051948,0.8060321124188311,0.5733563311688312,0.7322045462646365,26.78,Unreliable,True,,False,0.0
4484_MVR.png,MVR,fpn_resnet50_torch_cross_entropy_all_files,0.7361334196373632,0.0,0.4369674008619286,0.5630325991380714,0.6267668752347391,0.6884211376883155,0.3196036384982505,0.9240817775974026,0.7791048599837663,0.4976790787337662,0.7061983478704229,29.38,Unreliable,False,,False,0.0
4484_MVR.png,MVR,unet_resnet18_torch_cross_entropy_all_files,0.7461862409001191,0.0814975850584191,0.17036850616318794,0.7481339087783929,0.6622188925914384,0.7688719684785372,0.2939763488277506,0.9431057224025974,0.8932108614042208,0.8265269886363636,0.7866116028826811,21.34,Unreliable,True,,False,0.0
4484_MVR.png,MVR,pan_resnet18_torch_cross_entropy_correct_clear_strict_files,0.7148450922574098,0.054759376222681795,0.12676205913587837,0.8184785646414399,0.6578091162627159,0.7474036875347784,0.3034173064600109,0.9465173498376623,0.8705839082792208,0.7723975243506493,0.7697974044509366,23.02,Unreliable,True,,False,0.0
4485_MVR.png,MVR,GT,0.7180135689113706,0.0,0.5493397439107861,0.4506602560892139,0.5839062162874883,0.6523319494255183,0.31316553223575816,0.9069982751623377,0.7419183745941559,0.42146915584415584,0.6676387995515642,33.24,Unreliable,False,,False,0.0
4485_MVR.png,MVR,fpn_resnet18_torch_cross_entropy_correct_files,0.7582088717346311,0.04676886432023102,0.32582747954026864,0.6274036561395003,0.6504548941576966,0.7241209186680803,0.30349278985208,0.9291294642857143,0.8399398843344156,0.6728388798701299,0.7483486975814992,25.17,Unreliable,True,,False,0.0
4485_MVR.png,MVR,fpn_resnet50_torch_cross_entropy_all_files,0.7472370723755184,0.002983685975071785,0.41040654058187226,0.586609773443056,0.6414751596224998,0.7008164987566258,0.3102697655644896,0.9261109983766234,0.7988608461850649,0.552239752435065,0.7222318359877636,27.78,Unreliable,True,,False,0.0
4485_MVR.png,MVR,unet_resnet18_torch_cross_entropy_all_files,0.7365409664453129,0.11395790387327764,0.1217478572203537,0.7642942389063687,0.6498161644251592,0.7685338190587945,0.3065538659420056,0.9381975446428571,0.902815543831169,0.8607954545454546,0.7866312125776538,21.34,Unreliable,True,,False,0.0
4485_MVR.png,MVR,pan_resnet18_torch_cross_entropy_correct_clear_strict_files,0.7683176307945565,0.06181192243087372,0.16460817606465133,0.773579901504475,0.6934982699238447,0.764600140901275,0.2797006290902476,0.9588702313311688,0.8832320413961039,0.7824675324675324,0.7907223398059775,20.93,Unreliable,True,,False,0.0
4486_MVR.png,MVR,GT,0.7180135689113706,0.0,0.5503914792741357,0.4496085207258643,0.5836494617984802,0.6518180462519392,0.3131987128835393,0.9069982751623377,0.7411853185876623,0.4193131087662338,0.6671143798501907,33.29,Unreliable,False,,False,0.0
4486_MVR.png,MVR,fpn_resnet18_torch_cross_entropy_correct_files,0.7724410455573403,0.012978145609724557,0.3894633389370232,0.5975585154532523,0.6634396551035249,0.7212962704964597,0.2899338391268733,0.9278738839285714,0.8140626268262988,0.597947950487013,0.741045828410515,25.9,Unreliable,True,,False,0.0
4486_MVR.png,MVR,fpn_resnet50_torch_cross_entropy_all_files,0.7525231942080407,1.0619093129446745e-05,0.4464054369756823,0.5535839439311883,0.6383014887445161,0.6901355706672652,0.30984260132844316,0.9239169034090909,0.781320515422078,0.5045403814935064,0.7110593239923656,28.89,Unreliable,True,,False,0.0
4486_MVR.png,MVR,unet_resnet18_torch_cross_entropy_all_files,0.7306794844133324,0.10981391457459548,0.21641248297999158,0.673773602445413,0.6231559306051672,0.7252486773798053,0.3248071922052623,0.9400872564935064,0.8492868557224027,0.7047737418831169,0.7442361246844529,25.58,Unreliable,True,,False,0.0
4486_MVR.png,MVR,pan_resnet18_torch_cross_entropy_correct_clear_strict_files,0.5227067500938956,0.17609423491461682,0.012474965984314565,0.8114307991010686,0.45881911314618146,0.5240522297434286,0.41898605771057545,0.7548828125,0.6262034547483766,0.5599381087662337,0.5453427847662337,45.47,Unreliable,True,,False,0.0
4487_MVR.png,MVR,GT,0.7180135689113706,0.0,0.550881176162891,0.449118823837109,0.583529914734815,0.65159443631221,0.31321712324183615,0.9069982751623377,0.7409524655032468,0.4186282467532468,0.6669182915154062,33.31,Unreliable,False,,False,0.0
4487_MVR.png,MVR,fpn_resnet18_torch_cross_entropy_correct_files,0.7727926545681203,0.024062498384286476,0.37190881688407706,0.6040286847316364,0.6626149321953987,0.7300982150715228,0.287241309829,0.9572722199675324,0.8417641538149352,0.6175426136363636,0.7545196057060506,24.55,Unreliable,True,,False,0.0
4487_MVR.png,MVR,fpn_resnet50_torch_cross_entropy_all_files,0.7457866852060508,0.0,0.37999185659026863,0.6200081434097314,0.6494331103812561,0.7193522116537874,0.3042481255426467,0.935356635551948,0.8215863433441559,0.6007381290584416,0.7392701339481754,26.07,Unreliable,True,,False,0.0
4487_MVR.png,MVR,unet_resnet18_torch_cross_entropy_all_files,0.7509889003428187,0.09326650918300028,0.15898401753601907,0.7477494732809806,0.6634663054683193,0.7723914499265905,0.2939858043989206,0.9519708806818182,0.8983441558441561,0.8213017451298701,0.7900949889561354,20.99,Unreliable,True,,False,0.0
4487_MVR.png,MVR,pan_resnet18_torch_cross_entropy_correct_clear_strict_files,0.7537897857582369,0.078428046666702,0.2057437571889726,0.7158281961443255,0.6614507867251617,0.7333849530186908,0.29050490972199644,0.9476841517857143,0.8415603439529221,0.6988636363636364,0.7550748595043246,24.49,Unreliable,True,,False,0.0
4488_MVR.png,MVR,GT,0.7180135689113706,0.0,0.5513263551526686,0.4486736448473314,0.5834212355860283,0.6514102853701416,0.31318480413299754,0.9069982751623377,0.7407066761363637,0.41790533685064934,0.6667321267413964,33.33,Unreliable,False,,False,0.0
4488_MVR.png,MVR,fpn_resnet18_torch_cross_entropy_correct_files,0.7650852252295447,0.029360155417685028,0.3723287585385724,0.5983110860437426,0.6531815021695875,0.7150797372862708,0.29889142777236033,0.9236505681818182,0.8130688159496754,0.6090579342532467,0.7357058982166277,26.43,Unreliable,True,,False,0.0
4488_MVR.png,MVR,fpn_resnet50_torch_cross_entropy_all_files,0.7245423089524449,0.0,0.4254619851436828,0.5745380148563173,0.6197321378626968,0.6811611360964018,0.32897164242358884,0.9220398741883117,0.7783048396915585,0.4992897727272727,0.701589918064353,29.84,Unreliable,False,,False,0.0
4488_MVR.png,MVR,unet_resnet18_torch_cross_entropy_all_files,0.7332526230831315,0.08364892625751293,0.13783464202226497,0.7785164317202221,0.6577946523465907,0.772325581088424,0.30328325554750196,0.9376521915584416,0.9029807984983765,0.8551390016233766,0.790228389429855,20.98,Unreliable,True,,False,0.0
4488_MVR.png,MVR,pan_resnet18_torch_cross_entropy_correct_clear_strict_files,0.3220019338495593,0.09836207966248914,0.0,0.9016379203375109,0.30078117133747273,0.3902297860918597,0.39551073146098686,0.5491071428571429,0.5161118861607142,0.49986049107142855,0.41374804169308543,58.63,Degraded,False,,False,0.5
4489_MVR.png,MVR,GT,0.7180135689113706,0.0,0.5520609004858016,0.4479390995141984,0.5832419149905305,0.6510446062249673,0.31323151534471294,0.9069982751623377,0.7402150974025974,0.41645951704545453,0.6663719953256884,33.36,Unreliable,False,,False,0.0
4489_MVR.png,MVR,fpn_resnet18_torch_cross_entropy_correct_files,0.7280504079463637,0.012430370715912522,0.4396619378207063,0.5479076914633811,0.6131542924268215,0.6832784794457422,0.31774107003703445,0.921583299512987,0.7909733918425325,0.5415356128246753,0.7053191882987822,29.47,Unreliable,True,,False,0.0
4489_MVR.png,MVR,fpn_resnet50_torch_cross_entropy_all_files,0.7119283356907119,0.004686272308901111,0.3991244808620496,0.5961892468290493,0.6130826920464444,0.6864844245440057,0.3308692324504888,0.9255149147727273,0.7967144379058442,0.5552328530844156,0.7085559101394727,29.14,Unreliable,True,,False,0.0
4489_MVR.png,MVR,unet_resnet18_torch_cross_entropy_all_files,0.7183531912513286,0.09468373862549224,0.19653703250495028,0.7087792288695575,0.6247800046348461,0.744185634663313,0.3117222712589547,0.9419516030844156,0.8793383471996754,0.7869318181818182,0.7624250306693179,23.76,Unreliable,True,,False,0.0
4489_MVR.png,MVR,pan_resnet18_torch_cross_entropy_correct_clear_strict_files,0.7755535844141315,0.11121357622717719,0.20984111610270784,0.678945307670115,0.6624320555542238,0.7449142589317086,0.28531377571921546,0.9407721185064936,0.8547785612824678,0.7266005478896104,0.7641153188587668,23.59,Unreliable,True,,False,0.0
4490_MVR.png,MVR,GT,0.7180135689113706,0.0,0.5468189178811707,0.4531810821188294,0.5845216119674921,0.6535152507027953,0.31311426185094204,0.9069982751623377,0.7434534801136364,0.42598417207792205,0.6687924508465408,33.12,Unreliable,False,,False,0.0
4490_MVR.png,MVR,fpn_resnet18_torch_cross_entropy_correct_files,0.7800046348460512,0.03854665041133502,0.3171941111987624,0.6442592383899026,0.6757396575008591,0.751466529088285,0.28227941415336166,0.9419262378246753,0.8526740056818182,0.694437398538961,0.7692314582494706,23.08,Unreliable,True,,False,0.0
4490_MVR.png,MVR,fpn_resnet50_torch_cross_entropy_all_files,0.756175133251824,0.0,0.38318873048918384,0.6168112695108161,0.6576574848768171,0.7199435589795334,0.2984733243084557,0.9329469358766234,0.8197199675324676,0.5999264407467533,0.7411683001698922,25.88,Unreliable,True,,False,0.0
4490_MVR.png,MVR,unet_resnet18_torch_cross_entropy_all_files,0.7463460631777463,0.07671017270362003,0.1190991145325867,0.8041907127637933,0.6777646856695355,0.788148174186654,0.28874905056375944,0.944919338474026,0.9168744926948053,0.8838778409090909,0.806523655034779,19.35,Unreliable,True,,False,0.0
4490_MVR.png,MVR,pan_resnet18_torch_cross_entropy_correct_clear_strict_files,0.7669711281055467,0.05179832878367959,0.13479130634103648,0.813410364875284,0.7052039332262524,0.7776365999109914,0.2660834594427841,0.9362824675324676,0.8826183289366883,0.8152648133116883,0.7978994915158485,20.21,Unreliable,True,,False,0.0
4491_RV.png,RV,GT,0.6938445503403491,0.2768274966772788,0.3425462862794795,0.38062621704324173,0.4843450157199659,0.5397910658372223,0.29727346617975675,0.9600318610335196,0.6091188023743017,0.2092789804469274,0.5508883454168771,44.91,Unreliable,False,,False,0.0
4491_RV.png,RV,fpn_resnet18_torch_cross_entropy_correct_files,1.0,0.3510978240822156,0.33637724486688425,0.31252493105090007,0.650396194610175,0.6858454731602314,0.12272937839344507,1.0,0.7301578866969275,0.32022520949720673,0.6929356550098928,30.71,Unreliable,False,,False,0.0
4491_RV.png,RV,fpn_resnet50_torch_cross_entropy_all_files,0.9714853115898826,0.5733459899777037,0.11144616878959801,0.3152078412326983,0.5614859549718414,0.5593992184299588,0.16415127869481985,0.9999454434357542,0.5973224729399442,0.3140275837988827,0.5751945411965178,42.48,Unreliable,False,,False,0.0
4491_RV.png,RV,unet_resnet18_torch_cross_entropy_all_files,0.9569363008968744,0.44350815542596916,0.23654545210059927,0.31994639247343154,0.5956201987621332,0.6292315704167882,0.15793515424866741,0.9996944832402235,0.6785265363128492,0.34466655027932963,0.6388661452788161,36.11,Unreliable,False,,False,0.0
4491_RV.png,RV,pan_resnet18_torch_cross_entropy_correct_clear_strict_files,0.23135157392673167,0.07330638881678965,0.0,0.9266936111832104,0.21998867647752662,0.2338239603788405,0.5239749116442415,0.3206834846368715,0.2986640188547486,0.2878186103351955,0.2556093985988096,74.44,Degraded,False,,False,0.5
4492_RV.png,RV,GT,0.6938445503403491,0.2769634964300065,0.3424226501406361,0.3806138534293574,0.4843109593682847,0.5397586531436005,0.2972822490980508,0.9600318610335196,0.6090393680167597,0.20925715782122906,0.5508366309602695,44.92,Unreliable,False,,False,0.0
4492_RV.png,RV,fpn_resnet18_torch_cross_entropy_correct_files,0.9759761176616926,0.39598403811164534,0.29199883977463503,0.3120171221137197,0.6201460477046277,0.6431380053899743,0.1220028603119241,0.9575549930167597,0.6878540721019555,0.3135038407821229,0.6541268447691628,34.59,Unreliable,False,,False,0.0
4492_RV.png,RV,fpn_resnet50_torch_cross_entropy_all_files,0.5994604169972935,0.056790211791642814,0.38410847166571266,0.5591013165426445,0.49836362232621184,0.5693887583468238,0.3036906809389563,0.8437390886871509,0.6661645644203912,0.38492929469273746,0.5867915399700672,41.32,Unreliable,False,,False,0.0
4492_RV.png,RV,unet_resnet18_torch_cross_entropy_all_files,0.7658604375855161,0.3957100053204895,0.16208451177508332,0.4422054829044272,0.5206055510995398,0.5662679488088557,0.2680600445844877,0.9496552025139665,0.638717375174581,0.40161269203910616,0.5815490000423511,41.85,Unreliable,False,,False,0.0
4492_RV.png,RV,pan_resnet18_torch_cross_entropy_correct_clear_strict_files,0.9598572549894271,0.15132449147392127,0.3039046580631323,0.5447708504629464,0.7633600837254388,0.7584026232669937,0.05949084452708903,0.9869500698324022,0.7854440904329609,0.5284021473463687,0.7707064482709141,22.93,Unreliable,True,,False,0.0
4493_RV.png,RV,GT,0.6938445503403491,0.27722931412851975,0.342453559175347,0.38031712669613327,0.4841800954778827,0.5395781763303975,0.2973355777463507,0.9600318610335196,0.608724467527933,0.20873341480446927,0.5506172685536572,44.94,Unreliable,False,,False,0.0
4493_RV.png,RV,fpn_resnet18_torch_cross_entropy_correct_files,0.9713480567720241,0.4718121724078547,0.1833632867179186,0.3448245408742267,0.6037339315355813,0.6220006155016795,0.1426072071114889,0.9689682262569832,0.6694873865223464,0.3600187674581006,0.6355153187201168,36.45,Unreliable,False,,False,0.0
4493_RV.png,RV,fpn_resnet50_torch_cross_entropy_all_files,0.6238059903149569,0.029201848235650047,0.46061497840974724,0.5101831733546027,0.51390738731165,0.5820774316783154,0.287700497354899,0.8527845670391061,0.6705014839385476,0.35160614525139666,0.5969960392724086,40.3,Unreliable,False,,False,0.0
4493_RV.png,RV,unet_resnet18_torch_cross_entropy_all_files,0.940980428320816,0.33684469626178876,0.34528199541441223,0.317873308323799,0.6181471457431704,0.6605548877266149,0.16110871871724042,0.9960501047486033,0.7193286269203912,0.3182393505586592,0.6713420608090921,32.87,Unreliable,False,,False,0.0
4493_RV.png,RV,pan_resnet18_torch_cross_entropy_correct_clear_strict_files,0.6220988835178409,0.09297563397178671,0.22504447110412443,0.6819798949240888,0.5357460871653879,0.5652831497798848,0.19838308588417583,0.768385562150838,0.6556456223812849,0.49895251396648044,0.5925670200360957,40.74,Unreliable,False,,False,0.0
4494_RV.png,RV,GT,0.6938445503403491,0.2766358606620715,0.3428244675918771,0.38053967174605136,0.48436847771539354,0.5398012894932733,0.2972734826176779,0.9600318610335196,0.6091712857891062,0.2091262220670391,0.5509194444782426,44.91,Unreliable,False,,False,0.0
4494_RV.png,RV,fpn_resnet18_torch_cross_entropy_correct_files,0.8827372042051445,0.33597014635284056,0.3059950243921401,0.35803482925501934,0.5921945758611667,0.6355173762319829,0.1508823514123846,0.9094797486033519,0.6862213032472066,0.3428661836592179,0.6428021069268276,35.72,Unreliable,False,,False,0.0
4494_RV.png,RV,fpn_resnet50_torch_cross_entropy_all_files,0.5846111613902197,0.0033896315426491953,0.44186268323819866,0.5547476852191522,0.49545540719644166,0.5529163542080048,0.2710637628454823,0.7978351955307262,0.6512982280027934,0.3695552548882682,0.5750308196224512,42.5,Unreliable,False,,False,0.0
4494_RV.png,RV,unet_resnet18_torch_cross_entropy_all_files,0.8263297632783313,0.37214058436671116,0.16744094304267257,0.4604184725906163,0.5732546119763408,0.6418768823173179,0.20122710827501877,0.9645491445530726,0.7091275314245811,0.4838512569832402,0.6481904608579301,35.18,Unreliable,False,,False,0.0
4494_RV.png,RV,pan_resnet18_torch_cross_entropy_correct_clear_strict_files,0.9289577641190171,0.13712715855573,0.2647289685104811,0.5981438729337889,0.7599960968161172,0.7619277092702873,0.07078351140125513,0.9615376222067039,0.8025029460544694,0.6161181913407822,0.7775783202477091,22.24,Unreliable,True,,False,0.0
4495_RV.png,RV,GT,0.6938445503403491,0.27741476833678486,0.34189719655055173,0.3806880351126634,0.4842251322149926,0.5396362188337012,0.29728828057448947,0.9600318610335196,0.6087979006634078,0.20923533519553073,0.5506775655799713,44.93,Unreliable,False,,False,0.0
4495_RV.png,RV,fpn_resnet18_torch_cross_entropy_correct_files,0.9296311705691357,0.3473979984958729,0.3157236650871794,0.33687833641694775,0.6134610946929567,0.6466878951362484,0.14680552771556918,0.977708187849162,0.6988596586941341,0.3331223812849162,0.6575885604264151,34.24,Unreliable,False,,False,0.0
4495_RV.png,RV,fpn_resnet50_torch_cross_entropy_all_files,0.5924647104995646,0.025534102179846377,0.36165468511319127,0.6128112127069624,0.5094779169865704,0.572177669052184,0.2648130017957252,0.8109178596368715,0.6735981145251396,0.435143156424581,0.5939359216216822,40.61,Unreliable,False,,False,0.0
4495_RV.png,RV,unet_resnet18_torch_cross_entropy_all_files,0.8897543567681637,0.35479174701118393,0.2676147319706903,0.3775935210181257,0.5972925629334787,0.6381633837054941,0.17088233865108124,0.9719033694134078,0.6976482847416202,0.3981428945530726,0.6496960978883399,35.03,Unreliable,False,,False,0.0
4495_RV.png,RV,pan_resnet18_torch_cross_entropy_correct_clear_strict_files,0.8728848818107342,0.10864982531313419,0.2715336573189129,0.619816517367953,0.7287569002715072,0.7404513471734488,0.09816131219520986,0.9553727304469274,0.8026346456005589,0.5846390537709497,0.7618163324737104,23.82,Unreliable,True,,False,0.0
4496_RV.png,RV,GT,0.6938445503403491,0.27765585880752947,0.3419342873922047,0.3804098538002658,0.4841043050831464,0.5394674593439577,0.29733922410284963,0.9600318610335196,0.6085013311801676,0.20874432611731844,0.5504720618001983,44.95,Unreliable,False,,False,0.0
4496_RV.png,RV,fpn_resnet18_torch_cross_entropy_correct_files,0.8287831931475532,0.31024970888860137,0.31208694527105707,0.37766334584034156,0.5685644432815912,0.6098154849126779,0.19736193282120318,0.9805560405027933,0.6821212683310056,0.32210195530726254,0.6263624857906829,37.36,Unreliable,False,,False,0.0
4496_RV.png,RV,fpn_resnet50_torch_cross_entropy_all_files,0.544211063596162,0.043907975315063956,0.3435477896263369,0.6125442350585991,0.4646340228958193,0.48448902130103827,0.3084724202081549,0.6905551675977654,0.5611048795391063,0.35709453561452514,0.5091788650746998,49.08,Unreliable,False,,False,0.0
4496_RV.png,RV,unet_resnet18_torch_cross_entropy_all_files,0.6239432451328155,0.20596969780295324,0.27513954959166276,0.518890752605384,0.4794709684614164,0.5064010649315049,0.3297573153311973,0.8145404155027933,0.5651503578910615,0.3198324022346369,0.521821753174301,47.82,Unreliable,False,,False,0.0
4496_RV.png,RV,pan_resnet18_torch_cross_entropy_correct_clear_strict_files,0.5723054091265876,0.12626940170427717,0.2377369237572042,0.6359936745385186,0.4776283225316651,0.5360957187745066,0.3295049525537355,0.7894334846368715,0.6221636042248604,0.39609156773743015,0.5529826540817957,44.7,Unreliable,False,,False,0.0
4497_RV.png,RV,GT,0.6938445503403491,0.27677186041479923,0.34268846783914936,0.38053967174605136,0.48433733802859197,0.5397738679258142,0.2972897378530816,0.9600318610335196,0.6091064725907821,0.2091262220670391,0.5508759508226346,44.91,Unreliable,False,,False,0.0
4497_RV.png,RV,fpn_resnet18_torch_cross_entropy_correct_files,0.8177727832274613,0.4546937448205688,0.14610978820715628,0.39919646697227495,0.5280177830773388,0.5217023354370485,0.18729155873680048,0.7795587465083799,0.5583638486382683,0.3652889315642458,0.5382615750096235,46.17,Unreliable,False,,False,0.0
4497_RV.png,RV,fpn_resnet50_torch_cross_entropy_all_files,0.8594682233650592,0.5028421141936031,0.16848571956143107,0.3286721662449658,0.5206749934589502,0.5310631644906647,0.1933610515635858,0.8820487081005587,0.5886406686452514,0.2981407122905028,0.550977714842985,44.9,Unreliable,False,,False,0.0
4497_RV.png,RV,unet_resnet18_torch_cross_entropy_all_files,0.9033082700316973,0.36628679962013294,0.230332383665717,0.40338081671415005,0.6108846501932291,0.643447647288326,0.17837656016601444,0.9475056738826816,0.6948813940293297,0.42427548882681565,0.6542522468561984,34.57,Unreliable,False,,False,0.0
4497_RV.png,RV,pan_resnet18_torch_cross_entropy_correct_clear_strict_files,0.8434909047237104,0.10783914896213655,0.35625514863669183,0.5359057024011716,0.6803774936412417,0.7050145989178853,0.11615185714603951,0.9542270425977654,0.7754148481145251,0.5344033694134078,0.7257835670135482,27.42,Unreliable,True,,False,0.0
4498_RV.png,RV,GT,0.6938445503403491,0.2781071307143078,0.3411182888758384,0.3807745804098538,0.4840870195545223,0.5394714271282747,0.297326314486703,0.9600318610335196,0.6084451379189943,0.2092462465083799,0.5504455891724369,44.96,Unreliable,False,,False,0.0
4498_RV.png,RV,fpn_resnet18_torch_cross_entropy_correct_files,0.9159914730444405,0.3215956395716366,0.333840613981279,0.3445637464470844,0.6146532814624501,0.6477287992007631,0.15003042170994982,0.9682262569832403,0.7096440729748604,0.3158606843575419,0.6625722533889081,33.74,Unreliable,False,,False,0.0
4498_RV.png,RV,fpn_resnet50_torch_cross_entropy_all_files,0.5562122817326705,0.014165966208348434,0.44848353987214384,0.5373504939195077,0.4661194631620937,0.5015646121633898,0.2692209303306398,0.7565358763966481,0.6003774223114525,0.3167008554469274,0.530456191522226,46.95,Unreliable,False,,False,0.0
4498_RV.png,RV,unet_resnet18_torch_cross_entropy_all_files,0.7189235790909442,0.26542848960694937,0.25715939192897885,0.4774121184640718,0.5282138001140931,0.5630271421176097,0.25414449147712315,0.8763857367318436,0.6365312936452515,0.3900467004189944,0.5819848001276114,41.8,Unreliable,False,,False,0.0
4498_RV.png,RV,pan_resnet18_torch_cross_entropy_correct_clear_strict_files,0.6553445739310209,0.16136632872785345,0.2015328328610044,0.6371008384111422,0.539586734321854,0.5864776003589132,0.24300681663164095,0.8921089385474861,0.6862327601256983,0.4703976082402235,0.6123124044545094,38.77,Unreliable,False,,False,0.0
4499_RV.png,RV,GT,0.6938445503403491,0.2782307668531512,0.34130992489104567,0.38045930825580315,0.483984335793912,0.5393140850849797,0.2973549010311599,0.9600318610335196,0.6081947232891062,0.2086897695530726,0.5502674155793099,44.97,Unreliable,False,,False,0.0
4499_RV.png,RV,fpn_resnet18_torch_cross_entropy_correct_files,0.8948628095203373,0.3662159506497117,0.2808115764196117,0.35297247293067663,0.5898572120972965,0.6445577748214812,0.1531639809355099,0.9550017458100558,0.6980191602653631,0.3545740223463687,0.6495321601817785,35.05,Unreliable,False,,False,0.0
4499_RV.png,RV,fpn_resnet50_torch_cross_entropy_all_files,0.5396730761807131,0.0030122157668433726,0.41048791537183776,0.5864998688613189,0.4632639624608073,0.5063853083791953,0.2872308495892936,0.7313416550279329,0.6013046656773743,0.35289368016759776,0.5314166475229505,46.86,Unreliable,False,,False,0.0
4499_RV.png,RV,unet_resnet18_torch_cross_entropy_all_files,0.8597084192963117,0.4184648389752289,0.17579265098410957,0.4057425100406616,0.567286386466675,0.6168464547375709,0.18458425688694433,0.9793994413407822,0.684036094622905,0.420325593575419,0.6288542902104357,37.11,Unreliable,False,,False,0.0
4499_RV.png,RV,pan_resnet18_torch_cross_entropy_correct_clear_strict_files,0.2052388448291392,0.023260188087774296,0.0,0.9767398119122257,0.20204033575959823,0.2118497752417155,0.542303966265696,0.27434313896648044,0.2673688460195531,0.26393374650837986,0.23111457170821534,76.89,Degraded,False,,False,0.5
4500_RV.png,RV,GT,0.6938445503403491,0.2784718573238958,0.34079065310790346,0.3807374895682008,0.48399475858164304,0.5393295944388372,0.2973477975008418,0.9600318610335196,0.6081870853701118,0.20900619762569833,0.5502721400541888,44.97,Unreliable,False,,False,0.0
4500_RV.png,RV,fpn_resnet18_torch_cross_entropy_correct_files,0.5854818716410101,0.3198731144826778,0.164247880967905,0.5158790045494173,0.42730851880605464,0.4574247854520496,0.32406242620983783,0.7412382157821229,0.5135270818784916,0.3119544343575419,0.4708308240288279,52.92,Degraded,False,,False,0.5
4500_RV.png,RV,fpn_resnet50_torch_cross_entropy_all_files,0.581364227105253,0.16346345386266886,0.2994960934329834,0.5370404527043477,0.45849337102121884,0.48595114560300934,0.3077827499686577,0.74817781075419,0.5606646080656424,0.3238695879888268,0.5075991982135254,49.24,Unreliable,False,,False,0.0
4500_RV.png,RV,unet_resnet18_torch_cross_entropy_all_files,0.7941906898341361,0.32395225750702095,0.2800604882263988,0.39598725426658027,0.5461898920405074,0.5782307692080179,0.2316535432194023,0.9480294168994413,0.6426123865223463,0.3276994587988827,0.5943711529834961,40.56,Unreliable,False,,False,0.0
4500_RV.png,RV,pan_resnet18_torch_cross_entropy_correct_clear_strict_files,0.7640032083313675,0.08831025926050684,0.2569980125981069,0.6546917281413862,0.6520406788966429,0.6928523476585915,0.1556487322313857,0.926315904329609,0.7666297136871508,0.5557131634078212,0.7101197934414306,28.99,Unreliable,True,,False,0.0
4518_MVR.png,MVR,GT,0.5969082380393003,0.4393980976350967,0.0,0.5606019023649033,0.4211804073869857,0.5081104337570657,0.17736001122193792,0.7549589082792207,0.599210759943182,0.5224989853896104,0.5184715563204882,48.15,Unreliable,True,,False,0.0
4518_MVR.png,MVR,fpn_resnet18_torch_cross_entropy_correct_files,0.45136608091801916,0.2353076562181876,0.08847716589800561,0.6762151778838068,0.3666273503863704,0.46387761005927214,0.11063611517207886,0.653903713474026,0.543475294237013,0.4793653612012987,0.46654160582849796,53.35,Degraded,False,,False,0.5
4518_MVR.png,MVR,fpn_resnet50_torch_cross_entropy_all_files,0.5187351664948577,0.3377699725791047,0.0005314724096496903,0.6616985550112456,0.4012486115439631,0.4914118863015242,0.10482534371600304,0.7191812094155844,0.5784988839285714,0.5092075892857143,0.4991977029250748,50.08,Unreliable,True,,False,0.0
4518_MVR.png,MVR,unet_resnet18_torch_cross_entropy_all_files,0.5021336274063242,0.22646869255926094,0.09807198045721834,0.6754593269835207,0.4091994901669344,0.49076911039490073,0.12994579049712135,0.6808162540584416,0.5747710785308442,0.511427049512987,0.49989901158088823,50.01,Unreliable,True,,False,0.0
4518_MVR.png,MVR,pan_resnet18_torch_cross_entropy_correct_clear_strict_files,0.3446367639185226,0.162355805460553,0.0,0.8376441945394469,0.3071477317223248,0.41552747167748216,0.18712153170531678,0.5721261160714286,0.5167997920048701,0.489549512987013,0.4235224778218901,57.65,Degraded,False,,False,0.5
4519_MVR.png,MVR,GT,0.5969082380393003,0.4393980976350967,0.0,0.5606019023649033,0.4211804073869857,0.5081104337570657,0.17736001122193792,0.7549589082792207,0.599210759943182,0.5224989853896104,0.5184715563204882,48.15,Unreliable,True,,False,0.0
4519_MVR.png,MVR,fpn_resnet18_torch_cross_entropy_correct_files,0.48074141554591293,0.26419767451524695,0.05970794305138839,0.6760943824333646,0.385884816084514,0.48573859816672055,0.11544208375373013,0.6925603693181818,0.5692138037743507,0.506062297077922,0.48917254578511066,51.08,Unreliable,True,,False,0.0
4519_MVR.png,MVR,fpn_resnet50_torch_cross_entropy_all_files,0.47844397030502084,0.2812165954035275,0.005528460716194549,0.7132549438802779,0.38739857278706086,0.4809719347823688,0.10389845491429366,0.6711520900974026,0.5678156706574676,0.5169186282467533,0.487637420533816,51.24,Unreliable,True,,False,0.0
4519_MVR.png,MVR,unet_resnet18_torch_cross_entropy_all_files,0.524736493019762,0.28472550064722457,0.0434706464631082,0.6718038528896673,0.4168789506069251,0.49782519445484197,0.1551820186092298,0.685356635551948,0.5839218496347403,0.5296012581168831,0.5079799833724262,49.2,Unreliable,True,,False,0.0
4519_MVR.png,MVR,pan_resnet18_torch_cross_entropy_correct_clear_strict_files,0.5103884480457731,0.13870470255755876,0.08996469363311127,0.7713306038093299,0.4473451921463333,0.5356683079211876,0.1165467843461451,0.7069932021103896,0.6218312449269482,0.5780742694805194,0.5436365479910356,45.64,Unreliable,True,,False,0.0
4520_MVR.png,MVR,GT,0.5969082380393003,0.4393980976350967,0.0,0.5606019023649033,0.4211804073869857,0.5081104337570657,0.17736001122193792,0.7549589082792207,0.599210759943182,0.5224989853896104,0.5184715563204882,48.15,Unreliable,True,,False,0.0
4520_MVR.png,MVR,fpn_resnet18_torch_cross_entropy_correct_files,0.4558730691471084,0.2029887374556291,0.07663788947806652,0.7203733730663044,0.3819945820247884,0.4818226242869498,0.11829683619378281,0.6636439732142857,0.5662335125811688,0.5081168831168831,0.48563856692598895,51.44,Unreliable,True,,False,0.0
4520_MVR.png,MVR,fpn_resnet50_torch_cross_entropy_all_files,0.514096324886726,0.3690923080510154,0.0,0.6309076919489846,0.38696449548102513,0.4820953026566234,0.10027293737915134,0.712104301948052,0.5710310978084416,0.5015472808441559,0.48913037856467123,51.09,Unreliable,True,,False,0.0
4520_MVR.png,MVR,unet_resnet18_torch_cross_entropy_all_files,0.4964159854242083,0.20878607878173241,0.08792517828109657,0.703288742937171,0.41213386713974065,0.48784797805836494,0.13134214093066207,0.6407137784090909,0.5650142045454546,0.5213702313311688,0.4960002353776135,50.4,Unreliable,True,,False,0.0
4520_MVR.png,MVR,pan_resnet18_torch_cross_entropy_correct_clear_strict_files,0.5137047603065391,0.15161508606273674,0.045983090791714955,0.8024018231455483,0.45349015894325506,0.5381518959149644,0.06721382527400509,0.6918247767857143,0.6199266943993506,0.5839082792207793,0.5454632942172061,45.45,Unreliable,True,,False,0.0
4521_MVR.png,MVR,GT,0.5969082380393003,0.4393980976350967,0.0,0.5606019023649033,0.4211804073869857,0.5081104337570657,0.17736001122193792,0.7549589082792207,0.599210759943182,0.5224989853896104,0.5184715563204882,48.15,Unreliable,True,,False,0.0
4521_MVR.png,MVR,fpn_resnet18_torch_cross_entropy_correct_files,0.46753609985695904,0.22464833267814108,0.0710513271916181,0.7043003401302408,0.3858707117685134,0.48393949190589514,0.11994121872308595,0.6769100040584416,0.5682092126623376,0.5056310876623377,0.4882267461672576,51.18,Unreliable,True,,False,0.0
4521_MVR.png,MVR,fpn_resnet50_torch_cross_entropy_all_files,0.4764102318222137,0.27429026711955384,0.0010818970939740849,0.724627835786472,0.38868294456564306,0.4836200748002204,0.10334953066366782,0.6654575892857143,0.5731648234577922,0.5270013189935064,0.4909568351928759,50.9,Unreliable,True,,False,0.0
4521_MVR.png,MVR,unet_resnet18_torch_cross_entropy_all_files,0.5693668640471795,0.2796280701754386,0.09636491228070175,0.6240070175438597,0.4440407466896811,0.5202366736924706,0.15138212201693615,0.7241401176948052,0.6003719815340909,0.5277115462662337,0.5294320187282819,47.06,Unreliable,True,,False,0.0
4521_MVR.png,MVR,pan_resnet18_torch_cross_entropy_correct_clear_strict_files,0.651359688026914,0.11496064924150877,0.19170536311272782,0.6933339876457635,0.5587340876944837,0.6184652205679845,0.09244428725456519,0.7835075081168831,0.6912302150974027,0.6340427150974026,0.6296518785177014,37.03,Unreliable,True,,False,0.0
4522_MVR.png,MVR,GT,0.5969082380393003,0.4393980976350967,0.0,0.5606019023649033,0.4211804073869857,0.5081104337570657,0.17736001122193792,0.7549589082792207,0.599210759943182,0.5224989853896104,0.5184715563204882,48.15,Unreliable,True,,False,0.0
4522_MVR.png,MVR,fpn_resnet18_torch_cross_entropy_correct_files,0.4420284643476454,0.19239808370243153,0.08335894422850945,0.7242429720690591,0.37252003771805753,0.465155632583352,0.11155688459090699,0.643060064935065,0.5453922737418831,0.4902597402597403,0.4694596105871761,53.05,Degraded,False,,False,0.5
4522_MVR.png,MVR,fpn_resnet50_torch_cross_entropy_all_files,0.46350458290381097,0.28054825223050733,0.0005172190853842506,0.7189345286841085,0.3762993551171098,0.46828869279498325,0.0969074211042232,0.6509106128246753,0.5538962307224026,0.5061130275974026,0.474934906662589,52.51,Unreliable,True,,False,0.0
4522_MVR.png,MVR,unet_resnet18_torch_cross_entropy_all_files,0.46588193928351673,0.226483704974271,0.06216981132075472,0.7113464837049742,0.38533942256211096,0.4725654439943383,0.12263693967144869,0.6370738636363636,0.552621499594156,0.5096387987012987,0.4784200598045972,52.16,Unreliable,True,,False,0.0
4522_MVR.png,MVR,pan_resnet18_torch_cross_entropy_correct_clear_strict_files,0.4820559537793973,0.1044609110801671,0.07588190438299848,0.8196571845368344,0.4358804609274487,0.5219166222309003,0.11614668120773954,0.6695540787337663,0.6045315036525974,0.5711749188311688,0.5291517264085437,47.08,Unreliable,True,,False,0.0
4523_MVR.png,MVR,GT,0.5969082380393003,0.4393980976350967,0.0,0.5606019023649033,0.4211804073869857,0.5081104337570657,0.17736001122193792,0.7549589082792207,0.599210759943182,0.5224989853896104,0.5184715563204882,48.15,Unreliable,True,,False,0.0
4523_MVR.png,MVR,fpn_resnet18_torch_cross_entropy_correct_files,0.4683671757006209,0.27540905290815715,0.05308730443090887,0.671503642660934,0.37348828103149295,0.46516607389882714,0.11068316232749553,0.6627181412337663,0.5468486201298701,0.48731737012987014,0.4703357545310441,52.97,Degraded,False,,False,0.5
4523_MVR.png,MVR,fpn_resnet50_torch_cross_entropy_all_files,0.4803698287504295,0.321486200988139,0.0,0.678513799011861,0.37690020696984955,0.4628586961473422,0.0912357763166534,0.657328023538961,0.5432424411525975,0.4870510349025974,0.4692246473961965,53.08,Degraded,False,,False,0.5
4523_MVR.png,MVR,unet_resnet18_torch_cross_entropy_all_files,0.5490374703329897,0.3039181439757809,0.06922976159287399,0.6268520944313452,0.42431632025187993,0.5106393445788807,0.13018721258201174,0.7139179180194806,0.5941209669237013,0.5312373173701299,0.5181350862187086,48.19,Unreliable,True,,False,0.0
4523_MVR.png,MVR,pan_resnet18_torch_cross_entropy_correct_clear_strict_files,0.5146796762000655,0.08766195958482452,0.10960850224744396,0.8027295381677315,0.46527021951589836,0.5425063503288067,0.11378367003695677,0.6800045657467533,0.6208525263798701,0.5873452719155844,0.5506739815053595,44.93,Unreliable,True,,False,0.0
4524_MVR.png,MVR,GT,0.5969082380393003,0.4393980976350967,0.0,0.5606019023649033,0.4211804073869857,0.5081104337570657,0.17736001122193792,0.7549589082792207,0.599210759943182,0.5224989853896104,0.5184715563204882,48.15,Unreliable,True,,False,0.0
4524_MVR.png,MVR,fpn_resnet18_torch_cross_entropy_correct_files,0.46764797545129816,0.25484014285470175,0.055330565096290224,0.689829292049008,0.379002828854314,0.47631331360673274,0.11338690021373601,0.6723062094155844,0.5620954241071429,0.5027901785714286,0.4814330123811712,51.86,Unreliable,True,,False,0.0
4524_MVR.png,MVR,fpn_resnet50_torch_cross_entropy_all_files,0.49455805144679116,0.3294796286870743,0.0,0.6705203713129256,0.38538369333301375,0.4762980407618918,0.10003510072808604,0.6827693790584416,0.5605518212256494,0.5003551136363636,0.48272524871873146,51.73,Unreliable,True,,False,0.0
4524_MVR.png,MVR,unet_resnet18_torch_cross_entropy_all_files,0.5510592221449748,0.23455241520323672,0.13722646790121668,0.6282211168955466,0.43874943063313604,0.5172061644785046,0.15443703594358743,0.7111657873376623,0.6012687702922077,0.5257330560064936,0.5272941866503753,47.27,Unreliable,True,,False,0.0
4524_MVR.png,MVR,pan_resnet18_torch_cross_entropy_correct_clear_strict_files,0.5220514787556237,0.153576512727885,0.11117574124814401,0.735247746023971,0.4486009157816508,0.5226377296313711,0.09261667924352361,0.695895900974026,0.603826856737013,0.5563742897727273,0.5329023363187118,46.71,Unreliable,True,,False,0.0
4525_MVR.png,MVR,GT,0.5969082380393003,0.4393980976350967,0.0,0.5606019023649033,0.4211804073869857,0.5081104337570657,0.17736001122193792,0.7549589082792207,0.599210759943182,0.5224989853896104,0.5184715563204882,48.15,Unreliable,True,,False,0.0
4525_MVR.png,MVR,fpn_resnet18_torch_cross_entropy_correct_files,0.4784719392036056,0.24385600120249518,0.06500154487227663,0.6911424539252282,0.38972302799287195,0.4911732066830223,0.11985025401577439,0.699713372564935,0.5791259131493506,0.5137352881493507,0.4959192356625085,50.41,Unreliable,True,,False,0.0
4525_MVR.png,MVR,fpn_resnet50_torch_cross_entropy_all_files,0.5176603616778143,0.3442292700622882,0.0009262189427210769,0.6548445109949907,0.39810746449947654,0.4946353058892321,0.10926409611783613,0.7197772930194806,0.5862497463474027,0.5204824472402597,0.5023227296555737,49.77,Unreliable,True,,False,0.0
4525_MVR.png,MVR,unet_resnet18_torch_cross_entropy_all_files,0.5090299586859413,0.275928382483379,0.04429391125519039,0.6797777062614306,0.40725860842742867,0.4951169483277276,0.14503315576421072,0.6856863839285714,0.5867523589691559,0.5351689326298701,0.5054136106142093,49.46,Unreliable,True,,False,0.0
4525_MVR.png,MVR,pan_resnet18_torch_cross_entropy_correct_clear_strict_files,0.4900510632177019,0.37488279562002136,0.0,0.6251172043799786,0.3669642157920393,0.4782317737661376,0.13060874198411954,0.7615031452922078,0.5838063108766234,0.49628398944805197,0.48708132121810244,51.29,Degraded,False,,False,0.5
4526_RV.png,RV,GT,0.2907314395027944,0.1655749313977162,0.18721784544569356,0.6472072231565903,0.23997284928134235,0.2713926174414916,0.3845360411818994,0.30039935405027934,0.2748218182611732,0.22859200418994413,0.2633383673213195,73.67,Degraded,False,,False,0.5
4526_RV.png,RV,fpn_resnet18_torch_cross_entropy_correct_files,0.29331354576375873,0.19574754328497895,0.07307264857276556,0.7311798081422555,0.247557936545382,0.26997588732100564,0.15996923361309104,0.3170500174581006,0.2726601780726257,0.25079652583798884,0.2643242183889666,73.57,Degraded,False,,False,0.5
4526_RV.png,RV,fpn_resnet50_torch_cross_entropy_all_files,0.257404254041511,0.1723488635606212,0.020979137505832166,0.8066719989335466,0.2258447819578542,0.25810390040484665,0.2495415505349677,0.30033388617318435,0.270468968226257,0.2545609287709497,0.25337219199931305,74.66,Degraded,False,,False,0.5
4526_RV.png,RV,unet_resnet18_torch_cross_entropy_all_files,0.3053919697353127,0.27900280898876406,0.09389044943820225,0.6271067415730337,0.2385555217184303,0.28000602595500484,0.26197931536480656,0.3354574022346369,0.29550475733240217,0.2685928770949721,0.2737703672349914,72.62,Degraded,False,,False,0.5
4526_RV.png,RV,pan_resnet18_torch_cross_entropy_correct_clear_strict_files,0.3210132836928409,0.1720157131022688,0.04236925790331632,0.7856150289944149,0.2793919611568866,0.32294646024466384,0.1501510038730179,0.35981145251396646,0.33231909043296093,0.312565467877095,0.3136291625936495,68.64,Degraded,False,,False,0.5
4527_RV.png,RV,GT,0.2907314395027944,0.1655749313977162,0.18721784544569356,0.6472072231565903,0.23997284928134235,0.2713926174414916,0.3845360411818994,0.30039935405027934,0.2748218182611732,0.22859200418994413,0.2633383673213195,73.67,Degraded,False,,False,0.5
4527_RV.png,RV,fpn_resnet18_torch_cross_entropy_correct_files,0.26980865820547906,0.22008139387002415,0.03778774004832761,0.7421308660816482,0.22655769206023774,0.2590927212357206,0.2057475144241134,0.31542423184357543,0.2727889315642458,0.25178945530726254,0.2548106966144858,74.52,Degraded,False,,False,0.5
4527_RV.png,RV,fpn_resnet50_torch_cross_entropy_all_files,0.25735278348481405,0.22281666666666666,0.009916666666666667,0.7672666666666667,0.2180656078029364,0.2504810216395967,0.26334742760913066,0.29890450418994413,0.262617842178771,0.24432611731843576,0.24561112570426832,75.44,Degraded,False,,False,0.5
4527_RV.png,RV,unet_resnet18_torch_cross_entropy_all_files,0.28451636978163614,0.27821747847979134,0.0777139583615998,0.6440685631586088,0.22396318997353556,0.26774718527250496,0.31177184536849845,0.3233349336592179,0.2846801894203911,0.25915459148044695,0.2613851883419686,73.86,Degraded,False,,False,0.5
4527_RV.png,RV,pan_resnet18_torch_cross_entropy_correct_clear_strict_files,0.3671652161977842,0.2926683955982337,0.012523071890843672,0.6948085325109227,0.29360525514383873,0.33002158158494976,0.11997362879417048,0.38676239525139666,0.3318698716829609,0.30365092527932963,0.3198359996918209,68.02,Degraded,False,,False,0.5
4528_RV.png,RV,GT,0.2907314395027944,0.1655749313977162,0.18721784544569356,0.6472072231565903,0.23997284928134235,0.2713926174414916,0.3845360411818994,0.30039935405027934,0.2748218182611732,0.22859200418994413,0.2633383673213195,73.67,Degraded,False,,False,0.5
4528_RV.png,RV,fpn_resnet18_torch_cross_entropy_correct_files,0.299155453948864,0.2585094485705273,0.023829323545436296,0.7176612278840364,0.24491758277108902,0.2652665967551804,0.1622895863453227,0.3221565118715084,0.2693083318784916,0.2432786312849162,0.2607785866092775,73.92,Degraded,False,,False,0.5
4528_RV.png,RV,fpn_resnet50_torch_cross_entropy_all_files,0.2802185782974398,0.18305245595505962,0.02871531126111647,0.7882322327838239,0.24311529833621429,0.2617827906687012,0.20422291181240587,0.30057393505586594,0.26886631459497207,0.2516476082402235,0.25901595253946347,74.1,Degraded,False,,False,0.5
4528_RV.png,RV,unet_resnet18_torch_cross_entropy_all_files,0.29133192933092567,0.29466152351226405,0.06204175377639057,0.6432967227113454,0.22767082863307067,0.28376529171709897,0.32357602091518756,0.3571927374301676,0.3066414979050279,0.2732410963687151,0.27608743526706203,72.39,Degraded,False,,False,0.5
4528_RV.png,RV,pan_resnet18_torch_cross_entropy_correct_clear_strict_files,0.23894777025259176,0.11064639465795473,0.019799314293920192,0.8695542910481251,0.2196252943472461,0.2868704002768739,0.31064166127212745,0.3237059182960894,0.3129666768505586,0.30731712639664804,0.27713537912745945,72.29,Degraded,False,,False,0.5
4529_RV.png,RV,GT,0.2907314395027944,0.1655749313977162,0.18721784544569356,0.6472072231565903,0.23997284928134235,0.2713926174414916,0.3845360411818994,0.30039935405027934,0.2748218182611732,0.22859200418994413,0.2633383673213195,73.67,Degraded,False,,False,0.5
4529_RV.png,RV,fpn_resnet18_torch_cross_entropy_correct_files,0.2793006867030106,0.23101494233456701,0.029147534438011578,0.7398375232274214,0.2333026082704606,0.2650085861040557,0.19124812518938686,0.32604093924581007,0.276796875,0.2525423358938548,0.26021210831235486,73.98,Degraded,False,,False,0.5
4529_RV.png,RV,fpn_resnet50_torch_cross_entropy_all_files,0.2676040026936258,0.1626222150985735,0.03670460009616926,0.8006731848052573,0.23510712309612555,0.2598777764889558,0.25864510223193027,0.30069395949720673,0.26811267021648044,0.2504582751396648,0.2557405379621166,74.43,Degraded,False,,False,0.5
4529_RV.png,RV,unet_resnet18_torch_cross_entropy_all_files,0.2967148917188164,0.2546800237073016,0.08903248189427122,0.6562874943984273,0.2371028939320503,0.275513514919434,0.2723161061571714,0.32690293296089384,0.29050464821927374,0.2662032995810056,0.2699867819431548,73.0,Degraded,False,,False,0.5
4529_RV.png,RV,pan_resnet18_torch_cross_entropy_correct_clear_strict_files,0.23272412210531734,0.21751631095875262,0.0036676619116075048,0.7788160271296398,0.19851764796712748,0.24883711677508485,0.3324278883663949,0.2918557960893855,0.2718760911312849,0.2609658694134078,0.24295686587517767,75.7,Degraded,False,,False,0.5
4530_RV.png,RV,GT,0.2907314395027944,0.1655749313977162,0.18721784544569356,0.6472072231565903,0.23997284928134235,0.2713926174414916,0.3845360411818994,0.30039935405027934,0.2748218182611732,0.22859200418994413,0.2633383673213195,73.67,Degraded,False,,False,0.5
4530_RV.png,RV,fpn_resnet18_torch_cross_entropy_correct_files,0.2715500787070596,0.227546990996683,0.031085136629284475,0.7413678723740326,0.2272805102447854,0.25560497782654,0.19479604647799081,0.3078408694134078,0.26417281337290505,0.24247119413407822,0.2505347717705596,74.95,Degraded,False,,False,0.5
4530_RV.png,RV,fpn_resnet50_torch_cross_entropy_all_files,0.2657210381611286,0.2087294797501251,0.0,0.7912705202498749,0.22856028274492476,0.24827106221054696,0.20957960007941975,0.28790590083798884,0.2589413844273743,0.24467527932960895,0.24662595725759123,75.34,Degraded,False,,False,0.5
4530_RV.png,RV,unet_resnet18_torch_cross_entropy_all_files,0.30708620889325433,0.29788393044206996,0.06772819330958865,0.6343878762483414,0.2387258034768361,0.2742917049687646,0.2466636843662441,0.32003971717877094,0.2870976998952514,0.2690184182960894,0.26874433249178076,73.13,Degraded,False,,False,0.5
4530_RV.png,RV,pan_resnet18_torch_cross_entropy_correct_clear_strict_files,0.3851756218286631,0.04330686740682175,0.19264818877295353,0.7640449438202247,0.3487703684005095,0.3617658863894954,0.12470538232781293,0.36432873603351956,0.3425963468924581,0.30832096717877094,0.35019941519398473,64.98,Degraded,False,,False,0.5
4531_RV.png,RV,GT,0.2907314395027944,0.1655749313977162,0.18721784544569356,0.6472072231565903,0.23997284928134235,0.2713926174414916,0.3845360411818994,0.30039935405027934,0.2748218182611732,0.22859200418994413,0.2633383673213195,73.67,Degraded,False,,False,0.5
4531_RV.png,RV,fpn_resnet18_torch_cross_entropy_correct_files,0.2779581630158315,0.23222331954817604,0.02910314178137152,0.7386735386704525,0.23196034193606502,0.2532659485916204,0.16629570931807633,0.3134383729050279,0.2574900707053073,0.22953037709497207,0.2485639154404285,75.14,Degraded,False,,False,0.5
4531_RV.png,RV,fpn_resnet50_torch_cross_entropy_all_files,0.3023938098077146,0.28016623877675495,5.6736783875406026e-05,0.7197770244393696,0.24562521714141106,0.25567879752493855,0.1968833612105418,0.2928269029329609,0.25239939769553077,0.23248734287709497,0.2513509634781172,74.86,Degraded,False,,False,0.5
4531_RV.png,RV,unet_resnet18_torch_cross_entropy_all_files,0.29065423366774895,0.31361785018593946,0.08095744052889439,0.6054247092851661,0.22158040344338023,0.27307668521609957,0.3372911583486105,0.35160614525139666,0.2951860378840782,0.2561648917597765,0.26647154175147525,73.35,Degraded,False,,False,0.5
4531_RV.png,RV,pan_resnet18_torch_cross_entropy_correct_clear_strict_files,0.30881905096871876,0.10626536479673329,0.04193113793247128,0.8518034972707954,0.28242911003118254,0.29862822938667655,0.19030918135702024,0.3094230097765363,0.2961238652234637,0.2865747206703911,0.29276674791474316,70.72,Degraded,False,,False,0.5
4532_RV.png,RV,GT,0.2907314395027944,0.1655749313977162,0.18721784544569356,0.6472072231565903,0.23997284928134235,0.2713926174414916,0.3845360411818994,0.30039935405027934,0.2748218182611732,0.22859200418994413,0.2633383673213195,73.67,Degraded,False,,False,0.5
4532_RV.png,RV,fpn_resnet18_torch_cross_entropy_correct_files,0.33309170766439483,0.25941950603930053,0.11166911329161194,0.6289113806690876,0.26255002294728985,0.2810299663579133,0.13924695359849518,0.3365157995810056,0.27844055516759775,0.24767589036312848,0.27445021885860005,72.55,Degraded,False,,False,0.5
4532_RV.png,RV,fpn_resnet50_torch_cross_entropy_all_files,0.31468240521911445,0.2848867322738053,0.009145925905732901,0.7059673418204618,0.2536391399269976,0.27215057663670417,0.22140812281743402,0.3276121682960894,0.2778671656773743,0.25118933310055863,0.26888378124006024,73.11,Degraded,False,,False,0.5
4532_RV.png,RV,unet_resnet18_torch_cross_entropy_all_files,0.32837786251356466,0.34926004780626707,0.0555127418069724,0.5952272103867605,0.24533814011143373,0.2923785236441618,0.26010729319982145,0.3620155377094972,0.3087956092877095,0.27512875349162014,0.2848332428417625,71.52,Degraded,False,,False,0.5
4532_RV.png,RV,pan_resnet18_torch_cross_entropy_correct_clear_strict_files,0.14905015376828812,0.14535251798561152,0.0,0.8546474820143884,0.13453472761352475,0.20172005553930025,0.3103133485749477,0.2635518505586592,0.24797300541201117,0.24029984287709497,0.20006563711065198,79.99,Degraded,False,,False,0.5
4533_RV.png,RV,GT,0.2907314395027944,0.1655749313977162,0.18721784544569356,0.6472072231565903,0.23997284928134235,0.2713926174414916,0.3845360411818994,0.30039935405027934,0.2748218182611732,0.22859200418994413,0.2633383673213195,73.67,Degraded,False,,False,0.5
4533_RV.png,RV,fpn_resnet18_torch_cross_entropy_correct_files,0.2884967594995346,0.255556711913293,0.05194689344493837,0.6924963946417686,0.23400406617397904,0.2562009925192786,0.18013504441245676,0.31134340083798884,0.2627134252793296,0.2369609811452514,0.25214688771970917,74.79,Degraded,False,,False,0.5
4533_RV.png,RV,fpn_resnet50_torch_cross_entropy_all_files,0.24886014162981518,0.1586521889003792,0.02200965184419166,0.8193381592554292,0.22054477295050678,0.2553865398853547,0.27730322807922947,0.29309968575418993,0.2676213337988827,0.2546154853351955,0.2498279273703115,75.02,Degraded,False,,False,0.5
4533_RV.png,RV,unet_resnet18_torch_cross_entropy_all_files,0.3339409718498947,0.3684109124537608,0.07472770242498973,0.5568613851212495,0.24302796995835177,0.29494634142297366,0.3053166557700751,0.3961352129888268,0.32068719448324023,0.26956398393854747,0.2896671712076937,71.03,Degraded,False,,False,0.5
4533_RV.png,RV,pan_resnet18_torch_cross_entropy_correct_clear_strict_files,0.3255598495344059,0.10744117414560882,0.12203894495533714,0.770519880899054,0.2886156993776352,0.3115359958606129,0.1741799208489815,0.3454521648044693,0.3118399746857542,0.26702164804469275,0.3047814984457761,69.52,Degraded,False,,False,0.5
4534_FV.png,FV,GT,0.10740374098881536,0.0,0.4794663098821868,0.5205336901178133,0.08989493936660253,0.13261278946200517,0.38339242828826825,0.1614546962290503,0.13940336941340783,0.09659785265363129,0.12251366641394544,87.75,Healthy,False,,False,1.0
4534_FV.png,FV,fpn_resnet18_torch_cross_entropy_correct_files,0.08124236593991745,0.05144204785535302,0.279123470741414,0.6694344814032329,0.07073219118480613,0.11020629169326822,0.3678306985279997,0.1379844622905028,0.12182666288407823,0.09752531424581005,0.1030122100170536,89.7,Healthy,False,,False,1.0
4534_FV.png,FV,fpn_resnet50_torch_cross_entropy_all_files,0.07984129138359106,0.036646335366463355,0.16883311668833118,0.7945205479452054,0.0732977942056985,0.11023496074839852,0.37961835376399183,0.12424711941340782,0.11508161662011174,0.0992383903631285,0.1010924731342738,89.89,Healthy,False,,False,1.0
4534_FV.png,FV,unet_resnet18_torch_cross_entropy_all_files,0.09182826258771684,0.2594218648119974,0.08015648772006086,0.6604216474679417,0.07336473443450076,0.11615423800654937,0.354675155575189,0.15551894203910616,0.1275731057960894,0.10829478002793295,0.1078849340507508,89.21,Healthy,False,,False,1.0
4534_FV.png,FV,pan_resnet18_torch_cross_entropy_correct_clear_strict_files,0.0608768890556518,0.4491508753524359,0.2898170611763163,0.2610320634712478,0.03655846592315246,0.052879021891914756,0.3748840220385931,0.08601387918994413,0.05057971805167597,0.02126614874301676,0.047063133565190554,95.29,Healthy,False,,False,1.0
4535_FV.png,FV,GT,0.10755941593951829,0.0,0.4477844578044979,0.5522155421955021,0.09118384812511476,0.13613307939596372,0.37363705378272233,0.16358240223463688,0.14182044343575417,0.09957664106145252,0.1249232556306252,87.51,Healthy,False,,False,1.0
4535_FV.png,FV,fpn_resnet18_torch_cross_entropy_correct_files,0.09610333623394353,0.003572021930553248,0.35217644126931386,0.6442515368001329,0.08436592395079076,0.13044120645698315,0.36001495779662995,0.1585195530726257,0.14204925366620114,0.11021517108938547,0.12126184058881262,87.87,Healthy,False,,False,1.0
4535_FV.png,FV,fpn_resnet50_torch_cross_entropy_all_files,0.09525710316858399,0.05099731813610459,0.21614146832048273,0.7328612135434127,0.08500207566600937,0.1286014098994937,0.3605832916966713,0.1541550279329609,0.13675573935055868,0.10729093924581005,0.1187833414098744,88.12,Healthy,False,,False,1.0
4535_FV.png,FV,unet_resnet18_torch_cross_entropy_all_files,0.09875779372669866,0.34505476739016205,0.05658623337779395,0.5983589992320439,0.07402627314168019,0.11768424979021956,0.3560089548897607,0.17034741620111732,0.13225602304469272,0.11065162360335196,0.11041556609744702,88.96,Healthy,False,,False,1.0
4535_FV.png,FV,pan_resnet18_torch_cross_entropy_correct_clear_strict_files,0.07411724319620631,0.026281775096940973,0.10308056872037914,0.8706376561826799,0.07021451209873783,0.09468866389006168,0.22442916400219523,0.12752051326815642,0.12301119500698324,0.1162382157821229,0.09867543079943314,90.13,Healthy,False,,False,1.0
4536_FV.png,FV,GT,0.1142254971619259,0.0,0.4699119373776908,0.5300880626223092,0.09597568277436713,0.14111081937676667,0.38120267955158366,0.1743736906424581,0.14934335719273745,0.10075506284916201,0.13086329352243511,86.91,Healthy,False,,False,1.0
4536_FV.png,FV,fpn_resnet18_torch_cross_entropy_correct_files,0.08773680555001158,0.01897179253867152,0.40423111919927207,0.5767970882620564,0.07456315213833517,0.11652930316937807,0.3653747458451439,0.14602609986033518,0.12975875087290503,0.09821272695530726,0.10923123694147599,89.08,Healthy,False,,False,1.0
4536_FV.png,FV,fpn_resnet50_torch_cross_entropy_all_files,0.08804815545141743,0.14108260041708223,0.13514371203191586,0.7237736875510019,0.0756796608681074,0.11737341284957421,0.361408335771337,0.14466218575418993,0.12856701728351955,0.10758554469273743,0.10934272902871231,89.07,Healthy,False,,False,1.0
4536_FV.png,FV,unet_resnet18_torch_cross_entropy_all_files,0.1441869376741364,0.4614362438403189,0.129699352195338,0.40886440396434304,0.09325145097037386,0.13608970564583944,0.3628437765333253,0.18425934008379888,0.14434728526536314,0.11317213687150839,0.12654126109100927,87.35,Healthy,False,,False,1.0
4536_FV.png,FV,pan_resnet18_torch_cross_entropy_correct_clear_strict_files,0.1391374809397977,0.31026766503141406,0.21860745330923487,0.47112488165935107,0.09987206712384541,0.12425049722488354,0.41588050712462327,0.15933790153631286,0.13220190293296089,0.11172093226256984,0.12011753047780305,87.99,Healthy,False,,False,1.0
4537_FV.png,FV,GT,0.10937163203231652,0.0,0.47051094890510947,0.5294890510948905,0.09187504490623578,0.1349682479949132,0.37924111949111894,0.16987822974860337,0.14473660090782123,0.09593226256983241,0.1259476282334732,87.41,Healthy,False,,False,1.0
4537_FV.png,FV,fpn_resnet18_torch_cross_entropy_correct_files,0.1307749419212684,0.2283132897869483,0.3579451803919175,0.41374152982113427,0.09485482312930602,0.13468010982600975,0.3803717432136742,0.16878709846368714,0.14789138879189942,0.1075091655027933,0.12801703540335452,87.2,Healthy,False,,False,1.0
4537_FV.png,FV,fpn_resnet50_torch_cross_entropy_all_files,0.1068089828438221,0.004746244113909859,0.30615143134763434,0.6891023245384558,0.09535142622204837,0.13687422531708884,0.38381986355739917,0.15987255586592178,0.14427450680865922,0.11525619762569832,0.12737749818520486,87.26,Healthy,False,,False,1.0
4537_FV.png,FV,unet_resnet18_torch_cross_entropy_all_files,0.144777704153727,0.4917562724014337,0.12197408326440584,0.38626964433416044,0.09107272016030529,0.12767367130245266,0.37620774159435916,0.17336984986033518,0.1395951902932961,0.10893854748603352,0.12146199355614581,87.85,Healthy,False,,False,1.0
4537_FV.png,FV,pan_resnet18_torch_cross_entropy_correct_clear_strict_files,0.16257254851869296,0.04593891180514634,0.2505401689255549,0.7035209192692987,0.1437201922386058,0.16535375839462765,0.36346529774334607,0.1854050279329609,0.17069319570530728,0.1555953212290503,0.16099946347209296,83.9,Healthy,False,,False,1.0
4538_MVL.png,MVL,GT,0.14079108914090013,0.0,0.4658214050084622,0.5341785949915379,0.11849269813576299,0.1970157672280124,0.24482405564150267,0.3829012784090909,0.33191507711038964,0.23294186282467533,0.22741857045328848,77.26,Degraded,False,,False,0.5
4538_MVL.png,MVL,fpn_resnet18_torch_cross_entropy_correct_files,0.13158702465186908,0.07906205880547541,0.2759499109938003,0.6449880302007244,0.1122707666957449,0.19105351848316302,0.23549704358459903,0.37345271915584416,0.3249756493506494,0.25342431006493504,0.22098754529393214,77.9,Degraded,False,,False,0.5
4538_MVL.png,MVL,fpn_resnet50_torch_cross_entropy_all_files,0.1267123840909825,0.04404780876494024,0.169402390438247,0.7865498007968128,0.11567461471357952,0.19614297711959996,0.22566982727265558,0.3579291801948052,0.32821961241883113,0.2873630275974026,0.2248331225174863,77.52,Degraded,False,,False,0.5
4538_MVL.png,MVL,unet_resnet18_torch_cross_entropy_all_files,0.15939307292171498,0.2699977196138546,0.1235462538323156,0.6064560265538298,0.12386368776453104,0.2172555798160341,0.22071650585081815,0.44160917207792205,0.35840744216720777,0.29442725243506496,0.24569875714105266,75.43,Degraded,False,,False,0.5
4538_MVL.png,MVL,pan_resnet18_torch_cross_entropy_correct_clear_strict_files,0.1337961616749055,0.07045186996287241,0.18962238522140723,0.7399257448157204,0.11885456043423477,0.18981720419039275,0.24689901144006357,0.3441304788961039,0.3148240919237013,0.2774705762987013,0.21853116615686877,78.15,Degraded,False,,False,0.5
4539_MVL.png,MVL,GT,0.147846596232755,0.0,0.4645979020979021,0.5354020979020979,0.1244922619624568,0.20497474866227086,0.24339234367774806,0.39261617288961037,0.34022854099025973,0.2385349025974026,0.23493151958352218,76.51,Degraded,False,,False,0.5
4539_MVL.png,MVL,fpn_resnet18_torch_cross_entropy_correct_files,0.13258053051597687,0.023455586694285366,0.3227123187522846,0.6538320945534299,0.1159499693063229,0.19007128346982535,0.2298553134833327,0.3607700892857143,0.323154296875,0.25460379464285715,0.2210680945828445,77.89,Degraded,False,,False,0.5
4539_MVL.png,MVL,fpn_resnet50_torch_cross_entropy_all_files,0.13270168976769733,0.031925254123805466,0.36572524195021,0.6023495039259845,0.11336220962166003,0.17553827888214843,0.2336154673075332,0.3260957792207792,0.289813184862013,0.2322950487012987,0.20259542049594775,79.74,Degraded,False,,False,0.5
4539_MVL.png,MVL,unet_resnet18_torch_cross_entropy_all_files,0.1501284288068237,0.33666908777876414,0.0468888709547252,0.6164420412665106,0.11387083616038254,0.19539535313885803,0.2247649939081021,0.42398031655844154,0.33569817877435065,0.2831270292207792,0.2270591282995124,77.29,Degraded,False,,False,0.5
4539_MVL.png,MVL,pan_resnet18_torch_cross_entropy_correct_clear_strict_files,0.1265266065716778,0.4264738740464107,0.04586804558077181,0.5276580803728175,0.08840001130819683,0.13445137304229365,0.23399281880377426,0.2906351461038961,0.23072341720779224,0.19483056006493507,0.15914478218826406,84.09,Healthy,False,,False,1.0
4540_MVL.png,MVL,GT,0.14107783270330523,0.0,0.42660025191801215,0.5733997480819879,0.12061532745307098,0.20137603372957447,0.24098427068154316,0.3820515422077922,0.33480392654220775,0.24308796672077923,0.23051897897167675,76.95,Degraded,False,,False,0.5
4540_MVL.png,MVL,fpn_resnet18_torch_cross_entropy_correct_files,0.11933378566120642,0.11100582103695682,0.22004873426289429,0.6689454447001489,0.1015303221220639,0.17757539700593558,0.22759093414938603,0.3496347402597403,0.30606153612012993,0.24705762987012986,0.20615633018645182,79.38,Degraded,False,,False,0.5
4540_MVL.png,MVL,fpn_resnet50_torch_cross_entropy_all_files,0.13628396497689896,0.002133649429545118,0.30688990961623946,0.6909764409542154,0.12186892184420536,0.19949038876649813,0.2539821862475675,0.35967938311688313,0.3253575233360389,0.2593851461038961,0.2265508025176266,77.34,Degraded,False,,False,0.5
4540_MVL.png,MVL,unet_resnet18_torch_cross_entropy_all_files,0.13859810668475978,0.25202517629232474,0.06404802144647125,0.6839268022612041,0.11217670672999257,0.1936324602304162,0.23765892043207862,0.39681412337662336,0.3302786373782468,0.2856762378246753,0.22385420503942136,77.61,Degraded,False,,False,0.5
4540_MVL.png,MVL,pan_resnet18_torch_cross_entropy_correct_clear_strict_files,0.15066960679784175,0.04865038732677514,0.19044683303401505,0.7609027796392098,0.1360022697166489,0.1997693373582982,0.3051051431942929,0.3521078530844156,0.32417398031655836,0.2866781655844156,0.23040107424910747,76.96,Degraded,False,,False,0.5
4541_MVL.png,MVL,GT,0.14449856224354626,0.0,0.44000670784538415,0.5599932921546158,0.12288124777874707,0.20607503788917506,0.22996307637285374,0.39039671266233766,0.340915432224026,0.2448635349025974,0.23505305858998704,76.49,Degraded,False,,False,0.5
4541_MVL.png,MVL,fpn_resnet18_torch_cross_entropy_correct_files,0.13845675422441925,0.005921302103083161,0.30017793075285126,0.6939007671440656,0.12377649348970954,0.20792899491842193,0.23796334057700322,0.3828885957792208,0.3487409953327922,0.28495332792207795,0.2390080446555563,76.1,Degraded,False,,False,0.5
4541_MVL.png,MVL,fpn_resnet50_torch_cross_entropy_all_files,0.18168637523827985,0.008824771600684643,0.3360970947162514,0.655078133683064,0.15985028755129077,0.2364278986201248,0.2579021044734257,0.4102323457792208,0.37114765117694803,0.2998934659090909,0.2673425163222039,73.27,Degraded,False,,False,0.5
4541_MVL.png,MVL,unet_resnet18_torch_cross_entropy_all_files,0.14572227068592292,0.24469264453189957,0.021146277922509837,0.7341610775455906,0.12078426383638655,0.2041093352182001,0.2403547862183937,0.4082919034090909,0.3474551034902597,0.312893161525974,0.2364501211124799,76.35,Degraded,False,,False,0.5
4541_MVL.png,MVL,pan_resnet18_torch_cross_entropy_correct_clear_strict_files,0.1492156957771962,0.05261590927544862,0.01136763472000433,0.9360164560045471,0.14337872766631127,0.22116592878402547,0.22314848255060962,0.3786906452922078,0.36312500000000003,0.3539341517857143,0.25461339693510104,74.54,Degraded,False,,False,0.5
4542_MVL.png,MVL,GT,0.133145940357339,0.0,0.4064244115505945,0.5935755884494055,0.11474726180091113,0.1938905151903451,0.2329926887301374,0.375875101461039,0.3303911323051948,0.2420987215909091,0.22474778601945478,77.53,Degraded,False,,False,0.5
4542_MVL.png,MVL,fpn_resnet18_torch_cross_entropy_correct_files,0.1254967529320539,0.0,0.37983523202677477,0.6201647679732252,0.10928960292074569,0.17893264840176323,0.24058128661491285,0.3396027800324675,0.3032388900162338,0.23265016233766234,0.20776223140324618,79.22,Degraded,False,,False,0.5
4542_MVL.png,MVL,fpn_resnet50_torch_cross_entropy_all_files,0.120274789182902,0.014438736106913805,0.30408649810281724,0.681474765790269,0.10667611708830087,0.17864082657926492,0.24815467477148995,0.33191710633116883,0.30234818892045456,0.24821174918831168,0.20653435866845155,79.35,Degraded,False,,False,0.5
4542_MVL.png,MVL,unet_resnet18_torch_cross_entropy_all_files,0.14182498142224806,0.27115072472022095,0.05780676025856423,0.6710425150212148,0.1132720267519628,0.18973032883236335,0.24723914130464442,0.3855773133116883,0.3215014965503247,0.28226461038961037,0.21950130529542772,78.05,Degraded,False,,False,0.5
4542_MVL.png,MVL,pan_resnet18_torch_cross_entropy_correct_clear_strict_files,0.10010581241316921,0.007100496227861379,0.19062411748093758,0.802275386291201,0.09314149785144261,0.144027410206417,0.35832424255305867,0.23542765827922077,0.2265239448051948,0.21140675730519481,0.1617602503394358,83.82,Healthy,False,,False,1.0
4543_MVL.png,MVL,GT,0.14986591709476269,0.0,0.4332488951169559,0.566751104883044,0.1277899744757843,0.2073296693096688,0.24600300543896939,0.39647169237012986,0.3476027293019481,0.25273944805194803,0.23957698485641518,76.04,Degraded,False,,False,0.5
4543_MVL.png,MVL,fpn_resnet18_torch_cross_entropy_correct_files,0.12850150237472133,0.06200892576529009,0.43280533031617324,0.5051857439185367,0.1042532955316468,0.16998640648174013,0.2790654531539867,0.35276734983766234,0.29016943993506494,0.18421519886363635,0.19833968657804207,80.17,Healthy,False,,False,1.0
4543_MVL.png,MVL,fpn_resnet50_torch_cross_entropy_all_files,0.163334787244354,0.008036001285760206,0.4417080829809856,0.5502559157332542,0.137925632451294,0.2003270749901032,0.34159282062954965,0.3590579342532468,0.313015041599026,0.22379768668831168,0.22668182887202953,77.33,Degraded,False,,False,0.5
4543_MVL.png,MVL,unet_resnet18_torch_cross_entropy_all_files,0.15840764434105523,0.2585217856869694,0.0940009688193152,0.6474772454937154,0.12590715970404837,0.2051986962659176,0.24734971449185644,0.41678926542207795,0.34467671976461045,0.295796976461039,0.237202444696834,76.28,Degraded,False,,False,0.5
4543_MVL.png,MVL,pan_resnet18_torch_cross_entropy_correct_clear_strict_files,0.1043059998061452,0.39698764858481433,0.0,0.6030123514151856,0.07656251009660432,0.12073344746529018,0.31839314921492023,0.2547179383116883,0.19399578936688314,0.16408786525974026,0.1367871030153216,86.32,Healthy,False,,False,1.0
4544_MVL.png,MVL,GT,0.14751946625310974,0.0,0.41487119117365234,0.5851288088263477,0.12671093017996188,0.20615823475351738,0.2456124760336039,0.3881645698051948,0.34376293628246757,0.2575715300324675,0.2373659239930308,76.26,Degraded,False,,False,0.5
4544_MVL.png,MVL,fpn_resnet18_torch_cross_entropy_correct_files,0.1438766114180479,0.03559298245614035,0.35727719298245614,0.6071298245614035,0.12296824012148234,0.19782401719460144,0.23999090897807046,0.39349127435064934,0.3414439174107143,0.25209263392857145,0.23281524415911084,76.72,Degraded,False,,False,0.5
4544_MVL.png,MVL,fpn_resnet50_torch_cross_entropy_all_files,0.1885278343187619,0.1397356526209807,0.24845226109123628,0.611812086287783,0.15495165745856354,0.2219388343147709,0.3137657709396727,0.4094967532467532,0.3473598569399351,0.2648640422077922,0.25201109030797436,74.8,Degraded,False,,False,0.5
4544_MVL.png,MVL,unet_resnet18_torch_cross_entropy_all_files,0.17168265968789376,0.33810868031051516,0.07499411903081628,0.5868972006586686,0.1284133388258861,0.20806865929453228,0.2291454897538373,0.43748731737012986,0.34875672179383116,0.29112976866883117,0.24044728815365796,75.96,Degraded,False,,False,0.5
4544_MVL.png,MVL,pan_resnet18_torch_cross_entropy_correct_clear_strict_files,0.22697570353138832,0.07898435970890198,0.19337734204017723,0.7276382982509209,0.20004099221349875,0.25123799555630577,0.4155073691761291,0.41544490665584416,0.3855373630275974,0.3552150974025974,0.28959864154198034,71.04,Degraded,False,,False,0.5
4545_MVL.png,MVL,GT,0.13964815353300378,0.0,0.4410318699751287,0.5589681300248713,0.11870779619398404,0.19682775305482683,0.24599541269771483,0.37841162743506496,0.3314313616071429,0.240234375,0.22723320941750041,77.28,Degraded,False,,False,0.5
4545_MVL.png,MVL,fpn_resnet18_torch_cross_entropy_correct_files,0.1291799941843559,0.017226286500343902,0.278403051334959,0.704370662164697,0.11546125327129979,0.19465382358980785,0.23983600754626958,0.36605874594155846,0.33263786018668834,0.2717380275974026,0.22608966713300763,77.39,Degraded,False,,False,0.5
4545_MVL.png,MVL,fpn_resnet50_torch_cross_entropy_all_files,0.1296727084746858,0.032515260994144764,0.25454715335741873,0.7129375856484366,0.1156251009660431,0.1921108859818357,0.23490833529555893,0.3548599837662338,0.32142362520292206,0.26861810064935066,0.22089024616553246,77.91,Degraded,False,,False,0.5
4545_MVL.png,MVL,unet_resnet18_torch_cross_entropy_all_files,0.16761978611353429,0.31225905936777176,0.09741229760986893,0.5903286430223593,0.12699985460889793,0.22240825847849813,0.22319419213905167,0.45918729707792205,0.36424804687500006,0.2992466517857143,0.25052165267621884,74.95,Degraded,False,,False,0.5
4545_MVL.png,MVL,pan_resnet18_torch_cross_entropy_correct_clear_strict_files,0.13591240993828954,0.03595518973048465,0.18126170029417882,0.7827831099753365,0.1242621401570224,0.19366436696453396,0.26559431335923805,0.34198711444805197,0.3189394784902598,0.2880605722402597,0.22295374353257083,77.7,Degraded,False,,False,0.5
4546_MVR.png,MVR,GT,0.13538944693500826,0.0,0.3740888298657223,0.6259111701342777,0.11816923580977952,0.1912382917040338,0.3229392403014817,0.37303419237012986,0.3303185876623377,0.2474000608766234,0.22494969331907907,77.51,Degraded,False,,False,0.5
4546_MVR.png,MVR,fpn_resnet18_torch_cross_entropy_correct_files,0.18630083347317783,0.16389645484376006,0.11313187638063783,0.7229716687756021,0.1586769911858014,0.2556920868897555,0.3862371403967383,0.4740893871753247,0.4177911931818182,0.3704976663961039,0.2914272006953943,70.86,Degraded,False,,False,0.5
4546_MVR.png,MVR,fpn_resnet50_torch_cross_entropy_all_files,0.17338319788395304,0.13455777296400423,0.038853297690925014,0.8265889293450708,0.1554616466489264,0.23630047301206464,0.4000837552662792,0.4343927556818182,0.3956365411931818,0.36820211038961037,0.27578325237557005,72.42,Degraded,False,,False,0.5
4546_MVR.png,MVR,unet_resnet18_torch_cross_entropy_all_files,0.13776280775777336,0.18741842860871835,0.00835291046724093,0.8042286609240408,0.1200726392251816,0.19513034518419423,0.358788785477371,0.386820211038961,0.337849025974026,0.31196732954545453,0.22970050571242315,77.03,Degraded,False,,False,0.5
4546_MVR.png,MVR,pan_resnet18_torch_cross_entropy_correct_clear_strict_files,0.17915677766323848,0.10336983429603694,0.027542987131737997,0.8690871785722251,0.16507104100240533,0.2563506920591408,0.39798927234910225,0.44706270292207795,0.42154753449675336,0.401265726461039,0.2950455337171652,70.5,Degraded,False,,False,0.5
4547_MVR.png,MVR,GT,0.11743341404358354,0.0,0.30655642883876016,0.6934435711612398,0.10519342491149843,0.1765525201962702,0.31174341356988905,0.33887987012987014,0.306539163961039,0.2437601461038961,0.2071394491167462,79.29,Degraded,False,,False,0.5
4547_MVR.png,MVR,fpn_resnet18_torch_cross_entropy_correct_files,0.19189860874707326,0.09169651036895145,0.14025151994669777,0.7680519696843507,0.17095821446551435,0.2798413399845162,0.3705958661483388,0.500202922077922,0.45826159192370125,0.4151658887987013,0.3185445031044897,68.15,Degraded,False,,False,0.5
4547_MVR.png,MVR,fpn_resnet50_torch_cross_entropy_all_files,0.17009885007871248,0.049328196936953866,0.03713708540824955,0.9135347176547965,0.16232932978527875,0.2674572522793841,0.3624163342150865,0.4698914366883117,0.4482197392451299,0.428419237012987,0.30822387031745085,69.18,Degraded,False,,False,0.5
4547_MVR.png,MVR,unet_resnet18_torch_cross_entropy_all_files,0.14865869153501307,0.16486588184701392,0.01687899801107348,0.8182551201419126,0.13138470021336274,0.2149630132997363,0.34882800501721256,0.4182858157467532,0.3717138037743506,0.34520850243506496,0.25258983556366993,74.74,Degraded,False,,False,0.5
4547_MVR.png,MVR,pan_resnet18_torch_cross_entropy_correct_clear_strict_files,0.12482119882690448,0.3124839948783611,0.0,0.6875160051216389,0.09868809883409652,0.14308647322717274,0.47960100923580573,0.293070211038961,0.24631772524350654,0.2232903814935065,0.1710594617157834,82.89,Healthy,False,,False,1.0
4548_MVR.png,MVR,GT,0.12553640351928655,0.0,0.3635698144434896,0.6364301855565104,0.11001837956192714,0.1861088897909518,0.2954811002345368,0.3682528409090909,0.3249896002435065,0.24100801542207792,0.21883402090326626,78.12,Degraded,False,,False,0.5
4548_MVR.png,MVR,fpn_resnet18_torch_cross_entropy_correct_files,0.2038053684303055,0.05342299247176913,0.2837005959849435,0.6628764115432874,0.17685178081972847,0.285986151154027,0.385517049371389,0.505757913961039,0.4580504261363637,0.38023792613636365,0.3220715500466721,67.79,Degraded,False,,False,0.5
4548_MVR.png,MVR,fpn_resnet50_torch_cross_entropy_all_files,0.17028664125492451,0.04601234191323119,0.15504821793096976,0.7989394401557991,0.15606010116750174,0.2553378535551074,0.3526690575308916,0.45313768262987014,0.4222023386769481,0.3788555194805195,0.292300321887562,70.77,Degraded,False,,False,0.5
4548_MVR.png,MVR,unet_resnet18_torch_cross_entropy_all_files,0.15712128113537746,0.283872444308819,0.26167226121452547,0.4544552944766555,0.11325881619638963,0.18731372100913513,0.34622574166965614,0.4520977069805195,0.3276240361201299,0.2022752637987013,0.2212213756097094,77.88,Degraded,False,,False,0.5
4548_MVR.png,MVR,pan_resnet18_torch_cross_entropy_correct_clear_strict_files,0.22992432415154349,0.17308193587627074,0.0467460248501173,0.780172039273612,0.1996068371970369,0.30413959125899265,0.37982893500231374,0.5221438717532467,0.461871575689935,0.4195794439935065,0.33587255881278283,66.41,Degraded,False,,False,0.5
4549_MVR.png,MVR,GT,0.12781387097547528,0.0,0.4409328206571009,0.5590671793428991,0.1086523785550468,0.1844699380544008,0.29761798834786196,0.3654880275974026,0.3181498579545455,0.2262581168831169,0.21519663816465245,78.48,Degraded,False,,False,0.5
4549_MVR.png,MVR,fpn_resnet18_torch_cross_entropy_correct_files,0.12753418198962754,0.056424073435884584,0.27287822300197373,0.6706977035621416,0.11088042097187926,0.19163760190461343,0.29577672230458224,0.37577364042207795,0.3323334770698052,0.27017806412337664,0.22368879769086988,77.63,Degraded,False,,False,0.5
4549_MVR.png,MVR,fpn_resnet50_torch_cross_entropy_all_files,0.11437281742702116,0.0,0.2154410480349345,0.7845589519650655,0.10599501354493804,0.18266716607541114,0.28911084743398885,0.3363940746753247,0.31469561688311687,0.27257508116883117,0.21247690063935148,78.75,Degraded,False,,False,0.5
4549_MVR.png,MVR,unet_resnet18_torch_cross_entropy_all_files,0.1254564923804729,0.22073951399726105,0.03261250358291665,0.7466479824198223,0.10551095182157441,0.18211634366363463,0.2858830685954529,0.3680752840909091,0.3126883370535714,0.27901785714285715,0.21136352346699128,78.86,Degraded,False,,False,0.5
4549_MVR.png,MVR,pan_resnet18_torch_cross_entropy_correct_clear_strict_files,0.19646952588721342,0.5528756202716993,0.051452045879768975,0.3956723338485317,0.12025499644395433,0.19601085857678582,0.31677342886265025,0.4580839082792208,0.3128897372159091,0.2259156858766234,0.2200356513925857,78.0,Degraded,False,,False,0.5
4550_MVR.png,MVR,GT,0.13313994837740434,0.0,0.37272672708720966,0.6272732729127903,0.11626751052829254,0.1873862632196894,0.32663973039623684,0.36329393262987014,0.3234976156655844,0.24624594155844157,0.22049517839062832,77.95,Degraded,False,,False,0.5
4550_MVR.png,MVR,fpn_resnet18_torch_cross_entropy_correct_files,0.18917763447046884,0.2212811793777853,0.06598094916256574,0.712737871459649,0.15688654216511239,0.25310285326617,0.38187219938073963,0.48863636363636365,0.4163944551542208,0.3664265422077922,0.2895546006910731,71.04,Degraded,False,,False,0.5
4550_MVR.png,MVR,fpn_resnet50_torch_cross_entropy_all_files,0.16559985296350457,0.14553877334362786,0.03684312116971481,0.8176181054866574,0.14737763606869164,0.2291139737857834,0.3876019408906677,0.42938311688311687,0.38918476055194806,0.3608588676948052,0.26862138717712175,73.14,Degraded,False,,False,0.5
4550_MVR.png,MVR,unet_resnet18_torch_cross_entropy_all_files,0.16026978000463485,0.17782708416433984,0.028919026725169526,0.7932538891104907,0.1395987262164473,0.2233402418903919,0.37054554612870294,0.4324523133116883,0.37842075892857147,0.34542410714285715,0.26024999400348037,73.98,Degraded,False,,False,0.5
4550_MVR.png,MVR,pan_resnet18_torch_cross_entropy_correct_clear_strict_files,0.1977840641206978,0.17300660592715297,0.0341407244298095,0.7928526696430375,0.17256219084378174,0.2705084899979236,0.3889389029112375,0.47382305194805197,0.43987938818993505,0.41260399756493504,0.3088729595284856,69.11,Degraded,False,,False,0.5
4551_RV.png,RV,GT,0.11718558995981007,0.0,0.4297792906555397,0.5702207093444603,0.10006185045229753,0.1587674989863516,0.06516704938727128,0.2981079783519553,0.25454696229050283,0.16998734287709497,0.17946758974779586,82.05,Healthy,False,,False,1.0
4551_RV.png,RV,fpn_resnet18_torch_cross_entropy_correct_files,0.14477380834938214,0.22483927354605515,0.16647409119189405,0.6086866352620508,0.11477037697893566,0.1754336682254463,0.056780211221765735,0.3572800279329609,0.28768745635474857,0.22321272695530725,0.202136196103214,79.79,Degraded,False,,False,0.5
4551_RV.png,RV,fpn_resnet50_torch_cross_entropy_all_files,0.12584551112407408,0.011758691206543968,0.18364008179959102,0.804601226993865,0.11699656434034048,0.1733756575590689,0.06836184393539546,0.3127946054469274,0.2906547878840782,0.25133118016759776,0.2033735817234541,79.66,Degraded,False,,False,0.5
4551_RV.png,RV,unet_resnet18_torch_cross_entropy_all_files,0.15149500521139386,0.2808040770101925,0.026925254813137033,0.6922706681766705,0.12160605293746755,0.1815547463332809,0.0776917423486506,0.3685623254189944,0.30307720844972064,0.2660832751396648,0.2121791231611128,78.78,Degraded,False,,False,0.5
4551_RV.png,RV,pan_resnet18_torch_cross_entropy_correct_clear_strict_files,0.14272785372067787,0.10076331289818488,0.2771667267700445,0.6220699603317706,0.11964189360178087,0.1760122472141754,0.04815465331495187,0.3411967527932961,0.2888494020600559,0.2180625872905028,0.20423600306880924,79.58,Degraded,False,,False,0.5
4552_RV.png,RV,GT,0.11708693805947423,0.0,0.42589200674042055,0.5741079932595795,0.10013236511497237,0.15795916410261895,0.07329615683780344,0.29785701815642457,0.2547263442737431,0.17100209497206703,0.17931799647477464,82.07,Healthy,False,,False,1.0
4552_RV.png,RV,fpn_resnet18_torch_cross_entropy_correct_files,0.12075850443719091,0.13895006038218372,0.18377495204944236,0.6772749875683739,0.10197089340018788,0.15819570995062207,0.08262879093332892,0.3005302898044693,0.2560978962988827,0.20805691340782123,0.18048913952479606,81.95,Healthy,False,,False,1.0
4552_RV.png,RV,fpn_resnet50_torch_cross_entropy_all_files,0.12075421522413282,0.0,0.17802720846801406,0.8219727915319859,0.11344505303611946,0.17055087470440775,0.06125526291870075,0.3021015188547486,0.2840679556564246,0.24906162709497207,0.198825960584728,80.12,Healthy,False,,False,1.0
4552_RV.png,RV,unet_resnet18_torch_cross_entropy_all_files,0.1544159593039465,0.27390905808171995,0.08363656565095413,0.6424543762673259,0.1216866472508289,0.18190542732215567,0.06037279482981265,0.37576379189944137,0.30341535003491626,0.2523677548882682,0.21244376238586188,78.76,Degraded,False,,False,0.5
4552_RV.png,RV,pan_resnet18_torch_cross_entropy_correct_clear_strict_files,0.08523524189017041,0.0005535426731078905,0.05298913043478261,0.9464573268921095,0.08366800633087848,0.1310887735969735,0.039491339791149466,0.20883161662011174,0.20492514839385476,0.19734200418994413,0.1463970933358975,85.36,Healthy,False,,False,1.0
4553_RV.png,RV,GT,0.12096009745092068,0.0,0.4349845750150704,0.5650154249849296,0.1030707334125408,0.1624018241714927,0.0787836463455927,0.3072843924581006,0.26192039106145254,0.1738608589385475,0.1844099236997911,81.56,Healthy,False,,False,1.0
4553_RV.png,RV,fpn_resnet18_torch_cross_entropy_correct_files,0.12877933285580095,0.09272581934452438,0.19551025845989875,0.7117639221955768,0.11221833810150851,0.1721601772327096,0.06783496036187701,0.3201924755586592,0.28084486295391065,0.23317475558659218,0.1976514997818297,80.23,Healthy,False,,False,1.0
4553_RV.png,RV,fpn_resnet50_torch_cross_entropy_all_files,0.11272051916634855,0.0018645357686453577,0.15163622526636225,0.8464992389649924,0.10676824952925887,0.1612344320236774,0.05809778303030415,0.28511260474860334,0.270397280900838,0.24235116969273743,0.18855971682621608,81.14,Healthy,False,,False,1.0
4553_RV.png,RV,unet_resnet18_torch_cross_entropy_all_files,0.14718005687496516,0.25642594859241125,0.09340210992597774,0.650171941481611,0.11721977498788298,0.17650257020438714,0.06033379631669276,0.362877531424581,0.2943529591480447,0.24343138966480446,0.2058578872168989,79.41,Degraded,False,,False,0.5
4553_RV.png,RV,pan_resnet18_torch_cross_entropy_correct_clear_strict_files,0.06412802443135758,0.004213764965554144,0.0680222058725169,0.927764029161929,0.06246385265695304,0.09906740002062576,0.04020557187660856,0.1590323847765363,0.15631459497206707,0.15118715083798884,0.11098521379210047,88.9,Healthy,False,,False,1.0
4554_RV.png,RV,GT,0.1241898748836551,0.0,0.42156524141742074,0.5784347585825793,0.1063894691240998,0.16561660711195628,0.0841060946503796,0.3137548009776536,0.26921067562849166,0.18274266759776536,0.1892860931222135,81.07,Healthy,False,,False,1.0
4554_RV.png,RV,fpn_resnet18_torch_cross_entropy_correct_files,0.1313314146253587,0.2810019922270486,0.032365524674221886,0.6866324830987296,0.10516026644591515,0.1654797379398238,0.054913424704671934,0.3325113477653631,0.26695148830307264,0.22939944134078213,0.18797259663695076,81.2,Healthy,False,,False,1.0
4554_RV.png,RV,fpn_resnet50_torch_cross_entropy_all_files,0.11115066718709118,0.01308173188238018,0.15806127961719535,0.8288569885004244,0.10420312855200456,0.16160501331320756,0.0631375825966804,0.28275576117318435,0.2650819439594972,0.23436408868715083,0.1857752201433625,81.42,Healthy,False,,False,1.0
4554_RV.png,RV,unet_resnet18_torch_cross_entropy_all_files,0.14479954362773062,0.2894931721911194,0.09707041085340205,0.6134364169554786,0.11193520714754465,0.17283332029559345,0.06926270758531274,0.3668383379888268,0.2842510474860335,0.2259623777932961,0.19913097722735484,80.09,Healthy,False,,False,1.0
4554_RV.png,RV,pan_resnet18_torch_cross_entropy_correct_clear_strict_files,0.10041047768965827,0.0008116189662537377,0.1299017513882956,0.8692866296454507,0.09592108705815745,0.1532689297789916,0.06783590080964853,0.25486644553072624,0.24353362866620115,0.22160876396648044,0.1721704565176252,82.78,Healthy,False,,False,1.0
4555_RV.png,RV,GT,0.1172241928773328,0.0,0.4293084522502744,0.5706915477497255,0.10011357836177798,0.1588550597205565,0.06524811940540706,0.29820618016759776,0.25467855272346374,0.1701837465083799,0.17956201251408582,82.04,Healthy,False,,False,1.0
4555_RV.png,RV,fpn_resnet18_torch_cross_entropy_correct_files,0.14082344312289025,0.20629264132553607,0.17050438596491227,0.6232029727095516,0.11319563529679212,0.17250148543699184,0.053267714463522214,0.34703430516759776,0.2804827164804469,0.21784436103351956,0.19790222281231395,80.21,Healthy,False,,False,1.0
4555_RV.png,RV,fpn_resnet50_torch_cross_entropy_all_files,0.122366959333971,0.0,0.2715833012022854,0.7284166987977146,0.11106779959080908,0.16657786432684818,0.0606214804087537,0.3101213337988827,0.2816371333798883,0.22634427374301677,0.19594855252725252,80.41,Healthy,False,,False,1.0
4555_RV.png,RV,unet_resnet18_torch_cross_entropy_all_files,0.14585897925307645,0.2540434041051579,0.04981473857554549,0.6961418573192966,0.1185620413222786,0.1792723177253755,0.07796655459550376,0.3606625349162011,0.2979943915851955,0.2583035090782123,0.20854806434837442,79.15,Degraded,False,,False,0.5
4555_RV.png,RV,pan_resnet18_torch_cross_entropy_correct_clear_strict_files,0.11255323985708342,0.02621851301398575,0.10392134446095805,0.8698601425250562,0.10659921164263993,0.16267714818740633,0.05459130827663077,0.26948760474860334,0.2561103351955307,0.23486600907821228,0.18322704202722617,81.68,Healthy,False,,False,1.0
4602_FV.png,FV,GT,0.9995170084862807,0.20514295070706587,0.2550748599246808,0.5397821893682533,0.7754540519395502,0.7138901102008923,0.06585663838610457,1.0,0.7312773873952514,0.40913058659217877,0.7393142036002334,26.07,Unreliable,False,,False,0.0
4602_FV.png,FV,fpn_resnet18_torch_cross_entropy_correct_files,0.9489905078196725,0.2465351240625381,0.21288534257580666,0.5405795333616552,0.7235487502095624,0.623865281991213,0.06343399990704732,0.9427374301675978,0.635729093924581,0.36311758030726254,0.6585158472300651,34.15,Unreliable,False,,False,0.0
4602_FV.png,FV,fpn_resnet50_torch_cross_entropy_all_files,1.0,0.14139676355769154,0.5103623633852516,0.34824087305705687,0.7317409648653612,0.6485451821426411,0.041218647057646704,1.0,0.6420778413058659,0.21807349860335196,0.670916980624747,32.91,Unreliable,False,,False,0.0
4602_FV.png,FV,unet_resnet18_torch_cross_entropy_all_files,0.9612329456095672,0.0655620613761887,0.4464432540176903,0.487994684606121,0.7731030408507038,0.714693585233638,0.01639574631600384,0.9831747555865922,0.7511953343226258,0.41800148393854747,0.7468171215543529,25.32,Unreliable,False,,False,0.0
4602_FV.png,FV,pan_resnet18_torch_cross_entropy_correct_clear_strict_files,0.9806124811393809,0.0028982557547880244,0.2696029145380905,0.7274988297071215,0.8888204628735201,0.8885780078201053,0.026840386794232608,0.976158781424581,0.9473869587988828,0.8963861731843575,0.9121743247276407,8.78,Unreliable,True,,False,0.0
4603_FV.png,FV,GT,0.9995170084862807,0.2052547713467598,0.2551746997815504,0.5395705288716898,0.7753452391406744,0.7137950249976452,0.06578022034623503,1.0,0.7312161749301678,0.40913058659217877,0.7392285492135631,26.08,Unreliable,False,,False,0.0
4603_FV.png,FV,fpn_resnet18_torch_cross_entropy_correct_files,0.9611451289707091,0.3193639217901224,0.15354585776699836,0.5270902204428792,0.7053080767357757,0.6094362211893748,0.08570127219489024,0.9586243016759777,0.6143401929120113,0.34361906424581007,0.6401593665423496,35.98,Unreliable,False,,False,0.0
4603_FV.png,FV,fpn_resnet50_torch_cross_entropy_all_files,0.9930145855453812,0.13044876433039088,0.497990127506311,0.3715611081632981,0.7380905469379936,0.652729125308582,0.04590837588525164,0.9861426326815642,0.6385472678072626,0.2279700593575419,0.6726648087968777,32.73,Unreliable,False,,False,0.0
4603_FV.png,FV,unet_resnet18_torch_cross_entropy_all_files,0.9539840812383743,0.14506640334066964,0.3878340042009423,0.46709959245838806,0.7354663462689903,0.6611139854785371,0.01792325106867163,0.9669496333798883,0.6861710020949721,0.35367929469273746,0.6934425003622471,30.66,Unreliable,False,,False,0.0
4603_FV.png,FV,pan_resnet18_torch_cross_entropy_correct_clear_strict_files,0.00572803985278738,0.19303135888501743,0.0,0.8069686411149826,0.004987226670711555,0.0015082281973222236,1.1056099196888132,0.003022433659217877,0.0009974031075418994,0.0,0.002347597703426893,99.77,Healthy,False,,False,1.0
4604_FV.png,FV,GT,0.9995170084862807,0.2052547713467598,0.2551746997815504,0.5395705288716898,0.7753452391406744,0.7137950249976452,0.06578022034623503,1.0,0.7312161749301678,0.40913058659217877,0.7392285492135631,26.08,Unreliable,False,,False,0.0
4604_FV.png,FV,fpn_resnet18_torch_cross_entropy_correct_files,0.9638834114369197,0.3328805585694526,0.14750242262106894,0.5196170188094784,0.7005689719864923,0.6094447816354249,0.0896770202114584,0.967069657821229,0.6089800104748604,0.34122948673184356,0.6365961302765193,36.34,Unreliable,False,,False,0.0
4604_FV.png,FV,fpn_resnet50_torch_cross_entropy_all_files,0.9999840333383895,0.13437357794649485,0.40070972944059907,0.4649166926129061,0.7737160409065871,0.6809494355099804,0.04114690827980645,0.9999563547486033,0.6672714079958102,0.32709933659217877,0.7033082061232943,29.67,Unreliable,False,,False,0.0
4604_FV.png,FV,unet_resnet18_torch_cross_entropy_all_files,0.9720942671701487,0.09455059109517885,0.41521202639499694,0.49023738250982424,0.773280590127813,0.7071401585390187,0.012793242904774604,0.9831747555865922,0.7346492012918995,0.3995613652234637,0.7379859051168093,26.2,Unreliable,False,,False,0.0
4604_FV.png,FV,pan_resnet18_torch_cross_entropy_correct_clear_strict_files,0.696745196030688,0.0,0.0020166141506731596,0.9979833858493269,0.6962674735153,0.7165094367681302,0.09756566831503498,0.8593204434357542,0.8593204434357542,0.8593204434357542,0.7675612504593308,23.24,Unreliable,True,,False,0.0
4605_FV.png,FV,GT,0.9995170084862807,0.2052547713467598,0.2551746997815504,0.5395705288716898,0.7753452391406744,0.7137950249976452,0.06578022034623503,1.0,0.7312161749301678,0.40913058659217877,0.7392285492135631,26.08,Unreliable,False,,False,0.0
4605_FV.png,FV,fpn_resnet18_torch_cross_entropy_correct_files,0.9566904303813637,0.23723672352214695,0.26805801261724355,0.4947052638606095,0.717433319229449,0.61646468993776,0.05961865686942391,0.9421591305865922,0.6248562980097766,0.32797224162011174,0.6501119219540734,34.99,Unreliable,False,,False,0.0
4605_FV.png,FV,fpn_resnet50_torch_cross_entropy_all_files,1.0,0.16878757155060234,0.45648286378042646,0.37472956466897117,0.7317081533757513,0.6472744774490804,0.0477325439651316,1.0,0.6431676632332403,0.2626025663407821,0.6709618545407456,32.9,Unreliable,False,,False,0.0
4605_FV.png,FV,unet_resnet18_torch_cross_entropy_all_files,0.9998882333687261,0.07532316143300838,0.42463292533952907,0.5000439132274626,0.8050682973950392,0.754993214541205,0.018845701468501678,1.0,0.7822443479399442,0.436354312150838,0.780916192756851,21.91,Unreliable,False,,False,0.0
4605_FV.png,FV,pan_resnet18_torch_cross_entropy_correct_clear_strict_files,0.0,0.0,0.0,0.0,0.0,0.0,,0.0,0.0,0.0,0.0,100.0,Healthy,False,,False,1.0
4606_FV.png,FV,GT,0.9995170084862807,0.2052547713467598,0.2551746997815504,0.5395705288716898,0.7753452391406744,0.7137950249976452,0.06578022034623503,1.0,0.7312161749301678,0.40913058659217877,0.7392285492135631,26.08,Unreliable,False,,False,0.0
4606_FV.png,FV,fpn_resnet18_torch_cross_entropy_correct_files,0.9558042806619778,0.2923324284819378,0.16995614950929214,0.5377114220087701,0.7133666105172402,0.6130928555486033,0.07711497502826785,0.9548162534916201,0.6161896604399442,0.3481690817039106,0.6444137039957307,35.56,Unreliable,False,,False,0.0
4606_FV.png,FV,fpn_resnet50_torch_cross_entropy_all_files,0.9971978508873472,0.17018653430469938,0.5493875590425106,0.28042590665279,0.6972240362123886,0.6141199161316807,0.04859481467728066,1.0,0.5951737081005587,0.11535439944134078,0.6314726689434442,36.85,Unreliable,False,,False,0.0
4606_FV.png,FV,unet_resnet18_torch_cross_entropy_all_files,0.966869177158094,0.11726019932128379,0.4022838553062893,0.480455945372427,0.7586627521734619,0.681524730269986,0.015312304635536334,0.9845386696927374,0.7094660003491622,0.3819505062849162,0.7158426448726992,28.42,Unreliable,False,,False,0.0
4606_FV.png,FV,pan_resnet18_torch_cross_entropy_correct_clear_strict_files,0.9728846169198713,0.0031223202819524965,0.4300596153925056,0.5668180643255419,0.8285939358619203,0.8219397392252743,0.02554682364620331,0.9662513093575419,0.871184095670391,0.6946905551675978,0.8436337407943149,15.64,Unreliable,True,,False,0.0
4607_FV.png,FV,GT,0.9995170084862807,0.2052547713467598,0.2551746997815504,0.5395705288716898,0.7753452391406744,0.7137950249976452,0.06578022034623503,1.0,0.7312161749301678,0.40913058659217877,0.7392285492135631,26.08,Unreliable,False,,False,0.0
4607_FV.png,FV,fpn_resnet18_torch_cross_entropy_correct_files,0.9631569283336393,0.2551472904199062,0.20900817267045738,0.5358445369096364,0.730061910730395,0.6349933226693989,0.06795646935963776,0.9628469797486033,0.6458139839385475,0.3637613477653631,0.6678421635953571,33.22,Unreliable,False,,False,0.0
4607_FV.png,FV,fpn_resnet50_torch_cross_entropy_all_files,1.0,0.12203319468948835,0.540479478848165,0.33748732646234664,0.7344747367496668,0.6502184748884136,0.059378197215513115,1.0,0.6232284392458101,0.18427025139664804,0.6646993391897481,33.53,Unreliable,False,,False,0.0
4607_FV.png,FV,unet_resnet18_torch_cross_entropy_all_files,1.0,0.03299111455281373,0.4291120141145289,0.5378968713326574,0.831997868450675,0.7931729842972693,0.026855618483644757,1.0,0.8133242405726258,0.45095364874301674,0.8128809520534337,18.71,Unreliable,False,,False,0.0
4607_FV.png,FV,pan_resnet18_torch_cross_entropy_correct_clear_strict_files,0.1169597879627338,0.0,0.0,1.0,0.1169597879627338,0.09380524845375618,0.6098402627211014,0.09409916201117319,0.09409916201117319,0.09409916201117319,0.10086917572941628,89.91,Healthy,False,,False,1.0
4608_FV.png,FV,GT,0.9995170084862807,0.2052547713467598,0.2551746997815504,0.5395705288716898,0.7753452391406744,0.7137950249976452,0.06578022034623503,1.0,0.7312161749301678,0.40913058659217877,0.7392285492135631,26.08,Unreliable,False,,False,0.0
4608_FV.png,FV,fpn_resnet18_torch_cross_entropy_correct_files,0.9641867780075203,0.07409646036017388,0.4068557234527013,0.5190478161871248,0.7829432145679821,0.6872518051262221,0.027124343873048535,0.9617776710893855,0.6942168950768157,0.3509842004189944,0.7187452639389875,28.13,Unreliable,False,,False,0.0
4608_FV.png,FV,fpn_resnet50_torch_cross_entropy_all_files,1.0,0.20459281021227677,0.4134487190745723,0.3819584707131509,0.72235025267242,0.6332042075320699,0.04166037954992314,1.0,0.6293126964036313,0.27743104050279327,0.6583914166227995,34.16,Unreliable,False,,False,0.0
4608_FV.png,FV,unet_resnet18_torch_cross_entropy_all_files,0.9793311565451338,0.09143488326594496,0.4556174188078779,0.4529476979261771,0.7676278730011736,0.7079330890517942,0.02065852649358624,1.0,0.7327726737081005,0.3642196229050279,0.7357773580991306,26.42,Unreliable,False,,False,0.0
4608_FV.png,FV,pan_resnet18_torch_cross_entropy_correct_clear_strict_files,0.9834824885638787,0.0026746866679654524,0.1886526722514449,0.8086726410805897,0.9186376046814252,0.9106693715935307,0.041689714320379205,0.9719361033519553,0.9505647695530727,0.9160265363128491,0.9290180007037159,7.1,Unreliable,True,,False,0.0
4609_FV.png,FV,GT,0.9995170084862807,0.2052547713467598,0.2551746997815504,0.5395705288716898,0.7753452391406744,0.7137950249976452,0.06578022034623503,1.0,0.7312161749301678,0.40913058659217877,0.7392285492135631,26.08,Unreliable,False,,False,0.0
4609_FV.png,FV,fpn_resnet18_torch_cross_entropy_correct_files,0.9493258077134942,0.21125860394320242,0.2636412181964201,0.5251001778603775,0.7298594534611732,0.6350336985914009,0.05762585943498762,0.9609047660614525,0.6499585370111732,0.33784697974860334,0.6694513604202414,33.05,Unreliable,False,,False,0.0
4609_FV.png,FV,fpn_resnet50_torch_cross_entropy_all_files,1.0,0.1682447050558434,0.4500642658129825,0.3816910291311741,0.7342541972361709,0.6418000320845385,0.04390137107061157,1.0,0.6279326335544693,0.22548228002793297,0.6639893222180004,33.6,Unreliable,False,,False,0.0
4609_FV.png,FV,unet_resnet18_torch_cross_entropy_all_files,0.9600394376541781,0.10657724594717082,0.34735625397590963,0.5460665000769196,0.7781043980169408,0.7000440062478566,0.017130781201899797,0.9842549755586593,0.7203177374301677,0.40634820181564246,0.7315716162515062,26.84,Unreliable,False,,False,0.0
4609_FV.png,FV,pan_resnet18_torch_cross_entropy_correct_clear_strict_files,0.6593752245311789,1.210741700365644e-05,0.0010654526963217667,0.9989224398866746,0.6591310144418454,0.7104498562511089,0.05007015329345801,0.8699153282122905,0.8698858676675978,0.8698498603351955,0.7588286082749254,24.12,Unreliable,True,,False,0.0
4703_MVL.png,MVL,GT,0.14533859972214144,0.0,0.3579903854169561,0.6420096145830438,0.1276484604697748,0.22924996427985825,0.31425830094851204,0.41385957792207795,0.37112672483766235,0.2881747159090909,0.25552021735995484,74.45,Degraded,False,,False,0.5
4703_MVL.png,MVL,fpn_resnet18_torch_cross_entropy_correct_files,0.1545709347032406,0.12423901967444413,0.21777754552817913,0.6579834347973768,0.13025932118509903,0.23939422008735356,0.29618795319606944,0.4506645698051948,0.3826265726461039,0.3043704342532468,0.26394669144017735,73.61,Degraded,False,,False,0.5
4703_MVL.png,MVL,fpn_resnet50_torch_cross_entropy_all_files,0.13625165584310683,0.007173133355070101,0.2582031597356019,0.734623706909328,0.12363542373428968,0.22421618019841366,0.3071731380088245,0.4019632711038961,0.36831219561688305,0.30596844561688313,0.2516803594265642,74.83,Degraded,False,,False,0.5
4703_MVL.png,MVL,unet_resnet18_torch_cross_entropy_all_files,0.17590707893121385,0.24065570759482047,0.18080172651299475,0.5785425658921848,0.1367304772059061,0.2591012582633156,0.2735780632149605,0.5207868303571429,0.41447303672889607,0.31742086038961037,0.28453873533232493,71.55,Degraded,False,,False,0.5
4703_MVL.png,MVL,pan_resnet18_torch_cross_entropy_correct_clear_strict_files,0.1593486478627508,0.05385746147607461,0.19601581508515814,0.7501267234387672,0.14297878097638203,0.2538283641521528,0.260142216131801,0.4491680194805195,0.4061428317775974,0.34614701704545453,0.2814992762495994,71.85,Degraded,False,,False,0.5
4704_MVL.png,MVL,GT,0.13880407741268458,0.0,0.32398382263085923,0.6760161773691408,0.12351418370973477,0.22496272000434694,0.3028815315931083,0.40589488636363635,0.3665168425324676,0.29007711038961037,0.25114980812721155,74.89,Degraded,False,,False,0.5
4704_MVL.png,MVL,fpn_resnet18_torch_cross_entropy_correct_files,0.154938451100126,0.0934209154415598,0.28792618079449483,0.6186529037639453,0.13007285709670124,0.23530182273863115,0.30480359939876805,0.44698660714285715,0.3804905641233767,0.28538453733766234,0.2618086295999504,73.82,Degraded,False,,False,0.5
4704_MVL.png,MVL,fpn_resnet50_torch_cross_entropy_all_files,0.15215986559400344,0.0726457161057437,0.23970166684361396,0.6876526170506423,0.13235303382766309,0.23590060293887738,0.2944330081060559,0.42564174107142855,0.3768804535308442,0.3023031655844156,0.26122827244229985,73.88,Degraded,False,,False,0.5
4704_MVL.png,MVL,unet_resnet18_torch_cross_entropy_all_files,0.16759959290491422,0.3304176004241066,0.09005036265934119,0.5795320369165522,0.12536501243901652,0.23669335724366877,0.2690567672334219,0.5020038555194806,0.3826601816152598,0.303127536525974,0.26168158355090954,73.83,Degraded,False,,False,0.5
4704_MVL.png,MVL,pan_resnet18_torch_cross_entropy_correct_clear_strict_files,0.16736535168492134,0.10629569749764725,0.19268357423807342,0.7010207282642793,0.1444813980162192,0.260145009249905,0.30054273038966717,0.4732903814935065,0.414830179586039,0.3472757711038961,0.2873199940142529,71.27,Degraded,False,,False,0.5
4705_MVL.png,MVL,GT,0.14520532454524895,0.0,0.3642710129610057,0.6357289870389943,0.12722133372104294,0.2284642931441438,0.3143068811891584,0.41349178165584416,0.3698188920454546,0.28504210633116883,0.25463324487773786,74.54,Degraded,False,,False,0.5
4705_MVL.png,MVL,fpn_resnet18_torch_cross_entropy_correct_files,0.14993053536234693,0.21743346622131235,0.12649498976403406,0.6560715440146536,0.12164033472262609,0.22685625217321,0.28942506135146256,0.443359375,0.3655131392045454,0.2981052150974026,0.250754231750569,74.92,Degraded,False,,False,0.5
4705_MVL.png,MVL,fpn_resnet50_torch_cross_entropy_all_files,0.14055280927918323,0.0,0.31656226653640596,0.683437733463594,0.12542494588220088,0.22833175341005485,0.3015674548762585,0.41132305194805197,0.36985795454545456,0.28936688311688313,0.25407019160585853,74.59,Degraded,False,,False,0.5
4705_MVL.png,MVL,unet_resnet18_torch_cross_entropy_all_files,0.16717957416561663,0.26568426138422513,0.11713975117767847,0.6171759874380964,0.13076184937481827,0.24803238328990568,0.2768248701976595,0.5002790178571429,0.3976894784902598,0.3186130275974026,0.2727140611955211,72.73,Degraded,False,,False,0.5
4705_MVL.png,MVL,pan_resnet18_torch_cross_entropy_correct_clear_strict_files,0.13614665115828245,0.03052416125300347,0.14891281777461363,0.8205630209723829,0.12646913669994508,0.22963920482780753,0.3060694195784314,0.4012910917207792,0.3744828023538961,0.33499898538961037,0.25662562339988426,74.34,Degraded,False,,False,0.5
4706_MVL.png,MVL,GT,0.1410980259119253,0.0,0.3531499556344277,0.6468500443655724,0.1241562469710187,0.22985000080759868,0.2896875278746482,0.4197443181818182,0.3734626116071429,0.2836216517857143,0.25558691897644237,74.44,Degraded,False,,False,0.5
4706_MVL.png,MVL,fpn_resnet18_torch_cross_entropy_correct_files,0.140758780007108,0.00045907095515450606,0.3466272630763492,0.6529136659684962,0.12412660334076446,0.22309999736416064,0.3188185839155314,0.410257711038961,0.3673069703733767,0.2841289569805195,0.2510907683608282,74.89,Degraded,False,,False,0.5
4706_MVL.png,MVL,fpn_resnet50_torch_cross_entropy_all_files,0.13800038770960552,0.053936201346210126,0.1565700907228563,0.7894937079309335,0.1256671432263901,0.22980643155455147,0.30188432117392827,0.4007711038961039,0.3690381493506494,0.3262479707792208,0.2542573321745422,74.57,Degraded,False,,False,0.5
4706_MVL.png,MVL,unet_resnet18_torch_cross_entropy_all_files,0.15299990307259861,0.25865800865800864,0.01765917009819449,0.7236828212437969,0.1255662579561242,0.23203732391392476,0.29135853376890797,0.4555981128246753,0.3781234780844156,0.33578530844155846,0.2585304657947809,74.15,Degraded,False,,False,0.5
4706_MVL.png,MVL,pan_resnet18_torch_cross_entropy_correct_clear_strict_files,0.14775774611482667,0.02577488656863281,0.22098616957306072,0.7532389438583065,0.13410426965203062,0.24317387044621203,0.29519266261736826,0.4377156047077922,0.3965900213068182,0.3283659699675325,0.2718194505522001,72.82,Degraded,False,,False,0.5
4707_MVL.png,MVL,GT,0.1471882976317405,0.0,0.3855398545753876,0.6144601454246125,0.12789433297793287,0.23382915215711392,0.30092588659491537,0.42890117694805197,0.3783893060064935,0.28033685064935066,0.2598727679431114,74.01,Degraded,False,,False,0.5
4707_MVL.png,MVL,fpn_resnet18_torch_cross_entropy_correct_files,0.1331944040580272,0.08062462098241359,0.23056397816858704,0.6888114008489994,0.1155580998998417,0.21272836773247025,0.28955291379994,0.39832335633116883,0.34896205357142857,0.28152901785714285,0.23807076171826502,76.19,Degraded,False,,False,0.5
4707_MVL.png,MVL,fpn_resnet50_torch_cross_entropy_all_files,0.14572630932764694,0.07175124019621429,0.26253360308178364,0.6657151567220021,0.1257130221963749,0.22842582538733103,0.301618642872479,0.4301440746753247,0.37545340401785715,0.29603794642857145,0.25642301588225463,74.36,Degraded,False,,False,0.5
4707_MVL.png,MVL,unet_resnet18_torch_cross_entropy_all_files,0.15751914316177185,0.27062020870189474,0.04456067481988565,0.6848191164782196,0.1265719605182385,0.23447841810159079,0.29679377655799744,0.46878804788961037,0.382741604099026,0.33094054383116883,0.2614117552255592,73.86,Degraded,False,,False,0.5
4707_MVL.png,MVL,pan_resnet18_torch_cross_entropy_correct_clear_strict_files,0.12724952344027657,0.06122254665481782,0.06664973974863526,0.872127713596547,0.11914627152596037,0.2143363422859358,0.315241909910249,0.37710531655844154,0.35306348924512987,0.3296469155844156,0.2412701798416208,75.87,Degraded,False,,False,0.5
4708_MVL.png,MVL,GT,0.1438281477173597,0.0,0.3679836014938365,0.6320163985061635,0.12583317178766437,0.23278619516536717,0.2899213396764061,0.4290914163961039,0.3792522321428572,0.28250558035714285,0.25928670294305234,74.07,Degraded,False,,False,0.5
4708_MVL.png,MVL,fpn_resnet18_torch_cross_entropy_correct_files,0.1337436593324933,0.0759149655755526,0.26081048435801424,0.6632745500664331,0.11508125747148719,0.21596358541594074,0.28471940080310987,0.39692826704545453,0.3483393364448052,0.2719916801948052,0.23864918744415045,76.14,Degraded,False,,False,0.5
4708_MVL.png,MVL,fpn_resnet50_torch_cross_entropy_all_files,0.1189339601305289,0.03871099188427451,0.1942680566402934,0.7670209514754321,0.10799352201867468,0.1998143836743177,0.2979156995396302,0.35545606737012986,0.3258980570211039,0.2787007913961039,0.22270159451633928,77.73,Degraded,False,,False,0.5
4708_MVL.png,MVL,unet_resnet18_torch_cross_entropy_all_files,0.1714039934089367,0.17994392215075045,0.21999952875756934,0.6000565490916803,0.13791812057768732,0.25726449388570066,0.28775525706434524,0.5059227881493507,0.41569602272727274,0.31834669237012986,0.2848331934299255,71.52,Degraded,False,,False,0.5
4708_MVL.png,MVL,pan_resnet18_torch_cross_entropy_correct_clear_strict_files,0.11622403153371458,0.01938981166168601,0.22784766140802,0.752762526930294,0.1057104778520888,0.19792302987281293,0.28851667203283765,0.35672433035714285,0.32551085633116883,0.27178875811688313,0.22129439484993807,77.87,Degraded,False,,False,0.5
4709_MVL.png,MVL,GT,0.14390084326839198,0.0,0.3850298897027869,0.614970110297213,0.1250627604923912,0.22967023232937303,0.29997941563858177,0.4276075487012987,0.37632381290584416,0.27677303165584416,0.2569494230088669,74.31,Degraded,False,,False,0.5
4709_MVL.png,MVL,fpn_resnet18_torch_cross_entropy_correct_files,0.13555297082485218,0.02046835895602431,0.3403944702657609,0.6391371707782147,0.11800592064876742,0.22190508819947824,0.28856918767632667,0.4036373782467532,0.35507343242694805,0.2669693587662338,0.2440026756252529,75.6,Degraded,False,,False,0.5
4709_MVL.png,MVL,fpn_resnet50_torch_cross_entropy_all_files,0.14302445801428063,0.010108996442085051,0.34890156435308073,0.6409894392048342,0.12508925398210075,0.22912637342738884,0.30167581313990405,0.4242973823051948,0.373614549512987,0.2795632102272727,0.2557105080280417,74.43,Degraded,False,,False,0.5
4709_MVL.png,MVL,unet_resnet18_torch_cross_entropy_all_files,0.16862944654453815,0.16609187143746706,0.21739234564353116,0.6165157829190018,0.1374001243901651,0.25624581412651326,0.29294014832851956,0.500202922077922,0.4163836749188312,0.3234958400974026,0.284647251522536,71.54,Degraded,False,,False,0.5
4709_MVL.png,MVL,pan_resnet18_torch_cross_entropy_correct_clear_strict_files,0.14978110561855837,0.4414215223663278,0.3476689945263839,0.21090948310728827,0.08777773739136054,0.16650695991532255,0.27566925695268346,0.45170454545454547,0.26901240361201295,0.09920353084415584,0.18389037063681013,81.61,Healthy,False,,False,1.0
4710_MVL.png,MVL,GT,0.1397329650092081,0.0,0.29564438278562966,0.7043556172143703,0.125687134502924,0.22822380260746564,0.3049883733868005,0.40557782061688313,0.3703695718344156,0.3020241477272727,0.25432110986688317,74.57,Degraded,False,,False,0.5
4710_MVL.png,MVL,fpn_resnet18_torch_cross_entropy_correct_files,0.1464249943459016,0.08379302736098852,0.24724183583406883,0.6689651368049426,0.12589568996155215,0.2355427084552876,0.28430768628919556,0.43426592938311687,0.3764744825487013,0.298536424512987,0.2590213125445324,74.1,Degraded,False,,False,0.5
4710_MVL.png,MVL,fpn_resnet50_torch_cross_entropy_all_files,0.12939808083745274,0.0,0.2608302122347066,0.7391697877652934,0.11792276501566994,0.2165866486984569,0.2986397880020782,0.3870992288961039,0.35621169845779216,0.29625355113636365,0.24283750349735492,75.72,Degraded,False,,False,0.5
4710_MVL.png,MVL,unet_resnet18_torch_cross_entropy_all_files,0.1571960518238506,0.1878837705212856,0.22721784035146314,0.5848983891272512,0.1252638444638299,0.23947178613874343,0.2779350823224776,0.47440645292207795,0.38436409293831175,0.28852982954545453,0.2631663263560967,73.68,Degraded,False,,False,0.5
4710_MVL.png,MVL,pan_resnet18_torch_cross_entropy_correct_clear_strict_files,0.14847258569997737,0.2575959524521938,0.607893806272611,0.13451024127519517,0.09216091564085167,0.1677370003453278,0.30038051337061356,0.4336191152597403,0.2709619774756493,0.06271560470779221,0.18635416578611358,81.36,Healthy,False,,False,1.0
4716_RV.png,RV,GT,0.08746992189343021,0.0,0.4530476143774825,0.5469523856225176,0.0739963884826051,0.13644203466427363,0.08570570733555025,0.2225144029329609,0.18823913233240225,0.12170478351955308,0.13842717987702452,86.16,Healthy,False,,False,1.0
4716_RV.png,RV,fpn_resnet18_torch_cross_entropy_correct_files,0.09479589779663125,0.0036197457128636715,0.3292158725849509,0.6671643817021854,0.08395516914511696,0.14973484917929258,0.15083369296220728,0.2411509252793296,0.21357323673184359,0.16088730796089384,0.15553630019006032,84.45,Healthy,False,,False,1.0
4716_RV.png,RV,fpn_resnet50_torch_cross_entropy_all_files,0.08729406415804893,0.014298349056603774,0.20302672955974843,0.7826749213836478,0.08043196664707927,0.14472315330124136,0.10861148872331834,0.22206703910614525,0.20461057524441342,0.17380630237430167,0.14939076608226154,85.06,Healthy,False,,False,1.0
4716_RV.png,RV,unet_resnet18_torch_cross_entropy_all_files,0.11281488185362631,0.29412211999087523,0.014675690061592275,0.6912021899475325,0.09002045954628704,0.16089748182098154,0.11846895983301274,0.28660745460893855,0.22887668034217878,0.19836766759776536,0.16682605454705207,83.32,Healthy,False,,False,1.0
4716_RV.png,RV,pan_resnet18_torch_cross_entropy_correct_clear_strict_files,0.09245398746691945,0.015170494084899096,0.2114590582231501,0.7733704476919508,0.08486718451765655,0.15254047612112862,0.1276087364193892,0.23519334846368714,0.21589330918296093,0.18189158519553073,0.15757962186481994,84.24,Healthy,False,,False,1.0
4717_RV.png,RV,GT,0.0872125691099454,0.0,0.44907293562189543,0.5509270643781046,0.073896535602613,0.1363074009556479,0.0850518774778939,0.22185972416201116,0.18798511696927378,0.12222852653631285,0.13825522775518778,86.17,Healthy,False,,False,1.0
4717_RV.png,RV,fpn_resnet18_torch_cross_entropy_correct_files,0.10469540153468043,0.02818632471629317,0.3526977754107092,0.6191158998729976,0.09016346190964346,0.16320963739258154,0.12507246273619507,0.2663342353351955,0.22936648917597768,0.1648917597765363,0.16775852546105857,83.22,Healthy,False,,False,1.0
4717_RV.png,RV,fpn_resnet50_torch_cross_entropy_all_files,0.08550117309977139,0.08192033711247115,0.16273703220628072,0.7553426306812481,0.07607747176625505,0.13678752987807005,0.11165607190906808,0.21750611033519554,0.19353319221368714,0.1642916375698324,0.1412727773787724,85.87,Healthy,False,,False,1.0
4717_RV.png,RV,unet_resnet18_torch_cross_entropy_all_files,0.11175115701522241,0.35100176556382895,0.05596069701389422,0.5930375374222768,0.08334425652925458,0.15311747984221186,0.07970667866927388,0.28428334497206703,0.21201913844273745,0.16859069483240224,0.15574617628853493,84.43,Healthy,False,,False,1.0
4717_RV.png,RV,pan_resnet18_torch_cross_entropy_correct_clear_strict_files,0.09012494477638187,0.012897391966495336,0.2293927279649724,0.7577098800685322,0.08231699000184435,0.15156328167704597,0.10038102007542302,0.2292357716480447,0.20937314507681562,0.1736862779329609,0.15391333953439335,84.61,Healthy,False,,False,1.0
4718_RV.png,RV,GT,0.08614455505848342,0.0,0.4422425811591316,0.5577574188408684,0.0731916463286481,0.13482120171081133,0.08802706566692294,0.21914280726256982,0.1861919518156425,0.12222852653631285,0.13688063513809484,86.31,Healthy,False,,False,1.0
4718_RV.png,RV,fpn_resnet18_torch_cross_entropy_correct_files,0.1028124370021832,0.004171881518564873,0.35765540258656653,0.6381727158948686,0.0900227757213384,0.16124534123498374,0.14525447315616918,0.2615441689944134,0.22900859811452515,0.16691035265363127,0.1669838743327067,83.3,Healthy,False,,False,1.0
4718_RV.png,RV,fpn_resnet50_torch_cross_entropy_all_files,0.08731122101028124,0.02701906071919827,0.20495185694635487,0.7680290823344469,0.07964648305975303,0.14260232234760256,0.115248284097574,0.2221106843575419,0.20261238652234637,0.17058746508379888,0.14771959623114522,85.23,Healthy,False,,False,1.0
4718_RV.png,RV,unet_resnet18_torch_cross_entropy_all_files,0.10812677198114462,0.2709746519100321,0.0014677297790471656,0.7275576183109207,0.0884420720330441,0.15857792058321657,0.12115397731534097,0.27506328561452514,0.2249874519902235,0.20012438896648044,0.16410097858096762,83.59,Healthy,False,,False,1.0
4718_RV.png,RV,pan_resnet18_torch_cross_entropy_correct_clear_strict_files,0.09433695199941666,0.38078566881876874,0.03391834136582705,0.5852959898154042,0.06918118922721249,0.12229521699315109,0.14993012160384014,0.23978701117318435,0.17592495199022348,0.14046133030726257,0.12781290266219847,87.22,Healthy,False,,False,1.0
4719_RV.png,RV,GT,0.08460472757063262,0.0,0.4250443599493029,0.5749556400506971,0.07237806839579143,0.13311856972024275,0.10008668842893459,0.21522564594972068,0.18412229399441343,0.12374519902234637,0.13529790903257563,86.47,Healthy,False,,False,1.0
4719_RV.png,RV,fpn_resnet18_torch_cross_entropy_correct_files,0.10543314618067023,0.008461820104959114,0.32256620967413857,0.6689719702209023,0.09327228353413998,0.16392672786929546,0.15879386225054487,0.26607236382681565,0.23586352129888266,0.1794256284916201,0.1715051119405837,82.85,Healthy,False,,False,1.0
4719_RV.png,RV,fpn_resnet50_torch_cross_entropy_all_files,0.08565558476986228,0.031947921882824235,0.1814722083124687,0.7865798698047071,0.07853712099441114,0.1417673829830892,0.11418276841840692,0.21789891759776536,0.19979028456703907,0.17139490223463688,0.14600746502006573,85.4,Healthy,False,,False,1.0
4719_RV.png,RV,unet_resnet18_torch_cross_entropy_all_files,0.12303607657103151,0.3199930277148335,0.0777758410318982,0.6022311312532682,0.09340417683567595,0.1673292726053049,0.12451840043737165,0.3121399266759777,0.23732967440642458,0.18849292946927373,0.1731519045948641,82.68,Healthy,False,,False,1.0
4719_RV.png,RV,pan_resnet18_torch_cross_entropy_correct_clear_strict_files,0.10533449428033438,0.1556315660884437,0.1458587832885414,0.698509650623015,0.08912718803481125,0.15627013176407986,0.15277529341890358,0.2630935754189944,0.22429851169692738,0.18704172486033518,0.1633386006184383,83.67,Healthy,False,,False,1.0
4720_RV.png,RV,GT,0.09507040743234839,0.0,0.4859914279269118,0.5140085720730883,0.07936125039139069,0.14317598562509065,0.10098044196368514,0.24184924930167598,0.2018867842178771,0.12431258729050279,0.14751588449209524,85.25,Healthy,False,,False,1.0
4720_RV.png,RV,fpn_resnet18_torch_cross_entropy_correct_files,0.09809001342523688,0.00030609121518212427,0.3239319602955967,0.6757619484892212,0.08726657030234664,0.1532046457059604,0.16810168104249695,0.24766497905027932,0.22076564682262573,0.1686234287709497,0.1604476235315424,83.96,Healthy,False,,False,1.0
4720_RV.png,RV,fpn_resnet50_torch_cross_entropy_all_files,0.08622605010658695,0.09724916679102621,0.11058051037158632,0.7921703228373874,0.07736595136890236,0.13773852556670915,0.1329850525459374,0.2193501222067039,0.19681095059357545,0.17376265712290503,0.14325572331811365,85.67,Healthy,False,,False,1.0
4720_RV.png,RV,unet_resnet18_torch_cross_entropy_all_files,0.11122358380907856,0.3037291272993714,0.07381126836604836,0.6224596043345803,0.0857985013489575,0.14994372117667792,0.1733322715795634,0.2775183310055866,0.2164729181215084,0.17611950069832402,0.157311834006294,84.27,Healthy,False,,False,1.0
4720_RV.png,RV,pan_resnet18_torch_cross_entropy_correct_clear_strict_files,0.10406059800208456,0.13989530522237337,0.21054367091216356,0.6495610238654631,0.08685785119004218,0.14973821574013746,0.13862099950746623,0.25648131983240224,0.21470648568435752,0.16907079259776536,0.15686141435279688,84.31,Healthy,False,,False,1.0
4721_RV.png,RV,GT,0.08925423452559159,0.0,0.42327838915853716,0.5767216108414628,0.07640924239629755,0.13921274097085493,0.09997969304220188,0.22705350907821228,0.1943771822625698,0.1309466655027933,0.14243746791517367,85.76,Healthy,False,,False,1.0
4721_RV.png,RV,fpn_resnet18_torch_cross_entropy_correct_files,0.09765251369331268,0.002547546888039707,0.37993587209557694,0.6175165810163834,0.08487125927006171,0.14712036274818974,0.14109127771286087,0.24576641061452514,0.214153718575419,0.15340214734636873,0.15525897403564304,84.47,Healthy,False,,False,1.0
4721_RV.png,RV,fpn_resnet50_torch_cross_entropy_all_files,0.08902690623351334,0.0,0.3118134515320871,0.6881865484679129,0.07958857868346894,0.1417610240289096,0.11308377567122777,0.2264752094972067,0.2024650837988827,0.15585719273743018,0.14739091433326665,85.26,Healthy,False,,False,1.0
4721_RV.png,RV,unet_resnet18_torch_cross_entropy_all_files,0.10390189711893559,0.375,0.1004788639365918,0.5245211360634082,0.07424696430945814,0.13350218850038076,0.0831835848759013,0.2643156424581006,0.18887657122905027,0.1386391410614525,0.13787537433457178,86.21,Healthy,False,,False,1.0
4721_RV.png,RV,pan_resnet18_torch_cross_entropy_correct_clear_strict_files,0.08562127106539763,0.026800921751327523,0.1638112413585813,0.8093878368900912,0.07931505556675517,0.1372934246305617,0.1571663880722035,0.215585719273743,0.20030311627094974,0.17622861382681565,0.14510379056757497,85.49,Healthy,False,,False,1.0
4722_RV.png,RV,GT,0.09084124335708127,0.0,0.46616931866471506,0.533830681335285,0.07644312717945638,0.13916859434504955,0.10716040955450193,0.23109069483240224,0.19446338163407823,0.1233633030726257,0.14246886911098305,85.75,Healthy,False,,False,1.0
4722_RV.png,RV,fpn_resnet18_torch_cross_entropy_correct_files,0.08635901571138743,0.08801033078374888,0.31707559352339326,0.5949140756928578,0.07195669610496562,0.12617535197078333,0.2030553132054825,0.21968837290502793,0.18305036662011173,0.13069570530726257,0.13265976107076938,86.73,Healthy,False,,False,1.0
4722_RV.png,RV,fpn_resnet50_torch_cross_entropy_all_files,0.09945827239076446,0.08111954459203036,0.2303346558564775,0.6885457995514922,0.08626375228936747,0.14785548455310912,0.14325134898560404,0.24298402583798884,0.20941853613826816,0.1641825244413408,0.15400318550805026,84.6,Healthy,False,,False,1.0
4722_RV.png,RV,unet_resnet18_torch_cross_entropy_all_files,0.10680569435925591,0.3585398176780049,0.021926830247781214,0.6195333520742139,0.08035240174485186,0.14404553434175002,0.13415172621180338,0.27170260125698326,0.20440817039106143,0.16832882332402235,0.14908264898240514,85.09,Healthy,False,,False,1.0
4722_RV.png,RV,pan_resnet18_torch_cross_entropy_correct_clear_strict_files,0.1019674620297414,0.017793294914398686,0.13452235729609222,0.8476843477895091,0.09608810901463907,0.16813324605397226,0.12415627594892556,0.2584780900837989,0.24368114961592177,0.2194374127094972,0.1767388663669521,82.33,Healthy,False,,False,1.0
4723_RV.png,RV,GT,0.08853364673183411,0.0,0.4664502688823216,0.5335497311176784,0.07449282200194732,0.13691484484217656,0.12123395861334206,0.22522040851955308,0.18950200768156428,0.12016628840782123,0.1392231031258629,86.08,Healthy,False,,False,1.0
4723_RV.png,RV,fpn_resnet18_torch_cross_entropy_correct_files,0.09321746739125773,0.21179772695900245,0.1006763907421893,0.6875258822988083,0.07679866004984066,0.14003417893859205,0.131159813264565,0.23713556215083798,0.19536782035614528,0.16303683659217877,0.14319697983898794,85.68,Healthy,False,,False,1.0
4723_RV.png,RV,fpn_resnet50_torch_cross_entropy_all_files,0.07237189192898778,0.009423339062407396,0.2803295205357672,0.7102471404018253,0.06501704962190587,0.11513382300275313,0.19534052017753858,0.18410658170391062,0.16539662622206705,0.13076117318435754,0.12020391227622453,87.98,Healthy,False,,False,1.0
4723_RV.png,RV,unet_resnet18_torch_cross_entropy_all_files,0.10513290126660461,0.36151115825547714,0.16869976745134838,0.4697890742931745,0.07363819630012483,0.13405763257919134,0.1357569155946398,0.26744718924581007,0.18732792859636874,0.12564376745810055,0.13723992010234234,86.28,Healthy,False,,False,1.0
4723_RV.png,RV,pan_resnet18_torch_cross_entropy_correct_clear_strict_files,0.047219946556405296,0.1319829230629485,0.10427831774003088,0.7637387591970206,0.04137018911140373,0.07953700958072425,0.0966576518852852,0.12012264315642458,0.10524146735335195,0.09174231843575419,0.07836874654897917,92.16,Healthy,False,,False,1.0
4724_RV.png,RV,GT,0.08678364780413737,0.0,0.4090347452182079,0.5909652547817921,0.0747144885327889,0.13861771503239972,0.09633301928149685,0.22076859287709497,0.190065904329609,0.13046656773743018,0.1400260228014002,86.0,Healthy,False,,False,1.0
4724_RV.png,RV,fpn_resnet18_torch_cross_entropy_correct_files,0.11680384999764093,0.21162602820211515,0.10972385428907168,0.6786501175088132,0.0958848003156861,0.17106235889047333,0.09330974374378477,0.29713687150837986,0.2439209802723464,0.20165197276536312,0.17765253987078639,82.23,Healthy,False,,False,1.0
4724_RV.png,RV,fpn_resnet50_torch_cross_entropy_all_files,0.09597543138760331,0.013362531283518055,0.26912763675366463,0.7175098319628173,0.08633409538352,0.15488368962125326,0.10630755424512212,0.24394422136871508,0.21948815031424582,0.1751811277932961,0.1601605956271303,83.98,Healthy,False,,False,1.0
4724_RV.png,RV,unet_resnet18_torch_cross_entropy_all_files,0.12079710735471363,0.2812910556403792,0.09299435429464191,0.6257145900649789,0.09421170697812074,0.1710059089864403,0.07639729280955895,0.3072298358938548,0.2396432000698324,0.19227915502793297,0.17542256481730129,82.46,Healthy,False,,False,1.0
4724_RV.png,RV,pan_resnet18_torch_cross_entropy_correct_clear_strict_files,0.0916390369858842,0.0,0.26374912239644277,0.7362508776035572,0.08342133368790827,0.15101772570574856,0.0717720379128561,0.23312019902234637,0.21221521473463686,0.17163495111731844,0.15521780371195182,84.48,Healthy,False,,False,1.0
4725_RV.png,RV,GT,0.08728977494499084,0.0,0.44956021817109726,0.5504397818289027,0.07394749145374299,0.13638543530120625,0.08520089889060979,0.2220561277932961,0.18811474336592182,0.12222852653631285,0.1383457753728535,86.17,Healthy,False,,False,1.0
4725_RV.png,RV,fpn_resnet18_torch_cross_entropy_correct_files,0.09987432605739825,0.030448786772600385,0.2789778827571398,0.6905733304702598,0.08836349364982007,0.15716751555833847,0.14593094594144673,0.25406991969273746,0.22478755673882683,0.17545391061452514,0.1635743254579783,83.64,Healthy,False,,False,1.0
4725_RV.png,RV,fpn_resnet50_torch_cross_entropy_all_files,0.08198830760520368,0.051687156683233065,0.19937222076902955,0.7489406225477374,0.0735913152014,0.13477041054287917,0.08674703830437386,0.20856974511173185,0.18720866794692737,0.15620635474860337,0.1373919849020547,86.26,Healthy,False,,False,1.0
4725_RV.png,RV,unet_resnet18_torch_cross_entropy_all_files,0.10987248169578327,0.29961742660836976,0.026897251717676453,0.6734853216739538,0.0868114847968843,0.15742981678948317,0.1040335725237678,0.27950418994413406,0.22083940729748602,0.188241969273743,0.16160815339490467,83.84,Healthy,False,,False,1.0
4725_RV.png,RV,pan_resnet18_torch_cross_entropy_correct_clear_strict_files,0.08773156388997311,0.4878263420357876,0.004889019262735895,0.5072846387014764,0.05891122615733692,0.10649824354480171,0.10319640294597648,0.22217615223463688,0.1495327775837989,0.11321578212290503,0.10943595194416114,89.06,Healthy,False,,False,1.0
4741_MVR.png,MVR,GT,0.8750749166926378,0.2954769601665662,0.0,0.7045230398334338,0.7018367175700622,0.5470286040425935,0.0547402630559895,0.795796976461039,0.46139179180194806,0.29668476055194803,0.5592163132045759,44.08,Unreliable,False,,False,0.0
4741_MVR.png,MVR,fpn_resnet18_torch_cross_entropy_correct_files,0.8699046660113954,0.16459364866478657,0.07045811554396053,0.7649482357912529,0.753134314642118,0.6005991754190385,0.04264706228952123,0.7304307021103896,0.5202905590503247,0.3322088068181818,0.6142362706384769,38.58,Unreliable,False,,False,0.0
4741_MVR.png,MVR,fpn_resnet50_torch_cross_entropy_all_files,0.6578404813847002,0.06899777093468899,0.09708885285132074,0.8339133762139903,0.6057140459808692,0.4560359358325056,0.08055457932605432,0.48502181412337664,0.39792119013798705,0.28904981737012986,0.4776934705992072,52.23,Degraded,False,,False,0.5
4741_MVR.png,MVR,unet_resnet18_torch_cross_entropy_all_files,0.8761457259527405,0.16623039036847867,0.21063480481576066,0.6231348048157607,0.7158196485508116,0.58699192721819,0.016765373277565034,0.762302150974026,0.5261273589691557,0.30525821834415584,0.6012944163183629,39.87,Unreliable,False,,False,0.0
4741_MVR.png,MVR,pan_resnet18_torch_cross_entropy_correct_clear_strict_files,0.8658731490582472,0.048078298547822196,0.21826043219247931,0.7336612692596984,0.7737260566250329,0.6774365217079172,0.07912908726665555,0.816900872564935,0.6172020850243508,0.31019176136363635,0.6822296075096254,31.78,Unreliable,False,,False,0.0
4742_MVR.png,MVR,GT,0.8758100991697233,0.2949597620394533,0.0,0.7050402379605467,0.7027298444130128,0.5474897015361077,0.05569748885994853,0.795796976461039,0.4618166599025974,0.29731889204545453,0.5597925277457751,44.02,Unreliable,False,,False,0.0
4742_MVR.png,MVR,fpn_resnet18_torch_cross_entropy_correct_files,0.8865341739985136,0.16102848386515234,0.1013701099693528,0.7376014061654949,0.760331671181646,0.630634645366522,0.052608724511717726,0.7853338068181818,0.5500395698051949,0.3422661323051948,0.6373057228865284,36.27,Unreliable,False,,False,0.0
4742_MVR.png,MVR,fpn_resnet50_torch_cross_entropy_all_files,0.7631833401257802,0.13059662422516335,0.09899585357681354,0.7704075221980231,0.6707173223375605,0.5200153635012911,0.034342991132481626,0.6410562094155844,0.45532125101461035,0.286031351461039,0.5393483061574996,46.07,Unreliable,False,,False,0.0
4742_MVR.png,MVR,unet_resnet18_torch_cross_entropy_all_files,0.9154580106921104,0.07945652695760719,0.4353807410123124,0.4851627320300804,0.7312080566410151,0.6602348206792161,0.0393881460331658,0.8943029626623377,0.6092645342938312,0.24551034902597402,0.6611386769136018,33.89,Unreliable,False,,False,0.0
4742_MVR.png,MVR,pan_resnet18_torch_cross_entropy_correct_clear_strict_files,0.8602154404302416,0.010436939426734728,0.24518679195329157,0.7443762686199737,0.7824895915741695,0.6742646801379062,0.07376596171507131,0.772955560064935,0.6110790381493506,0.3093547077922078,0.6814578967733629,31.85,Unreliable,False,,False,0.0
4743_MVR.png,MVR,GT,0.8758100991697233,0.2949597620394533,0.0,0.7050402379605467,0.7027298444130128,0.5474897015361077,0.05569748885994853,0.795796976461039,0.4618166599025974,0.29731889204545453,0.5597925277457751,44.02,Unreliable,False,,False,0.0
4743_MVR.png,MVR,fpn_resnet18_torch_cross_entropy_correct_files,0.8830820128017645,0.23644894487276938,0.04667082926122996,0.7168802258660006,0.7291706422458226,0.5776440131336225,0.05350875088798065,0.7627840909090909,0.4845814732142857,0.31752232142857145,0.5858769858995478,41.41,Unreliable,False,,False,0.0
4743_MVR.png,MVR,fpn_resnet50_torch_cross_entropy_all_files,0.7161156793645467,0.16189434686544513,0.01765349164193095,0.8204521614926239,0.634140915302184,0.46693496352071695,0.057486780560074814,0.5484983766233766,0.40562753652597405,0.33061079545454547,0.4925737782572599,50.74,Degraded,False,,False,0.5
4743_MVR.png,MVR,unet_resnet18_torch_cross_entropy_all_files,0.8775002197556317,0.14267435877588006,0.2487808431875202,0.6085447980365998,0.7193945932123479,0.5823717647672891,0.008863335294336075,0.7159090909090909,0.49928127536525974,0.29545454545454547,0.590242417539995,40.98,Unreliable,False,,False,0.0
4743_MVR.png,MVR,pan_resnet18_torch_cross_entropy_correct_clear_strict_files,0.7848112898456916,0.0252569735415256,0.1809327923185403,0.7938102341399341,0.7232512246382024,0.572542563437642,0.05486261465992612,0.6253424310064936,0.5043109527191559,0.3074903612012987,0.5904625175104157,40.95,Unreliable,False,,False,0.0
4744_MVR.png,MVR,GT,0.8758100991697233,0.2949597620394533,0.0,0.7050402379605467,0.7027298444130128,0.5474897015361077,0.05569748885994853,0.795796976461039,0.4618166599025974,0.29731889204545453,0.5597925277457751,44.02,Unreliable,False,,False,0.0
4744_MVR.png,MVR,fpn_resnet18_torch_cross_entropy_correct_files,0.8490758276796203,0.0677254652831698,0.22630055763393803,0.7059739770828921,0.7452183571868083,0.5826337448474739,0.03993057780171921,0.6477145900974026,0.48719231939935065,0.31660917207792205,0.593232558370025,40.68,Unreliable,False,,False,0.0
4744_MVR.png,MVR,fpn_resnet50_torch_cross_entropy_all_files,0.7689689065758876,0.14630357068628674,0.057748264538387994,0.7959481647753253,0.6784937149889323,0.5215631619576314,0.028954509119276967,0.6130402800324676,0.44913162033279225,0.33043323863636365,0.539669711217086,46.03,Unreliable,False,,False,0.0
4744_MVR.png,MVR,unet_resnet18_torch_cross_entropy_all_files,0.8654136600100688,0.10979066825489164,0.28230237218020815,0.6079069595649003,0.7186892175900398,0.5939945961146215,0.023298510723577408,0.7198914366883117,0.5214626877029221,0.34186028814935066,0.6023902191925672,39.76,Unreliable,False,,False,0.0
4744_MVR.png,MVR,pan_resnet18_torch_cross_entropy_correct_clear_strict_files,0.8305843901581441,0.129980709746629,0.46408693602466844,0.40593235422870255,0.6271936806271428,0.5246078897741873,0.04382246073256886,0.7110009131493507,0.46565569196428575,0.1044921875,0.5318027479061133,46.82,Unreliable,False,,False,0.0
4745_MVR.png,MVR,GT,0.8758100991697233,0.2949597620394533,0.0,0.7050402379605467,0.7027298444130128,0.5474897015361077,0.05569748885994853,0.795796976461039,0.4618166599025974,0.29731889204545453,0.5597925277457751,44.02,Unreliable,False,,False,0.0
4745_MVR.png,MVR,fpn_resnet18_torch_cross_entropy_correct_files,0.8444289949576071,0.15768753962771243,0.057229514247049806,0.7850829461252378,0.738783592644979,0.5884424686058923,0.04190086694679454,0.6959212662337663,0.508276176948052,0.3779804180194805,0.6014782891544822,39.85,Unreliable,False,,False,0.0
4745_MVR.png,MVR,fpn_resnet50_torch_cross_entropy_all_files,0.6173694851325326,0.08518321964352744,0.09463867351825725,0.8201781068382153,0.5622693165200296,0.42556433250352577,0.1418287914025258,0.45760196834415584,0.371540432224026,0.2939706777597403,0.444966267596677,55.5,Degraded,False,,False,0.5
4745_MVR.png,MVR,unet_resnet18_torch_cross_entropy_all_files,0.8508938060876305,0.13437734785875283,0.2383780991735537,0.6272445529676934,0.7053217222448638,0.5474049598013779,0.017643749763609287,0.6681843547077922,0.4615422077922077,0.2790812702922078,0.5604348877307556,43.96,Unreliable,False,,False,0.0
4745_MVR.png,MVR,pan_resnet18_torch_cross_entropy_correct_clear_strict_files,0.0,0.0,0.0,0.0,0.0,0.0,,0.0,0.0,0.0,0.0,100.0,Healthy,False,,False,1.0
4746_MVR.png,MVR,GT,0.8758100991697233,0.2949597620394533,0.0,0.7050402379605467,0.7027298444130128,0.5474897015361077,0.05569748885994853,0.795796976461039,0.4618166599025974,0.29731889204545453,0.5597925277457751,44.02,Unreliable,False,,False,0.0
4746_MVR.png,MVR,fpn_resnet18_torch_cross_entropy_correct_files,0.8123886238502784,0.1529192467158167,0.037280583111600755,0.8098001701725825,0.718857270714965,0.5367969616037285,0.044574816922529494,0.5788605925324676,0.44197392451298706,0.35587459415584416,0.5534858395008029,44.65,Unreliable,False,,False,0.0
4746_MVR.png,MVR,fpn_resnet50_torch_cross_entropy_all_files,0.6698790944469749,0.1404960156510951,0.038513384549315265,0.8209905997995897,0.5980500483462391,0.4441611174098293,0.09173576472660343,0.5232853084415584,0.39554116781655846,0.3101156655844156,0.47087981685344393,52.91,Degraded,False,,False,0.5
4746_MVR.png,MVR,unet_resnet18_torch_cross_entropy_all_files,0.7894621181246454,0.19190728041096236,0.13273780904420882,0.6753549105448288,0.6523256538728934,0.5152224290050677,0.04420203720604846,0.6311764407467533,0.45915470271915587,0.31111759334415584,0.5339263059510506,46.61,Unreliable,False,,False,0.0
4746_MVR.png,MVR,pan_resnet18_torch_cross_entropy_correct_clear_strict_files,0.4603800573761977,0.006474401812138202,0.023441500394886437,0.9700840977929753,0.45471371834520014,0.3841167516031193,0.21466407572588475,0.4055397727272727,0.3955405336850649,0.3812018060064935,0.4098653544585218,59.01,Degraded,False,,False,0.5
4747_MVR.png,MVR,GT,0.8758100991697233,0.2949597620394533,0.0,0.7050402379605467,0.7027298444130128,0.5474897015361077,0.05569748885994853,0.795796976461039,0.4618166599025974,0.29731889204545453,0.5597925277457751,44.02,Unreliable,False,,False,0.0
4747_MVR.png,MVR,fpn_resnet18_torch_cross_entropy_correct_files,0.8247348947969858,0.20013274357719718,0.029344082010338494,0.7705231744124643,0.7059186984073711,0.5326649041821675,0.04107188525023121,0.6312779017857143,0.44217925629058435,0.3324624594155844,0.5484467832930953,45.16,Unreliable,False,,False,0.0
4747_MVR.png,MVR,fpn_resnet50_torch_cross_entropy_all_files,0.582739993127642,0.06195533675701249,0.1457417704855088,0.7923028927574788,0.5296743621093344,0.4043518945171915,0.17797540496072786,0.44952313311688313,0.35783926034902597,0.2493278206168831,0.4233435811275681,57.67,Degraded,False,,False,0.5
4747_MVR.png,MVR,unet_resnet18_torch_cross_entropy_all_files,0.8410407626719089,0.18138759299552482,0.17373891892405485,0.6448734880804203,0.6891480273935385,0.5684223077845657,0.029528773555712772,0.7200563108766234,0.5144269987824676,0.3405793425324675,0.5830419000664183,41.7,Unreliable,False,,False,0.0
4747_MVR.png,MVR,pan_resnet18_torch_cross_entropy_correct_clear_strict_files,0.7799846570613478,0.08272502343593921,0.6458330131702295,0.27144196339383136,0.5654818641670463,0.466545050406543,0.01958552134438236,0.688679484577922,0.4313345931412337,0.007203733766233766,0.48214191162857023,51.79,Degraded,False,,False,0.5
4748_MVR.png,MVR,GT,0.8758100991697233,0.2949597620394533,0.0,0.7050402379605467,0.7027298444130128,0.5474897015361077,0.05569748885994853,0.795796976461039,0.4618166599025974,0.29731889204545453,0.5597925277457751,44.02,Unreliable,False,,False,0.0
4748_MVR.png,MVR,fpn_resnet18_torch_cross_entropy_correct_files,0.7931060660545474,0.16140798097704248,0.022710670690237134,0.8158813483327204,0.7012128513093441,0.5319823758237856,0.043685893703636985,0.5778840300324676,0.44898424817370125,0.3634080762987013,0.5495522674094194,45.04,Unreliable,False,,False,0.0
4748_MVR.png,MVR,fpn_resnet50_torch_cross_entropy_all_files,0.652478443970305,0.086827392361345,0.07794195993900833,0.8352306476996466,0.5972300801508722,0.45483003835673846,0.1165000704999023,0.502726765422078,0.40631493506493505,0.3164823457792208,0.4781440095782572,52.19,Degraded,False,,False,0.5
4748_MVR.png,MVR,unet_resnet18_torch_cross_entropy_all_files,0.8222416672660002,0.17296842882758554,0.23817599580152488,0.5888555753708896,0.6603680307498061,0.5146794302501826,0.03057130984306817,0.6210683847402597,0.44000164874188313,0.2745789366883117,0.5285148977967499,47.15,Unreliable,False,,False,0.0
4748_MVR.png,MVR,pan_resnet18_torch_cross_entropy_correct_clear_strict_files,0.8137431176531696,0.017804008602488437,0.18064734707505573,0.8015486443224559,0.754056049672764,0.6470447426463136,0.04885259862294519,0.757520799512987,0.6098410866477273,0.3533887987012987,0.6642666723548142,33.57,Unreliable,False,,False,0.0
4757_FV.png,FV,GT,1.0,0.06899593648462012,0.27432720479638517,0.6566768587189947,0.8605014729245335,0.8983979291512678,0.06801111665308272,1.0,0.9183492274790502,0.8267501745810056,0.8950095116143605,10.5,Unreliable,True,,False,0.0
4757_FV.png,FV,fpn_resnet18_torch_cross_entropy_correct_files,0.9974972257925452,0.2202405010104244,0.23459452970247505,0.5451649692871006,0.7707428888480852,0.8103291935511893,0.10100408299617808,1.0,0.861803967353352,0.6456987604748603,0.8190432116611231,18.1,Unreliable,True,,False,0.0
4757_FV.png,FV,fpn_resnet50_torch_cross_entropy_all_files,0.9959923679357502,0.2350491748090318,0.1045936565698667,0.6603571686211015,0.8037212300716104,0.8639314595781383,0.11937325065994057,1.0,0.9237985553421788,0.842735247905028,0.8698152290317962,13.02,Unreliable,True,,False,0.0
4757_FV.png,FV,unet_resnet18_torch_cross_entropy_all_files,0.9338181876242406,0.1286643698010618,0.1673961922185841,0.7039394379803541,0.8001702844460766,0.8882873783751661,0.11760857997560571,1.0,0.9441172747905027,0.8679185579608939,0.8841842087625739,11.58,Unreliable,True,,False,0.0
4757_FV.png,FV,pan_resnet18_torch_cross_entropy_correct_clear_strict_files,0.4558561723122121,0.1020735188525595,0.0,0.8979264811474404,0.4246805071011727,0.4918688432321102,0.2567429042612194,0.6442912011173184,0.6062688765712291,0.5875414629888268,0.5174723557284765,48.25,Unreliable,True,,False,0.0
4758_FV.png,FV,GT,0.9999521000151683,0.06889146141870583,0.27440820725719534,0.6567003313240989,0.8605027103408085,0.8983925410230315,0.06799725018069135,1.0,0.9183343880935755,0.826706529329609,0.8950023306465822,10.5,Unreliable,True,,False,0.0
4758_FV.png,FV,fpn_resnet18_torch_cross_entropy_correct_files,0.9996607084407757,0.19261930146104608,0.27619720728167163,0.5311834912572823,0.7767743751047812,0.8046224976171014,0.10197073513650298,1.0,0.8434311714385475,0.6185077688547486,0.8117915303919838,18.82,Unreliable,True,,False,0.0
4758_FV.png,FV,fpn_resnet50_torch_cross_entropy_all_files,0.9924996607084408,0.20661349806751045,0.10852909593272282,0.6848574059997667,0.8184837658968075,0.883789877061272,0.10236801938684993,1.0,0.9389804469273744,0.8741816515363129,0.8862742716583736,11.37,Unreliable,True,,False,0.0
4758_FV.png,FV,unet_resnet18_torch_cross_entropy_all_files,0.8831918953225665,0.13976380621805215,0.12290573490795854,0.7373304588739893,0.763581481865864,0.8651293755620134,0.14822712602370888,0.9978722939944135,0.9297273262918994,0.8666964909217877,0.8605041877451229,13.95,Unreliable,True,,False,0.0
4758_FV.png,FV,pan_resnet18_torch_cross_entropy_correct_clear_strict_files,0.9673282186793974,0.0525920515645568,0.2964755691454462,0.650932379289997,0.8357344664340857,0.8716002339937061,0.07592935682774103,0.9837857891061452,0.9148675366620111,0.8354137569832403,0.878147424793142,12.19,Unreliable,True,,False,0.0
4759_FV.png,FV,GT,0.9999521000151683,0.06889146141870583,0.27440820725719534,0.6567003313240989,0.8605027103408085,0.8983925410230315,0.06799725018069135,1.0,0.9183343880935755,0.826706529329609,0.8950023306465822,10.5,Unreliable,True,,False,0.0
4759_FV.png,FV,fpn_resnet18_torch_cross_entropy_correct_files,1.0,0.17071953760547975,0.28320866031725755,0.5460718020772627,0.7893269652964611,0.816982765178438,0.0960145227215114,1.0,0.8533894902234637,0.6428618191340782,0.8232487152318552,17.68,Unreliable,True,,False,0.0
4759_FV.png,FV,fpn_resnet50_torch_cross_entropy_all_files,0.9927351689671965,0.21090300841971515,0.12896961021624273,0.6601273813640421,0.8089256033402258,0.8725463678008943,0.10760302323968467,1.0,0.9288578037709496,0.8622010300279329,0.8759847128507159,12.4,Unreliable,True,,False,0.0
4759_FV.png,FV,unet_resnet18_torch_cross_entropy_all_files,0.9641588363497018,0.12293877280649822,0.18082908633245426,0.6962321408610476,0.8254637516864787,0.903338586463951,0.10102496334289782,1.0,0.9521517108938546,0.8838818086592178,0.8995013858026708,10.05,Unreliable,True,,False,0.0
4759_FV.png,FV,pan_resnet18_torch_cross_entropy_correct_clear_strict_files,0.5633636966014961,0.11837602295674354,0.0016650724483650405,0.8799589045948915,0.5183632974349558,0.6354530737925681,0.21565441134754146,0.8264773917597765,0.7642267152583799,0.7327383030726257,0.6518355974716091,34.82,Unreliable,True,,False,0.0
4760_FV.png,FV,GT,0.9999521000151683,0.06899524969063112,0.27430441898527,0.6567003313240989,0.8604684618516538,0.8983718476907339,0.06803470431782845,1.0,0.918327186627095,0.826706529329609,0.8949829675135542,10.5,Unreliable,True,,False,0.0
4760_FV.png,FV,fpn_resnet18_torch_cross_entropy_correct_files,1.0,0.1812695092646554,0.2547760276542579,0.5639544630810867,0.7919255793902333,0.8266370338478528,0.08489376582349241,1.0,0.8682599729399442,0.6561299755586593,0.8328727731474035,16.71,Unreliable,True,,False,0.0
4760_FV.png,FV,fpn_resnet50_torch_cross_entropy_all_files,0.9934097604202425,0.16730354279928156,0.07654166214625248,0.7561547950544659,0.8562024492858911,0.9127476635162531,0.0896557429953971,1.0,0.9498272739175978,0.9092506110335196,0.9106159434076824,8.94,Unreliable,True,,False,0.0
4760_FV.png,FV,unet_resnet18_torch_cross_entropy_all_files,0.9593009795546898,0.1143613258656991,0.15004618726230204,0.7355924868719989,0.8368579206616585,0.9100755545302853,0.09925610695331108,0.9999781773743017,0.9542168950768157,0.898841218575419,0.9057668005883095,9.42,Unreliable,True,,False,0.0
4760_FV.png,FV,pan_resnet18_torch_cross_entropy_correct_clear_strict_files,0.576899433981846,0.08507119826190443,0.0,0.9149288017380955,0.5440174914777944,0.6746080907905933,0.19502673083326677,0.8251462115921788,0.7894413407821229,0.7718553596368715,0.6813642109933655,31.86,Unreliable,True,,False,0.0
4761_FV.png,FV,GT,0.9999521000151683,0.06899524969063112,0.27430441898527,0.6567003313240989,0.8604684618516538,0.8983718476907339,0.06803470431782845,1.0,0.918327186627095,0.826706529329609,0.8949829675135542,10.5,Unreliable,True,,False,0.0
4761_FV.png,FV,fpn_resnet18_torch_cross_entropy_correct_files,1.0,0.05833818985957321,0.30605695308196484,0.6356048570584619,0.856854048746218,0.8625346068319287,0.05881601026294776,1.0,0.8908303509078211,0.6789127967877095,0.8721487370365726,12.79,Unreliable,True,,False,0.0
4761_FV.png,FV,fpn_resnet50_torch_cross_entropy_all_files,1.0,0.09067067962095145,0.07980137472956467,0.8295279456494838,0.9121181772459106,0.9439815719455917,0.05701957475600352,1.0,0.9645380150139666,0.9389512046089385,0.9426451307630372,5.74,Unreliable,True,,False,0.0
4761_FV.png,FV,unet_resnet18_torch_cross_entropy_all_files,0.971527450682974,0.03249941451750079,0.061921450846176285,0.9055791346363229,0.9299189691923264,0.9701776716489755,0.06984238918442619,1.0,0.9887537098463686,0.9699938896648045,0.965530476190938,3.45,Unreliable,True,,False,0.0
4761_FV.png,FV,pan_resnet18_torch_cross_entropy_correct_clear_strict_files,0.70189045273469,0.10105266749697166,0.0,0.8989473325030284,0.6543687580332267,0.7602962430560379,0.20586064234612933,0.9001942213687151,0.8441951815642457,0.8166135649441341,0.7620775729524776,23.79,Unreliable,True,,False,0.0
4762_MVL.png,MVL,GT,0.7149567057607186,0.0,0.2661145913946303,0.7338854086053698,0.6502681658104746,0.6798262546154551,0.22667726762303006,0.7125228287337663,0.6139699168019481,0.42266132305194803,0.6446162928485581,35.54,Unreliable,False,,False,0.0
4762_MVL.png,MVL,fpn_resnet18_torch_cross_entropy_correct_files,0.6619454944912927,0.06896762109296352,0.10048016204706442,0.830552216859972,0.6087439016509967,0.6688322630449866,0.30330581676671436,0.6929408482142857,0.6207234172077922,0.5338372564935064,0.6315622162919119,36.84,Unreliable,True,,False,0.0
4762_MVL.png,MVL,fpn_resnet50_torch_cross_entropy_all_files,0.6618001033892281,0.06886682492509169,0.09486961987465445,0.8362635552002539,0.6099173290039094,0.6695682332735937,0.3003659778554721,0.6927506087662337,0.6214653510551948,0.5473442573051948,0.6324318091053289,36.76,Unreliable,True,,False,0.0
4762_MVL.png,MVL,unet_resnet18_torch_cross_entropy_all_files,0.706685567509935,0.10653728119052926,0.08839816894405678,0.805064549865414,0.6350026655035378,0.6940123344668135,0.2717583989848575,0.7160359172077922,0.6392679586038961,0.5748148336038961,0.6544116834326639,34.56,Unreliable,True,,False,0.0
4762_MVL.png,MVL,pan_resnet18_torch_cross_entropy_correct_clear_strict_files,0.7616151335982683,0.05694074726113839,0.16369006585994422,0.7793691868789174,0.690171884591774,0.7478353954301376,0.20298548884650305,0.8222909902597403,0.7229142146915585,0.6044795048701299,0.7205678698831969,27.94,Unreliable,True,,False,0.0
4763_MVL.png,MVL,GT,0.7151869083389875,0.0,0.26574093943055915,0.7342590605694408,0.6505683984362379,0.6797043150364998,0.22605303988043476,0.712408685064935,0.6137867796266234,0.4223442573051948,0.6445965258924706,35.54,Unreliable,False,,False,0.0
4763_MVL.png,MVL,fpn_resnet18_torch_cross_entropy_correct_files,0.6700914348486318,0.07698891031822565,0.06780978784956605,0.8552013018322083,0.6200772188297632,0.6737542406160963,0.2878967665965556,0.6717862215909091,0.6124544693587662,0.5758040787337663,0.6331312255772644,36.69,Unreliable,True,,False,0.0
4763_MVL.png,MVL,fpn_resnet50_torch_cross_entropy_all_files,0.6152628348033989,0.10609541563829229,0.00015097411122197134,0.8937536102504857,0.5714959532809926,0.6360537704961748,0.35487836183512383,0.6485516436688312,0.5850848467938312,0.5538250811688312,0.5962988558506828,40.37,Unreliable,True,,False,0.0
4763_MVL.png,MVL,unet_resnet18_torch_cross_entropy_all_files,0.7229330231656489,0.11218743715224241,0.06257960715961655,0.825232955688141,0.6532114471261026,0.7088062046055362,0.24681318850213257,0.7208299512987013,0.6512350344967532,0.6050882711038961,0.669099309318193,33.09,Unreliable,True,,False,0.0
4763_MVL.png,MVL,pan_resnet18_torch_cross_entropy_correct_clear_strict_files,0.7133816354883525,0.08747218904092528,0.0740549935178528,0.8384728174412219,0.653610909179025,0.7202154544750317,0.2539958085603018,0.7518136160714286,0.6811679433847402,0.6239092938311688,0.684615086450113,31.54,Unreliable,True,,False,0.0
4764_MVL.png,MVL,GT,0.7151869083389875,0.0,0.26574093943055915,0.7342590605694408,0.6505683984362379,0.6797043150364998,0.22605303988043476,0.712408685064935,0.6137867796266234,0.4223442573051948,0.6445965258924706,35.54,Unreliable,False,,False,0.0
4764_MVL.png,MVL,fpn_resnet18_torch_cross_entropy_correct_files,0.6674218926690575,0.1214215262103728,0.06140664048554088,0.8171718333040863,0.5991908985170107,0.6431188347651634,0.3053073685988408,0.648145799512987,0.5766552100243506,0.529499797077922,0.6033550039943925,39.66,Unreliable,True,,False,0.0
4764_MVL.png,MVL,fpn_resnet50_torch_cross_entropy_all_files,0.609754127491842,0.10388130878262021,0.0036561133925023183,0.8924625778248775,0.5665569771574425,0.6278108210393515,0.3607862599001039,0.6415127840909091,0.5756805499188311,0.5408507508116883,0.5885825594265706,41.14,Unreliable,True,,False,0.0
4764_MVL.png,MVL,unet_resnet18_torch_cross_entropy_all_files,0.7029013602145326,0.11858495552848705,0.05227413757440647,0.8291409068971065,0.6345616862136926,0.6905607498754308,0.269186700185065,0.7093268060064936,0.6337030742694806,0.5854301948051948,0.6510179605345292,34.9,Unreliable,True,,False,0.0
4764_MVL.png,MVL,pan_resnet18_torch_cross_entropy_correct_clear_strict_files,0.6613841232916545,0.02491390049095039,0.08673456925820082,0.8883515302508488,0.6308400374785952,0.689063452323347,0.28361585890953817,0.644734172077922,0.6259259588068181,0.598734273538961,0.6463414304633099,35.37,Unreliable,True,,False,0.0
4765_MVL.png,MVL,GT,0.7151869083389875,0.0,0.26574093943055915,0.7342590605694408,0.6505683984362379,0.6797043150364998,0.22605303988043476,0.712408685064935,0.6137867796266234,0.4223442573051948,0.6445965258924706,35.54,Unreliable,False,,False,0.0
4765_MVL.png,MVL,fpn_resnet18_torch_cross_entropy_correct_files,0.6786250848114762,0.09055364124904036,0.1357054864223099,0.7737408723286497,0.6061405931956965,0.6672799536893427,0.2863561574344744,0.677544135551948,0.6165261008522728,0.5615107548701299,0.6286366044064209,37.14,Unreliable,True,,False,0.0
4765_MVL.png,MVL,fpn_resnet50_torch_cross_entropy_all_files,0.5712981809957675,0.042203339507132856,0.0975059735045031,0.8602906869883641,0.5362043229621014,0.61190414348194,0.33259559569992175,0.6259765625,0.5854853642451299,0.5340274959415584,0.5786266856312644,42.14,Unreliable,True,,False,0.0
4765_MVL.png,MVL,unet_resnet18_torch_cross_entropy_all_files,0.6651117896029207,0.10300752336249977,0.03773825499280453,0.8592542216446957,0.610675018577752,0.6739450018116008,0.3100140846091589,0.683099127435065,0.6164554586038961,0.5803951907467533,0.6319681895583643,36.8,Unreliable,True,,False,0.0
4765_MVL.png,MVL,pan_resnet18_torch_cross_entropy_correct_clear_strict_files,0.7001752770508223,0.04389481395174454,0.12011951386926152,0.8359856721789939,0.6509878517656941,0.7082244493197738,0.25767449599701353,0.7076273336038961,0.652131442775974,0.586330661525974,0.66861626743603,33.14,Unreliable,True,,False,0.0
4766_MVL.png,MVL,GT,0.7151869083389875,0.0,0.26572964548298567,0.7342703545170143,0.6505711447126102,0.679704667476767,0.22604870215455833,0.712408685064935,0.6137867796266234,0.4223442573051948,0.6445974555074625,35.54,Unreliable,False,,False,0.0
4766_MVL.png,MVL,fpn_resnet18_torch_cross_entropy_correct_files,0.7323228651739847,0.10971769545963414,0.06965791461928318,0.8206243899210827,0.6611450760880101,0.6889607836282606,0.21541584762925192,0.7132457386363636,0.6319833096590909,0.5758421266233766,0.6578250817785176,34.22,Unreliable,True,,False,0.0
4766_MVL.png,MVL,fpn_resnet50_torch_cross_entropy_all_files,0.6513521372492004,0.08219246031746032,0.01798735119047619,0.8998201884920635,0.611499386126458,0.6720802549624812,0.2929571398831079,0.675882711038961,0.6129110440340909,0.5775162337662337,0.6302383099403182,36.98,Unreliable,True,,False,0.0
4766_MVL.png,MVL,unet_resnet18_torch_cross_entropy_all_files,0.8028577428839133,0.1942915782166464,0.047803253619324526,0.7579051681640291,0.6852965170753773,0.7238120293170407,0.21202228714305343,0.7419338474025974,0.6564057426948052,0.608208198051948,0.6852948609956475,31.47,Unreliable,True,,False,0.0
4766_MVL.png,MVL,pan_resnet18_torch_cross_entropy_correct_clear_strict_files,0.3267099609059481,0.08042424841772151,0.0,0.9195757515822784,0.30910544085813063,0.4797254583414018,0.2094136583278437,0.5477754667207793,0.5307212611607143,0.5223214285714286,0.44893777422414544,55.11,Unreliable,True,,False,0.0
4777_FV.png,FV,GT,0.36041146086970405,0.03478752035086553,0.5525689160602939,0.4126435635888405,0.28429938288852874,0.3608673287980085,0.43668531750485373,0.4252029504189944,0.3079583842527933,0.11363041201117319,0.3167333672070785,68.33,Degraded,False,,False,0.5
4777_FV.png,FV,fpn_resnet18_torch_cross_entropy_correct_files,0.3825851621813653,0.0014502430983035287,0.50695908019114,0.4915906767105565,0.31626871093157494,0.40501400278478444,0.4210715016856122,0.4725362255586592,0.365117623952514,0.1565991620111732,0.3624318636959134,63.76,Degraded,False,,False,0.5
4777_FV.png,FV,fpn_resnet50_torch_cross_entropy_all_files,0.36724918370442516,0.0,0.5156732315986261,0.48432676840137384,0.30285978876106695,0.38890305431526934,0.42417177785474647,0.44724380237430167,0.3481760649441341,0.15586810405027932,0.3467992789005545,65.32,Degraded,False,,False,0.5
4777_FV.png,FV,unet_resnet18_torch_cross_entropy_all_files,0.40621182969958725,0.2481304967326684,0.24770795460128728,0.5041615486660443,0.3044687093349087,0.38839247852433123,0.4239501704190586,0.4970430342178771,0.3508298053421788,0.18359375,0.34819027849464346,65.18,Degraded,False,,False,0.5
4777_FV.png,FV,pan_resnet18_torch_cross_entropy_correct_clear_strict_files,0.3065958279113212,0.5855693994193388,0.0,0.4144306005806611,0.18630862758560127,0.24019806865114696,0.45177615776912583,0.3424515537709497,0.19493867842178772,0.12228308310055866,0.20592748023973956,79.41,Degraded,False,,False,0.5
4778_FV.png,FV,GT,0.3600402359872586,0.03482338854520056,0.5521630191356793,0.41301359231912016,0.28404758863493024,0.36105871883049284,0.43566686187443493,0.42573760474860334,0.3083112561103352,0.11363041201117319,0.31685639468376103,68.31,Degraded,False,,False,0.5
4778_FV.png,FV,fpn_resnet18_torch_cross_entropy_correct_files,0.3754520561068489,0.0384864818890271,0.4546508042824185,0.5068627138285544,0.307732813884609,0.3954768353449208,0.42395681775038513,0.4553618191340782,0.3498866314594972,0.16201117318435754,0.3509175473526578,64.91,Degraded,False,,False,0.5
4778_FV.png,FV,fpn_resnet50_torch_cross_entropy_all_files,0.3625430101947134,0.0003192953481970823,0.5296229011835948,0.4700578034682081,0.2971816846424665,0.3789514445025395,0.4284010814913452,0.43464123603351956,0.3339508772695531,0.13871552025139663,0.3364202896513231,66.36,Degraded,False,,False,0.5
4778_FV.png,FV,unet_resnet18_torch_cross_entropy_all_files,0.4167099097085286,0.2476268020499066,0.26093203697495093,0.4914411609751425,0.3106043780586137,0.39475947253918764,0.44473172430214875,0.4984724162011173,0.34447996682960896,0.18053858240223464,0.349401141911184,65.06,Degraded,False,,False,0.5
4778_FV.png,FV,pan_resnet18_torch_cross_entropy_correct_clear_strict_files,0.19310878884888352,0.24380916945719128,0.0,0.7561908305428087,0.16156405425471612,0.19448098682986406,0.5003543115104023,0.1539477129888268,0.1418998777932961,0.13596586941340782,0.1635734634426925,83.64,Healthy,False,,False,1.0
4779_FV.png,FV,GT,0.3595332944811234,0.03487248948052092,0.5515315695395855,0.41359594097989366,0.28371300724088105,0.36097310991574555,0.43496701931223836,0.42573760474860334,0.3083112561103352,0.11363041201117319,0.31673033759112207,68.33,Degraded,False,,False,0.5
4779_FV.png,FV,fpn_resnet18_torch_cross_entropy_correct_files,0.3812639209330917,0.012521593466994713,0.4771606553944407,0.5103177511385646,0.31621111119981477,0.4075177147883375,0.4168639370785913,0.4692955656424581,0.3684804905726257,0.17278063896648044,0.36451084402549594,63.55,Degraded,False,,False,0.5
4779_FV.png,FV,fpn_resnet50_torch_cross_entropy_all_files,0.3712448407724671,0.004268587710338154,0.5120369872587496,0.4836944250309123,0.30555212715849306,0.39544445725548444,0.4174402673713884,0.45911531075418993,0.35677570705307265,0.15957795041899442,0.3530092581454223,64.7,Degraded,False,,False,0.5
4779_FV.png,FV,unet_resnet18_torch_cross_entropy_all_files,0.4353030871540224,0.18710168450203113,0.3637680760731021,0.4491302394248668,0.3268955221497513,0.414384185433797,0.4318437886038358,0.5207205831005587,0.3694255193784916,0.18014577513966482,0.37015412002646114,62.98,Degraded,False,,False,0.5
4779_FV.png,FV,pan_resnet18_torch_cross_entropy_correct_clear_strict_files,0.41706915959476615,0.06761736134373356,0.3303919222854955,0.601990716370771,0.3513236761641692,0.4034665883199925,0.47658998200979397,0.38000829259776536,0.33581038320530726,0.2879386347765363,0.36076123262737136,63.92,Degraded,False,,False,0.5
4780_FV.png,FV,GT,0.3594614445038759,0.034879459873629975,0.5514419286420219,0.4136786114843481,0.2836655862558977,0.3609587024895675,0.4348788857986935,0.42573760474860334,0.3083112561103352,0.11363041201117319,0.31671178906777364,68.33,Degraded,False,,False,0.5
4780_FV.png,FV,fpn_resnet18_torch_cross_entropy_correct_files,0.378062605280175,0.005236873502053573,0.48650132505569454,0.5082618014422519,0.31420058916981347,0.40353933322281793,0.42476032825053733,0.4606538058659218,0.3608966916899442,0.1673140712290503,0.3596806533937671,64.03,Degraded,False,,False,0.5
4780_FV.png,FV,fpn_resnet50_torch_cross_entropy_all_files,0.36538906762679524,0.0038563219646485613,0.5001201686731194,0.49602350936223205,0.302313928517256,0.3865556139543419,0.42795525651911637,0.4446469099162011,0.34417783257681567,0.15032515712290503,0.34433199577220563,65.57,Degraded,False,,False,0.5
4780_FV.png,FV,unet_resnet18_torch_cross_entropy_all_files,0.4055811465659703,0.2538801460529294,0.2609269046423967,0.4851929493046739,0.30061072480660384,0.38009490648657357,0.44834324505717715,0.4758641759776536,0.32999138006284917,0.1716131284916201,0.3362082414130929,66.38,Degraded,False,,False,0.5
4780_FV.png,FV,pan_resnet18_torch_cross_entropy_correct_clear_strict_files,0.25564621071203325,0.21848700132719182,0.005074556952143024,0.7764384417206651,0.21778203111902347,0.26247194354396786,0.4917284157381124,0.22309270251396648,0.1981339472765363,0.18579783519553073,0.22332977130951193,77.67,Degraded,False,,False,0.5
4781_FV.png,FV,GT,0.3606190274706413,0.034767497205096136,0.5528817949370731,0.41235070785783073,0.2844295910139628,0.36115794593814393,0.436460111052666,0.42573760474860334,0.3083112561103352,0.11363041201117319,0.31700076352976614,68.3,Degraded,False,,False,0.5
4781_FV.png,FV,fpn_resnet18_torch_cross_entropy_correct_files,0.366686358882653,0.02029108563839631,0.5180431729858593,0.4616657413757443,0.2971150637468965,0.381571231195441,0.4230008596602858,0.4502335020949721,0.3384174231843576,0.12627662360335196,0.33897285775644426,66.1,Degraded,False,,False,0.5
4781_FV.png,FV,fpn_resnet50_torch_cross_entropy_all_files,0.35358571303119085,0.004357593614883553,0.45690385071290684,0.5387385556722096,0.29762479941881353,0.38680922364043563,0.4157050300434857,0.4412098463687151,0.3500270600558659,0.17497381284916202,0.34534103094012114,65.47,Degraded,False,,False,0.5
4781_FV.png,FV,unet_resnet18_torch_cross_entropy_all_files,0.4011543896344433,0.23880077215466974,0.22819359589245558,0.5330056319528746,0.3058471910650562,0.3937287338313425,0.42501990198643413,0.48014141061452514,0.35227631808659216,0.20365965432960895,0.35078330470355645,64.92,Degraded,False,,False,0.5
4781_FV.png,FV,pan_resnet18_torch_cross_entropy_correct_clear_strict_files,0.41463424369915614,0.16471720818291216,0.27225030084235863,0.5630324909747293,0.3304943278434629,0.39903688944958393,0.45543076778737596,0.4247664979050279,0.3479577295740224,0.27626353002793297,0.358042457017523,64.2,Degraded,False,,False,0.5
4782_FV.png,FV,GT,0.3584116365029818,0.03498162378884063,0.5501280766232319,0.4148902995879274,0.2829727129753076,0.36077364190232647,0.43344458062354924,0.42573760474860334,0.3083112561103352,0.11363041201117319,0.3164484089074243,68.36,Degraded,False,,False,0.5
4782_FV.png,FV,fpn_resnet18_torch_cross_entropy_correct_files,0.379136363273485,0.003969173106483334,0.5358804826177591,0.4601503442757575,0.30904970421759365,0.39615373003884097,0.41826515376431433,0.47061583449720673,0.35674548271648043,0.1360313372905028,0.35425922336352256,64.57,Degraded,False,,False,0.5
4782_FV.png,FV,fpn_resnet50_torch_cross_entropy_all_files,0.3364375184614525,0.0005339028296849973,0.467319214569615,0.5321468826007,0.28286110601064973,0.36835169553342717,0.41693556886589855,0.4195618016759777,0.33187958275139673,0.16167292248603352,0.3281156735637818,67.19,Degraded,False,,False,0.5
4782_FV.png,FV,unet_resnet18_torch_cross_entropy_all_files,0.4225537078579925,0.2543855505908803,0.21440784439679195,0.5312066050123277,0.31973076216859203,0.4229710536789333,0.4004080199274027,0.5179709322625698,0.39351398830307266,0.2564376745810056,0.38021614007548665,61.98,Degraded,False,,False,0.5
4782_FV.png,FV,pan_resnet18_torch_cross_entropy_correct_clear_strict_files,0.508554138957856,0.6340303287180936,0.017424884619007253,0.3485447866628991,0.2895072688226982,0.34808608396728474,0.4092228092088044,0.5306171438547486,0.296360531599162,0.17341349511173185,0.3098222184766597,69.02,Degraded,False,,False,0.5
4783_FV.png,FV,GT,0.3583437781911369,0.03498824813696769,0.550042885945663,0.41496886591736937,0.28292792648948994,0.3607591926547527,0.43336062105147005,0.42573760474860334,0.3083112561103352,0.11363041201117319,0.3164306381874069,68.36,Degraded,False,,False,0.5
4783_FV.png,FV,fpn_resnet18_torch_cross_entropy_correct_files,0.3717797239364208,0.050795048261201,0.4705010790324139,0.4787038727063851,0.2996533238597808,0.3803556034797231,0.43273892238004075,0.444505062849162,0.32782122905027933,0.12995373603351956,0.3351311698219629,66.49,Degraded,False,,False,0.5
4783_FV.png,FV,fpn_resnet50_torch_cross_entropy_all_files,0.36113794397298443,0.006974456467675439,0.5078863307285046,0.48513921280381994,0.297088599005277,0.3848229139024453,0.4162711605544128,0.4483349336592179,0.3457481887220671,0.14712814245810055,0.34287272936114355,65.71,Degraded,False,,False,0.5
4783_FV.png,FV,unet_resnet18_torch_cross_entropy_all_files,0.3995257901501664,0.2660105904685783,0.19074832650614448,0.5432410830252773,0.30240845115399045,0.38192720240491135,0.4450669784395973,0.4737255586592179,0.332877531424581,0.19377400488826815,0.33845170863750296,66.15,Degraded,False,,False,0.5
4783_FV.png,FV,pan_resnet18_torch_cross_entropy_correct_clear_strict_files,0.3766814890508618,0.10731505717040915,0.2553329023917259,0.637352040437865,0.31689675956602614,0.3887457929148877,0.4544419585928296,0.37889533868715086,0.3292753797136872,0.2847307087988827,0.34340291762974906,65.66,Degraded,False,,False,0.5
4784_FV.png,FV,GT,0.3578727616736255,0.035034298142881046,0.5494506720205231,0.41551502983659583,0.28261705558793243,0.3606781764963854,0.4327158972060234,0.42573760474860334,0.3083112561103352,0.11363041201117319,0.31631307206942944,68.37,Degraded,False,,False,0.5
4784_FV.png,FV,fpn_resnet18_torch_cross_entropy_correct_files,0.377376038830921,0.02484636295363916,0.5210755122116331,0.4540781248347278,0.30423575574201067,0.3935603319689263,0.4161524181833251,0.46362168296089384,0.3516372424930168,0.138671875,0.34999372331048784,65.0,Degraded,False,,False,0.5
4784_FV.png,FV,fpn_resnet50_torch_cross_entropy_all_files,0.3540247962254812,0.00844505079433088,0.5279340632082173,0.4636208859974518,0.28847506406622975,0.37071593484949344,0.4235687791264689,0.4329063372905028,0.3294591262220671,0.13027016410614525,0.3295409501635438,67.05,Degraded,False,,False,0.5
4784_FV.png,FV,unet_resnet18_torch_cross_entropy_all_files,0.4158676683085717,0.2568052676034708,0.25773631267757047,0.48545841971895876,0.30787104525750236,0.39231525732100453,0.4271614164449988,0.5106167074022346,0.34845954085195535,0.16873254189944134,0.34943970711433425,65.06,Degraded,False,,False,0.5
4784_FV.png,FV,pan_resnet18_torch_cross_entropy_correct_clear_strict_files,0.26447178291726875,0.2836573291475489,0.034170490219753685,0.6821721806326975,0.21113618764020722,0.2579328458911014,0.47031526630048487,0.24840694832402235,0.20274899615921788,0.17236600907821228,0.2218203085230797,77.82,Degraded,False,,False,0.5
4785_MVL.png,MVL,GT,0.3267099609059481,0.2020619066455696,0.0,0.7979380933544303,0.28247948370004206,0.3399220157020512,0.5334536030314669,0.5337357954545454,0.4441820971996753,0.4000735592532468,0.3643932887004981,63.56,Degraded,False,,False,0.5
4785_MVL.png,MVL,fpn_resnet18_torch_cross_entropy_correct_files,0.33735985913217664,0.16033184489962052,0.016628158931200843,0.8230399961691787,0.2992125860230687,0.35961281631371506,0.5300810894551311,0.5476232751623377,0.4701936637581169,0.425197849025974,0.3857250862042819,61.43,Degraded,False,,False,0.5
4785_MVL.png,MVL,fpn_resnet50_torch_cross_entropy_all_files,0.3281517560014216,0.16254169076834085,0.00632592027371297,0.8311323889579462,0.29170927433685506,0.3444331187464572,0.5378267708524058,0.5176034902597403,0.44660092836850657,0.4084187297077922,0.3694830892723963,63.05,Degraded,False,,False,0.5
4785_MVL.png,MVL,unet_resnet18_torch_cross_entropy_all_files,0.3361523052566961,0.14763197731696182,0.029122714275416295,0.8232453084076219,0.2995738425252819,0.3638136442799783,0.5242909191664639,0.5556894277597403,0.475672559862013,0.426072950487013,0.3892852699863833,61.07,Degraded,False,,False,0.5
4785_MVL.png,MVL,pan_resnet18_torch_cross_entropy_correct_clear_strict_files,0.5264409873671286,0.2660892513291037,0.053609101579581285,0.680301647091315,0.4229917046298989,0.510422872371352,0.32308964943876217,0.7548701298701299,0.6097360744724026,0.525783786525974,0.5239188028893362,47.61,Unreliable,True,,False,0.0
4786_MVL.png,MVL,GT,0.32700478175180125,0.20343588286875225,0.0,0.7965641171312478,0.2824333624115537,0.34051538753418126,0.5324909405377909,0.534661627435065,0.4451674107142858,0.40108816964285715,0.36495158926943483,63.5,Degraded,False,,False,0.5
4786_MVL.png,MVL,fpn_resnet18_torch_cross_entropy_correct_files,0.3387128041097218,0.17979443888014499,0.017587160776458242,0.8026184003433968,0.29588531065232143,0.3550659209233613,0.5317377439418746,0.5538377637987013,0.4633247514204546,0.4112976866883117,0.3806152700408867,61.94,Degraded,False,,False,0.5
4786_MVL.png,MVL,fpn_resnet50_torch_cross_entropy_all_files,0.33444799844916157,0.20844805100710043,0.0,0.7915519489928996,0.2877389260443927,0.3391246539727402,0.5391355245308176,0.5434253246753247,0.4436238078327922,0.39446783685064934,0.3655085971382568,63.45,Degraded,False,,False,0.5
4786_MVL.png,MVL,unet_resnet18_torch_cross_entropy_all_files,0.3459096636619172,0.1500642148277875,0.032656158785755986,0.8172796263864565,0.3072901925624374,0.37316166868191947,0.5202618453991673,0.5779981737012987,0.49295999898538967,0.437601461038961,0.40131955796746294,59.87,Degraded,False,,False,0.5
4786_MVL.png,MVL,pan_resnet18_torch_cross_entropy_correct_clear_strict_files,0.3617653710704016,0.21086005179958917,0.017549343574171653,0.7715906046262392,0.3084979483700042,0.3646804638099222,0.5302505612186719,0.588093547077922,0.4771547788149351,0.4211140422077922,0.392815435179952,60.72,Degraded,False,,False,0.5
4787_MVL.png,MVL,GT,0.3257770346677006,0.1988222897167297,0.0,0.8011777102832703,0.2823799715679623,0.3392000297357579,0.5348588496361202,0.5308061079545454,0.44295188210227265,0.3996803977272727,0.3636547532320251,63.63,Degraded,False,,False,0.5
4787_MVL.png,MVL,fpn_resnet18_torch_cross_entropy_correct_files,0.33546573616361347,0.18070403544255031,0.0042978907830106905,0.814998073774439,0.294360117605247,0.35295983977443074,0.5321967551185999,0.5434253246753247,0.4591871702516234,0.4156478287337662,0.37787085531455267,62.21,Degraded,False,,False,0.5
4787_MVL.png,MVL,fpn_resnet50_torch_cross_entropy_all_files,0.3371498497625279,0.21842095806231357,0.0,0.7815790419376865,0.2878106523214113,0.3409664071286552,0.5387647963038573,0.5500837053571429,0.44526874492694807,0.3936434659090909,0.3667406158057992,63.33,Degraded,False,,False,0.5
4787_MVL.png,MVL,unet_resnet18_torch_cross_entropy_all_files,0.3418952537882459,0.1473138348138348,0.037162162162162164,0.8155240030240031,0.30383020742463884,0.3697709300809859,0.5245214581149517,0.5658355316558441,0.4824027242288962,0.4273538961038961,0.3950414309432459,60.5,Degraded,False,,False,0.5
4787_MVL.png,MVL,pan_resnet18_torch_cross_entropy_correct_clear_strict_files,0.3265766857290556,0.1287115244302091,0.038620877286274315,0.8326675982835166,0.2941254725210817,0.3503258666099347,0.5310714908218455,0.5283583603896104,0.45591124695616886,0.4132508116883117,0.3756999005217725,62.43,Degraded,False,,False,0.5
4788_MVL.png,MVL,GT,0.3253408613615069,0.19798403614831733,0.0,0.8020159638516826,0.2821846224677717,0.33863682120242034,0.5354774482933039,0.5294363839285714,0.44212598924512986,0.399122362012987,0.36309682879910954,63.69,Degraded,False,,False,0.5
4788_MVL.png,MVL,fpn_resnet18_torch_cross_entropy_correct_files,0.33181480404510355,0.1753286270691334,0.014203992210321325,0.8104673807205452,0.2912340069787729,0.3478239013822054,0.536280149894072,0.5331523944805194,0.45190442370129874,0.4047280844155844,0.372479141988813,62.75,Degraded,False,,False,0.5
4788_MVL.png,MVL,fpn_resnet50_torch_cross_entropy_all_files,0.3265968789376757,0.16313003907602514,0.008062521640203789,0.8288074392837711,0.29000549255274466,0.3436115192759329,0.5362997826659747,0.5239955357142857,0.4485825892857143,0.40736607142857145,0.369518139262889,63.05,Degraded,False,,False,0.5
4788_MVL.png,MVL,unet_resnet18_torch_cross_entropy_all_files,0.33594633452877126,0.15527211088804202,0.013079595590445163,0.8316482935215128,0.29950308552227717,0.3633940111998296,0.5243510756675829,0.5553343141233766,0.47531313413149356,0.4315645292207792,0.3889943826692295,61.1,Degraded,False,,False,0.5
4788_MVL.png,MVL,pan_resnet18_torch_cross_entropy_correct_clear_strict_files,0.3547219799037188,0.2855109754986793,0.00011385372073959378,0.7143751707805811,0.28685264611805755,0.3448846447657501,0.5257999123234832,0.5797610592532467,0.4530483969155844,0.39063768262987014,0.3707405460313761,62.93,Degraded,False,,False,0.5
4789_MVL.png,MVL,GT,0.32493295854738136,0.19725067117430645,0.0,0.8027493288256935,0.28199048496009826,0.33824387417304247,0.5358569245091649,0.5281554383116883,0.44151633522727274,0.39884334415584416,0.3626768418308513,63.73,Degraded,False,,False,0.5
4789_MVL.png,MVL,fpn_resnet18_torch_cross_entropy_correct_files,0.33401990242641594,0.15372524363407733,0.010241094962880564,0.8360336614030421,0.2984541694937159,0.3580238926493712,0.5311734159843127,0.5395317573051948,0.46383510044642856,0.42508370535714285,0.3824774588214976,61.75,Degraded,False,,False,0.5
4789_MVL.png,MVL,fpn_resnet50_torch_cross_entropy_all_files,0.3431755032147588,0.21788097395643322,0.0,0.7821190260435668,0.2930786565862169,0.34575581860678806,0.5364377918076307,0.5458984375,0.44854416091720783,0.40059354707792205,0.3710680069247846,62.89,Degraded,False,,False,0.5
4789_MVL.png,MVL,unet_resnet18_torch_cross_entropy_all_files,0.33400374785951986,0.15734806897052067,0.019866508669681506,0.8227854223597978,0.2965359358340603,0.36140750708392394,0.5262329290758504,0.550578327922078,0.47008357853084415,0.4233969155844156,0.3854164642877329,61.46,Degraded,False,,False,0.5
4789_MVL.png,MVL,pan_resnet18_torch_cross_entropy_correct_clear_strict_files,0.3713531065232141,0.11948885263730288,0.0622620989668298,0.8182490483958673,0.333762277470841,0.39570593910647034,0.512595785145243,0.5843521712662337,0.5124280894886364,0.4704875202922078,0.42381170076864794,57.62,Degraded,False,,False,0.5
4790_MVL.png,MVL,GT,0.3245533262253239,0.19685921206540405,0.0,0.803140787934596,0.2817461471357953,0.33770472664192425,0.53632968825508,0.5269632711038961,0.4407490361201299,0.39828530844155846,0.36213487658136784,63.79,Degraded,False,,False,0.5
4790_MVL.png,MVL,fpn_resnet18_torch_cross_entropy_correct_files,0.33372912022228685,0.17855846261829272,0.002710748602270252,0.8187307887794371,0.2934961309812284,0.34945353980516297,0.5379211621355038,0.5390878652597403,0.45261008522727275,0.41000405844155846,0.3739289353268265,62.61,Degraded,False,,False,0.5
4790_MVL.png,MVL,fpn_resnet50_torch_cross_entropy_all_files,0.3259506962618332,0.15036923229419635,9.912276354264757e-05,0.849531644942261,0.293101030661368,0.34622294785859226,0.5370054386433264,0.518846387987013,0.4493549614448052,0.4151278409090909,0.37153917813391013,62.85,Degraded,False,,False,0.5
4790_MVL.png,MVL,unet_resnet18_torch_cross_entropy_all_files,0.3316209492423508,0.15129335541699143,0.012373343725643025,0.8363333008573656,0.2966105699331201,0.3554309756406281,0.5347413947562091,0.537984476461039,0.4626325334821429,0.42075892857142855,0.38066547706498166,61.93,Degraded,False,,False,0.5
4790_MVL.png,MVL,pan_resnet18_torch_cross_entropy_correct_clear_strict_files,0.44868097961293657,0.1439822857502903,0.11457555109498907,0.7414421631547207,0.38791888791961493,0.4455819592819739,0.43851408020026467,0.6367314326298701,0.5425303114853897,0.4777800324675325,0.4670623787546325,53.29,Degraded,False,,False,0.5
4791_MVL.png,MVL,GT,0.3242665826629188,0.19531454334856957,0.0,0.8046854566514304,0.28183281638719265,0.3376781217588359,0.5367133163270132,0.5260628043831169,0.44057934253246755,0.39847554788961037,0.3620850184567956,63.79,Degraded,False,,False,0.5
4791_MVL.png,MVL,fpn_resnet18_torch_cross_entropy_correct_files,0.3465598849794837,0.1876099800724849,0.019438067380638847,0.7929519525468762,0.3007073680979613,0.3604132682179817,0.5280839378745779,0.5693105722402597,0.4719022676542207,0.41399908685064934,0.3870970979564712,61.29,Degraded,False,,False,0.5
4791_MVL.png,MVL,fpn_resnet50_torch_cross_entropy_all_files,0.34367629478853673,0.2058944498630974,5.875647790168866e-05,0.7940467936590009,0.2962595311944687,0.35083343306668024,0.5305525816166167,0.5611810064935064,0.4594120332792208,0.4092557832792208,0.37789270259003305,62.21,Degraded,False,,False,0.5
4791_MVL.png,MVL,unet_resnet18_torch_cross_entropy_all_files,0.3351305289005202,0.15665031754256997,0.032055530784155406,0.8112941516732746,0.2963041177991018,0.3599059764519283,0.5241273854005404,0.5575537743506493,0.473502054586039,0.420796976461039,0.38626385010972464,61.37,Degraded,False,,False,0.5
4791_MVL.png,MVL,pan_resnet18_torch_cross_entropy_correct_clear_strict_files,0.34512616716745825,0.16217702677401236,0.021508144542220557,0.816314828683767,0.3051014102936901,0.3646569928009312,0.5237774950680337,0.5674462256493507,0.4814885602678572,0.43680245535714285,0.3935229450355293,60.65,Degraded,False,,False,0.5
4792_MVR.png,MVR,GT,0.28203437777191764,0.3637638658676527,0.0,0.6362361341323474,0.21329645434277086,0.32295220005748987,0.2973569089866943,0.5466340300324676,0.42478185876623376,0.3647651176948052,0.3307873398265717,66.92,Degraded,False,,False,0.5
4792_MVR.png,MVR,fpn_resnet18_torch_cross_entropy_correct_files,0.30553224814006824,0.3378929748391484,0.0,0.6621070251608516,0.23636332398373008,0.35572001759742244,0.310936189877859,0.5969206574675324,0.4792151988636364,0.4212408685064935,0.36931108201980034,63.07,Degraded,False,,False,0.5
4792_MVR.png,MVR,fpn_resnet50_torch_cross_entropy_all_files,0.2995349171721046,0.2647298144516921,0.0,0.7352701855483079,0.2464067157321059,0.36344232422245043,0.32136319058834556,0.5780108563311688,0.48668120941558435,0.441697950487013,0.3776271957526006,62.24,Degraded,False,,False,0.5
4792_MVR.png,MVR,unet_resnet18_torch_cross_entropy_all_files,0.3229328986167382,0.23186469198124296,0.04433144030783317,0.7238038677109239,0.267898017404646,0.3973534292307211,0.3127391905123683,0.6273843344155844,0.5335407366071429,0.47488839285714285,0.4129917286334673,58.7,Degraded,False,,False,0.5
4792_MVR.png,MVR,pan_resnet18_torch_cross_entropy_correct_clear_strict_files,0.2944285954019131,0.031185115824614258,0.00365047700470898,0.9651644071706768,0.2879113625648279,0.42776683186315967,0.3059552162653552,0.5820946631493507,0.5800483208198052,0.5787718141233766,0.44672278665631837,55.33,Unreliable,True,,False,0.0
4793_MVR.png,MVR,GT,0.28205035999968037,0.3637999178365514,0.0,0.6362000821634486,0.21330172847793255,0.32295505779157946,0.297371609849631,0.5466340300324676,0.42478185876623376,0.3647651176948052,0.3307897793873471,66.92,Degraded,False,,False,0.5
4793_MVR.png,MVR,fpn_resnet18_torch_cross_entropy_correct_files,0.3031908517728286,0.32628291294378114,0.0,0.6737170870562189,0.2369104355956177,0.35745072444931136,0.3136613685767966,0.5994571834415584,0.4856350192775974,0.42957335633116883,0.3725623557245177,62.74,Degraded,False,,False,0.5
4793_MVR.png,MVR,fpn_resnet50_torch_cross_entropy_all_files,0.29388120410103963,0.2499320208831847,0.0,0.7500679791168153,0.24466948752986678,0.36247148923229616,0.3263617691530615,0.569830560064935,0.48783951400162334,0.44745586444805197,0.37727809862929823,62.27,Degraded,False,,False,0.5
4793_MVR.png,MVR,unet_resnet18_torch_cross_entropy_all_files,0.30140883337728447,0.25258497269208335,0.01976509889177581,0.7276499284161408,0.2483753266367799,0.37551802763954095,0.3013081411128416,0.6040736607142857,0.5075475598620129,0.45369571834415584,0.39018703022770146,60.98,Degraded,False,,False,0.5
4793_MVR.png,MVR,pan_resnet18_torch_cross_entropy_correct_clear_strict_files,0.22062266759363588,0.10911494648387272,0.0,0.8908850535161272,0.20449360311333797,0.31861577711386474,0.32133852700837207,0.4845018262987013,0.4449890929383117,0.4255275974025974,0.33492845124348547,66.51,Degraded,False,,False,0.5
4794_MVR.png,MVR,GT,0.28205035999968037,0.3637999178365514,0.0,0.6362000821634486,0.21330172847793255,0.32295505779157946,0.297371609849631,0.5466340300324676,0.42478185876623376,0.3647651176948052,0.3307897793873471,66.92,Degraded,False,,False,0.5
4794_MVR.png,MVR,fpn_resnet18_torch_cross_entropy_correct_files,0.3118851836757526,0.31143508673037995,0.0,0.68856491326962,0.246806750893007,0.3685850545232355,0.31642883145378886,0.6104657061688312,0.4989718191964286,0.44405691964285715,0.3842062693034442,61.58,Degraded,False,,False,0.5
4794_MVR.png,MVR,fpn_resnet50_torch_cross_entropy_all_files,0.2847953076179289,0.20571564858722186,0.00012626616908442998,0.7941580852436937,0.24552989076147322,0.36806733092553157,0.31592345566294167,0.5635907061688312,0.4996602323457792,0.4681158685064935,0.3839432594444131,61.61,Degraded,False,,False,0.5
4794_MVR.png,MVR,unet_resnet18_torch_cross_entropy_all_files,0.29126810986183366,0.21193997091826935,0.03788855661335016,0.7501714724683805,0.24615595457850872,0.3715361495062766,0.30720542481497,0.5889432832792207,0.5057457386363637,0.4522245332792208,0.38760592667998106,61.24,Degraded,False,,False,0.5
4794_MVR.png,MVR,pan_resnet18_torch_cross_entropy_correct_clear_strict_files,0.31607252734958724,0.1411650190883119,0.00993603519328496,0.8488989457184032,0.28511043719384044,0.4099960101127893,0.3240834884637417,0.5774528206168831,0.5393676440746753,0.520609273538961,0.424278991821859,57.57,Unreliable,True,,False,0.0
4795_MVR.png,MVR,GT,0.28205035999968037,0.3637999178365514,0.0,0.6362000821634486,0.21330172847793255,0.32295505779157946,0.297371609849631,0.5466340300324676,0.42478185876623376,0.3647651176948052,0.3307897793873471,66.92,Degraded,False,,False,0.5
4795_MVR.png,MVR,fpn_resnet18_torch_cross_entropy_correct_files,0.2974452408921279,0.3480468540110687,0.0,0.6519531459889313,0.2280835710689713,0.3455123977179899,0.30527425775744116,0.5860009131493507,0.4665874847808441,0.4077719155844156,0.35871378454842606,64.13,Degraded,False,,False,0.5
4795_MVR.png,MVR,fpn_resnet50_torch_cross_entropy_all_files,0.2733560280967564,0.24624716801870936,0.0,0.7537528319812906,0.22825621908437818,0.3451447666769878,0.29993254587510465,0.5417258522727273,0.45998972706980523,0.41973163555194803,0.3560161865563319,64.4,Degraded,False,,False,0.5
4795_MVR.png,MVR,unet_resnet18_torch_cross_entropy_all_files,0.29795267662359454,0.278244894127744,0.035724343243351976,0.686030762628904,0.23878810762432173,0.3612807601232206,0.2868550993879238,0.5884613433441559,0.4762171519886364,0.4081270292207792,0.37050752111971724,62.95,Degraded,False,,False,0.5
4795_MVR.png,MVR,pan_resnet18_torch_cross_entropy_correct_clear_strict_files,0.5680603169275765,0.4596723709846455,0.002637631617817729,0.5376899973975368,0.3925993894788995,0.5095760153097713,0.19022327460884944,0.7743379667207793,0.6269852120535714,0.5544084821428571,0.5214467062580297,47.86,Unreliable,True,,False,0.0
4796_MVR.png,MVR,GT,0.2820623466705024,0.3638269541320792,0.0,0.6361730458679208,0.2133056840793038,0.32295743448437225,0.29738206977865833,0.5466340300324676,0.42478185876623376,0.3647651176948052,0.33079167907559637,66.92,Degraded,False,,False,0.5
4796_MVR.png,MVR,fpn_resnet18_torch_cross_entropy_correct_files,0.2940330352647856,0.3001087104226118,0.0,0.6998912895773882,0.23491097899136162,0.35244956202125677,0.3191694565089385,0.5872184456168831,0.4802111657873377,0.42750608766233766,0.3682926286187206,63.17,Degraded,False,,False,0.5
4796_MVR.png,MVR,fpn_resnet50_torch_cross_entropy_all_files,0.2912800965326557,0.23707493724365922,0.0,0.7629250627563408,0.24501310542676544,0.36878582183962816,0.30273535046231514,0.576666497564935,0.49413162033279223,0.45348011363636365,0.38179232631303495,61.82,Degraded,False,,False,0.5
4796_MVR.png,MVR,unet_resnet18_torch_cross_entropy_all_files,0.27985679923924595,0.21034522143856543,0.024656634590674166,0.7649981439707604,0.23807010604208123,0.35971834020474996,0.29897663350835973,0.5696530032467533,0.48041218547077924,0.4275187702922078,0.3715014080623611,62.85,Degraded,False,,False,0.5
4796_MVR.png,MVR,pan_resnet18_torch_cross_entropy_correct_clear_strict_files,0.3485444186065096,0.2163516100558275,0.00959499272064471,0.7740533972235278,0.29688390509753154,0.4287018450074294,0.2821981862244779,0.6321910511363636,0.5575476866883118,0.5192775974025974,0.440694799706813,55.93,Unreliable,True,,False,0.0
4797_MVR.png,MVR,GT,0.2820623466705024,0.3638269541320792,0.0,0.6361730458679208,0.2133056840793038,0.32295743448437225,0.29738206977865833,0.5466340300324676,0.42478185876623376,0.3647651176948052,0.33079167907559637,66.92,Degraded,False,,False,0.5
4797_MVR.png,MVR,fpn_resnet18_torch_cross_entropy_correct_files,0.30487298124485573,0.3239060063169207,0.0,0.6760939936830793,0.23871035408625607,0.35802907078948865,0.30870125803443443,0.5998757102272727,0.4830369825487013,0.425489549512987,0.37223662048220396,62.78,Degraded,False,,False,0.5
4797_MVR.png,MVR,fpn_resnet50_torch_cross_entropy_all_files,0.28741239741407554,0.19405557949758803,0.010509779934105347,0.7954346405683066,0.2490168133036064,0.3680034001043764,0.3245679720542213,0.5617009943181818,0.49974127435064936,0.4645013189935065,0.38500257376265457,61.5,Degraded,False,,False,0.5
4797_MVR.png,MVR,unet_resnet18_torch_cross_entropy_all_files,0.28478332094710684,0.23346194317783234,0.015222728867064187,0.7513153279551035,0.2387636947714142,0.3643393087764894,0.29341338906107717,0.5855062905844156,0.49327820616883117,0.44347351866883117,0.37824218353190353,62.18,Degraded,False,,False,0.5
4797_MVR.png,MVR,pan_resnet18_torch_cross_entropy_correct_clear_strict_files,0.17667953236001566,0.09780863429747394,0.0,0.9021913657025261,0.1651014072351545,0.26686216415440683,0.3026084420526907,0.41548295454545453,0.38534281148538957,0.3704976663961039,0.2837261960110242,71.63,Degraded,False,,False,0.5
4798_MVR.png,MVR,GT,0.2820143999872142,0.36371879516023914,0.0,0.6362812048397608,0.21328986167381872,0.32295302527148223,0.29732682099530566,0.5466340300324676,0.42478185876623376,0.3647651176948052,0.3307856095900838,66.92,Degraded,False,,False,0.5
4798_MVR.png,MVR,fpn_resnet18_torch_cross_entropy_correct_files,0.2826377068699606,0.30887217619949675,0.0,0.6911278238005033,0.22414742805999727,0.3411795049458117,0.3209975132067166,0.5711495535714286,0.46869685978084413,0.4182350852272727,0.35707682381408035,64.29,Degraded,False,,False,0.5
4798_MVR.png,MVR,fpn_resnet50_torch_cross_entropy_all_files,0.26891696433565876,0.21750564602401046,0.0007131819802686319,0.781781171995721,0.22966281494977586,0.34705856733495505,0.31633918249949533,0.5361201298701299,0.47416281960227286,0.44334669237012986,0.36268154252632845,63.73,Degraded,False,,False,0.5
4798_MVR.png,MVR,unet_resnet18_torch_cross_entropy_all_files,0.2890585668736365,0.2443983689266708,0.05505563618771166,0.7005459948856175,0.2363152574337337,0.355568840216848,0.30949128258830577,0.5777825689935064,0.482841796875,0.4189453125,0.37070194804517453,62.93,Degraded,False,,False,0.5
4798_MVR.png,MVR,pan_resnet18_torch_cross_entropy_correct_clear_strict_files,0.23287304517376678,0.15066142786061115,0.001115248014000652,0.8482233241253881,0.20927780308297175,0.3268300089599742,0.28564011866998595,0.49386160714285715,0.43786640117694803,0.4101055194805195,0.33597890408366304,66.4,Degraded,False,,False,0.5
4799_MVR.png,MVR,GT,0.2820143999872142,0.36371879516023914,0.0,0.6362812048397608,0.21328986167381872,0.32295302527148223,0.29732682099530566,0.5466340300324676,0.42478185876623376,0.3647651176948052,0.3307856095900838,66.92,Degraded,False,,False,0.5
4799_MVR.png,MVR,fpn_resnet18_torch_cross_entropy_correct_files,0.286741143848041,0.2898070089876681,6.967184560719014e-05,0.7101233191667248,0.2310576239221985,0.34809680590044395,0.3201621236957666,0.5676618303571429,0.4742202719155844,0.4281655844155844,0.3634344377130265,63.66,Degraded,False,,False,0.5
4799_MVR.png,MVR,fpn_resnet50_torch_cross_entropy_all_files,0.2798048569990171,0.2342458124491282,0.004026903140127661,0.7617272844107441,0.2355078752427301,0.3571805319312572,0.3017558143987042,0.5588093547077922,0.4820984679383117,0.4433847402597403,0.37064590932752084,62.94,Degraded,False,,False,0.5
4799_MVR.png,MVR,unet_resnet18_torch_cross_entropy_all_files,0.2898736604895356,0.23669519910681058,0.0458724448303905,0.717432356062799,0.2393827663638035,0.35680127679772256,0.31931557980682557,0.5608766233766234,0.47825220677759744,0.4228769277597403,0.3701560956594968,62.98,Degraded,False,,False,0.5
4799_MVR.png,MVR,pan_resnet18_torch_cross_entropy_correct_clear_strict_files,0.2953076179288631,0.22933607544412724,0.002773681148439297,0.7678902434074335,0.24965358521324288,0.3685362383684429,0.32136069014267915,0.5627156047077922,0.4856957690746753,0.4469485592532468,0.37973525470437586,62.03,Degraded,False,,False,0.5
4800_RV.png,RV,GT,0.3160721102499324,0.09736734970823721,0.24788980865789118,0.6547428416338716,0.26881343209961267,0.42487749034340677,0.30264736858412866,0.574491532821229,0.5203092266061453,0.4151318086592179,0.416230967375364,58.38,Degraded,False,,False,0.5
4800_RV.png,RV,fpn_resnet18_torch_cross_entropy_correct_files,0.32262173858962095,0.1270058630362817,0.17753965194038582,0.6954544850233325,0.2756940161188627,0.43442918440052436,0.301152126017123,0.5868322276536313,0.5325553203561453,0.45149921438547486,0.4260590882982742,57.39,Degraded,False,,False,0.5
4800_RV.png,RV,fpn_resnet50_torch_cross_entropy_all_files,0.3031873142234594,0.1845485669015081,0.09259259259259259,0.7228588405058993,0.2561541628957335,0.40956532971007775,0.2993426050964543,0.5718509951117319,0.5030089036312849,0.44369762569832405,0.40091940923425734,59.91,Degraded,False,,False,0.5
4800_RV.png,RV,unet_resnet18_torch_cross_entropy_all_files,0.3337694033275715,0.16075100236455228,0.15973578698468183,0.6795132106507659,0.27969430778535065,0.44213922071249495,0.2944441167843477,0.6182677199720671,0.5451671613128491,0.4689900488826816,0.43461692307449334,56.54,Degraded,False,,False,0.5
4800_RV.png,RV,pan_resnet18_torch_cross_entropy_correct_clear_strict_files,0.3452687835362846,0.4320036771556704,0.00778911015317341,0.5602072126911561,0.2444189617530872,0.3956108974062595,0.29251276154203676,0.6374716305865922,0.48469633816340785,0.40704652583798884,0.38588749301316716,61.41,Degraded,False,,False,0.5
4801_RV.png,RV,GT,0.3160721102499324,0.09736734970823721,0.24788980865789118,0.6547428416338716,0.26881343209961267,0.42487749034340677,0.30264736858412866,0.574491532821229,0.5203092266061453,0.4151318086592179,0.416230967375364,58.38,Degraded,False,,False,0.5
4801_RV.png,RV,fpn_resnet18_torch_cross_entropy_correct_files,0.3154330175042785,0.13272868195972315,0.17514039787329516,0.6921309201669816,0.26859879987818636,0.42557360390383475,0.3000482879137245,0.5758881808659218,0.5194844404678771,0.4370744587988827,0.4160454973217572,58.4,Degraded,False,,False,0.5
4801_RV.png,RV,fpn_resnet50_torch_cross_entropy_all_files,0.29252861977413,0.16842861541619625,0.09344437764842158,0.7381270069353821,0.2502236395688483,0.40248590362657316,0.2996808031425127,0.5559095670391061,0.4947292903282123,0.4381437674581006,0.39370457908991136,60.63,Degraded,False,,False,0.5
4801_RV.png,RV,unet_resnet18_torch_cross_entropy_all_files,0.3238913456548127,0.21998861123250302,0.06360494219538358,0.7164064465721134,0.26914786204175123,0.42964753298637604,0.292843324526547,0.6067126396648045,0.5304079739874302,0.47477304469273746,0.4218018081034103,57.82,Degraded,False,,False,0.5
4801_RV.png,RV,pan_resnet18_torch_cross_entropy_correct_clear_strict_files,0.3542117927623819,0.08366229929040227,0.19122811266377662,0.7251095880458212,0.3113269109516477,0.46988307183069394,0.32491578764791745,0.6163691515363129,0.5611328125,0.5129189944134078,0.4588161198347025,54.12,Unreliable,True,,False,0.0
4802_RV.png,RV,GT,0.3160721102499324,0.09736734970823721,0.24788980865789118,0.6547428416338716,0.26881343209961267,0.42487749034340677,0.30264736858412866,0.574491532821229,0.5203092266061453,0.4151318086592179,0.416230967375364,58.38,Degraded,False,,False,0.5
4802_RV.png,RV,fpn_resnet18_torch_cross_entropy_correct_files,0.3140776261779251,0.11478320245817686,0.19762376237623763,0.6875930351655856,0.26882003748772215,0.4254591852411742,0.30179417999347724,0.5746770251396648,0.5196270513268156,0.4315315118715084,0.4161345873493951,58.39,Degraded,False,,False,0.5
4802_RV.png,RV,fpn_resnet50_torch_cross_entropy_all_files,0.2932835212723522,0.08001228483261916,0.14025183906869268,0.7797358760986881,0.2635757024658686,0.41952974675933485,0.30052042616587765,0.5537709497206704,0.5141272040851955,0.45802417946927376,0.41058251640163923,58.94,Degraded,False,,False,0.5
4802_RV.png,RV,unet_resnet18_torch_cross_entropy_all_files,0.3148325276761473,0.20965654418877128,0.04615740929960082,0.7441860465116279,0.2656672085372497,0.42111905376390263,0.3028202320841273,0.5801763268156425,0.5169376309357542,0.4769334846368715,0.4128109310646474,58.72,Degraded,False,,False,0.5
4802_RV.png,RV,pan_resnet18_torch_cross_entropy_correct_clear_strict_files,0.3531094650064553,0.14870331005162465,0.12495596720315821,0.7263407227452171,0.3029268732065728,0.4543321572251117,0.33108113088274677,0.6141978002793296,0.5476211155726257,0.5044627269553073,0.44622615535855564,55.38,Unreliable,True,,False,0.0
4803_RV.png,RV,GT,0.3160721102499324,0.09736734970823721,0.24788980865789118,0.6547428416338716,0.26881343209961267,0.42487749034340677,0.30264736858412866,0.574491532821229,0.5203092266061453,0.4151318086592179,0.416230967375364,58.38,Degraded,False,,False,0.5
4803_RV.png,RV,fpn_resnet18_torch_cross_entropy_correct_files,0.3364587399149878,0.1696645972234616,0.19690730849151614,0.6334280942850222,0.2756862955353581,0.4352790330052589,0.2970633367232848,0.6097568959497207,0.533744871682961,0.42930560405027934,0.4267875472353695,57.32,Degraded,False,,False,0.5
4803_RV.png,RV,fpn_resnet50_torch_cross_entropy_all_files,0.28634357454437837,0.08548660105753532,0.15078116808220615,0.7637322308602585,0.2552633791278314,0.40979975868378826,0.2994690661768103,0.5484680516759777,0.5036373952513966,0.4420936627094972,0.4009738994440446,59.9,Degraded,False,,False,0.5
4803_RV.png,RV,unet_resnet18_torch_cross_entropy_all_files,0.3182767657617857,0.184747452967495,0.0813433238100372,0.7339092232224678,0.2700777205406124,0.42792582420398045,0.29942703437776536,0.5900728875698324,0.528423315293296,0.48226911662011174,0.42077038954069623,57.92,Degraded,False,,False,0.5
4803_RV.png,RV,pan_resnet18_torch_cross_entropy_correct_clear_strict_files,0.34137417807954773,0.09331691565417331,0.20342007061277312,0.7032630137330536,0.2964202656738568,0.4551115909453874,0.3178660875539321,0.61328125,0.5483665764664805,0.4897106319832402,0.44480618757236545,55.52,Degraded,False,,False,0.5
4804_RV.png,RV,GT,0.3160721102499324,0.09736734970823721,0.24788980865789118,0.6547428416338716,0.26881343209961267,0.42487749034340677,0.30264736858412866,0.574491532821229,0.5203092266061453,0.4151318086592179,0.416230967375364,58.38,Degraded,False,,False,0.5
4804_RV.png,RV,fpn_resnet18_torch_cross_entropy_correct_files,0.32105617582342166,0.1826404104098755,0.11357077967188585,0.7037888099182387,0.26937154450273004,0.42512506774270814,0.3035267302320921,0.5862975733240223,0.5196366532821229,0.45517632681564246,0.41620364498648066,58.38,Degraded,False,,False,0.5
4804_RV.png,RV,fpn_resnet50_torch_cross_entropy_all_files,0.299155453948864,0.1735440025234422,0.08251369254150775,0.7439423049350501,0.2559786054052663,0.4087425907101055,0.30312109358284867,0.5590302025139665,0.49870580918296087,0.4465563896648045,0.39889868250779587,60.11,Degraded,False,,False,0.5
4804_RV.png,RV,unet_resnet18_torch_cross_entropy_all_files,0.323479581201237,0.21817362133206042,0.05455003513796624,0.7272763435299734,0.2701949447334897,0.42962903831327565,0.2938283836074127,0.609036749301676,0.5346929556564245,0.4834257157821229,0.4238243771765994,57.62,Degraded,False,,False,0.5
4804_RV.png,RV,pan_resnet18_torch_cross_entropy_correct_clear_strict_files,0.31874428998511645,0.1930214094438389,0.10208173536258797,0.7048968551935731,0.26645998378677466,0.4199106864119358,0.3024500329984883,0.5912185754189944,0.515924406424581,0.4652692912011173,0.41228096362944555,58.77,Degraded,False,,False,0.5
4805_RV.png,RV,GT,0.3160721102499324,0.09736734970823721,0.24788980865789118,0.6547428416338716,0.26881343209961267,0.42487749034340677,0.30264736858412866,0.574491532821229,0.5203092266061453,0.4151318086592179,0.416230967375364,58.38,Degraded,False,,False,0.5
4805_RV.png,RV,fpn_resnet18_torch_cross_entropy_correct_files,0.3221799496446387,0.19944351252762468,0.14324892829565727,0.657307559176718,0.26343630304148097,0.417933343486627,0.30332517316713575,0.5827513966480447,0.5092457009427375,0.42788713337988826,0.4081091743355274,59.19,Degraded,False,,False,0.5
4805_RV.png,RV,fpn_resnet50_torch_cross_entropy_all_files,0.30212787859811363,0.19564445832564348,0.06901006544669856,0.735345476227658,0.2554354623557216,0.4081214923312269,0.30316295690487494,0.5697560230446927,0.5030321447276537,0.45178290851955305,0.40027994429714603,59.97,Degraded,False,,False,0.5
4805_RV.png,RV,unet_resnet18_torch_cross_entropy_all_files,0.32184110181305037,0.22907976277737055,0.07253948157526488,0.6983807556473646,0.26450611856242734,0.4214392590324903,0.29523674274546474,0.6030137046089385,0.5213648961243016,0.4623668819832402,0.41432957172819596,58.57,Degraded,False,,False,0.5
4805_RV.png,RV,pan_resnet18_torch_cross_entropy_correct_clear_strict_files,0.3358925637913212,0.05494758079963224,0.19042024747481195,0.7546321717255557,0.3017800663112339,0.46000044944819,0.32326684563546804,0.5952448498603352,0.5555588774441341,0.5150794343575419,0.45075770570548085,54.92,Unreliable,True,,False,0.0
4806_RV.png,RV,GT,0.3160721102499324,0.09736734970823721,0.24788980865789118,0.6547428416338716,0.26881343209961267,0.42487749034340677,0.30264736858412866,0.574491532821229,0.5203092266061453,0.4151318086592179,0.416230967375364,58.38,Degraded,False,,False,0.5
4806_RV.png,RV,fpn_resnet18_torch_cross_entropy_correct_files,0.3221627927924064,0.1552123552123552,0.17956330714951405,0.6652243376381307,0.26899182047069825,0.4234877519729768,0.30221274755948746,0.587486906424581,0.5190866140013967,0.4300584846368715,0.41537851733366116,58.46,Degraded,False,,False,0.5
4806_RV.png,RV,fpn_resnet50_torch_cross_entropy_all_files,0.30614258202047673,0.2146830122591944,0.019418563922942205,0.7658984238178634,0.2600865134273815,0.40982621401337327,0.30909210355396577,0.5617471194134078,0.502409436103352,0.46764795740223464,0.4019375926735672,59.81,Degraded,False,,False,0.5
4806_RV.png,RV,unet_resnet18_torch_cross_entropy_all_files,0.3220727193181867,0.2135066387886375,0.08372731025849325,0.7027660509528693,0.2668318585589102,0.4247408507121194,0.29716178131048143,0.5961177548882681,0.5208977828212291,0.4639053770949721,0.41583092590980053,58.42,Degraded,False,,False,0.5
4806_RV.png,RV,pan_resnet18_torch_cross_entropy_correct_clear_strict_files,0.31487541980672806,0.08024682949421749,0.1443380419828091,0.7754151285229735,0.28249353401131494,0.4375281103046205,0.3143200732309542,0.5691449895251397,0.530500938372905,0.498112342877095,0.42820686864394264,57.18,Degraded,False,,False,0.5
4807_FV.png,FV,GT,0.07992112469164385,0.0,0.5489461592248527,0.4510538407751473,0.06500451058190498,0.10001677921445966,0.3735015737389484,0.11225558659217877,0.0884272433659218,0.042172224162011177,0.0848772842852781,91.51,Healthy,False,,False,1.0
4807_FV.png,FV,fpn_resnet18_torch_cross_entropy_correct_files,0.043098011352296406,0.12827637306659256,0.42697045475595075,0.4447531721774567,0.03313740908982046,0.07065823903005666,0.07008279212591807,0.09361906424581005,0.07568413931564247,0.047922486033519555,0.061412350162220124,93.86,Healthy,False,,False,1.0
4807_FV.png,FV,fpn_resnet50_torch_cross_entropy_all_files,0.05769952339515092,0.28343133863714975,0.23472846765824973,0.48184019370460046,0.04213757673976736,0.0783038469666554,0.19219976625033564,0.10325375349162011,0.07821250872905028,0.06419125349162011,0.06741743060354694,93.26,Healthy,False,,False,1.0
4807_FV.png,FV,unet_resnet18_torch_cross_entropy_all_files,0.08006083298073623,0.5666849478984893,0.07378969935683302,0.3595253527446777,0.047654816742641375,0.09350272652955532,0.13658207161371774,0.13916288407821228,0.09781075418994413,0.07061801675977654,0.08147156465763666,91.85,Healthy,False,,False,1.0
4807_FV.png,FV,pan_resnet18_torch_cross_entropy_correct_clear_strict_files,0.008582080615674472,0.06186046511627907,0.00046511627906976747,0.9376744186046512,0.008225026145408388,0.018787412007487764,0.11479953126978537,0.019214821927374302,0.019214821927374302,0.019214821927374302,0.015789660216818567,98.42,Healthy,False,,False,1.0
4808_FV.png,FV,GT,0.07895514166420514,0.0,0.543427704752275,0.45657229524772497,0.06436696178379543,0.0985810153195732,0.37920194840782667,0.10924406424581005,0.08643963861731843,0.042172224162011177,0.08346024857793796,91.65,Healthy,False,,False,1.0
4808_FV.png,FV,fpn_resnet18_torch_cross_entropy_correct_files,0.0463991186402791,0.3121988988300069,0.1810048176187199,0.5067962835512733,0.033838185867907815,0.07201331716764534,0.06372001821410977,0.09904198673184357,0.07471990659916201,0.055200331703910616,0.06164341355033075,93.84,Healthy,False,,False,1.0
4808_FV.png,FV,fpn_resnet50_torch_cross_entropy_all_files,0.06103655567175737,0.16264469295664116,0.32810149761297497,0.5092538094303839,0.047576380517479505,0.08777104334269856,0.1975808264137242,0.10544692737430168,0.08749923620810057,0.07431695181564246,0.07560392164129365,92.44,Healthy,False,,False,1.0
4808_FV.png,FV,unet_resnet18_torch_cross_entropy_all_files,0.09336904543313561,0.6364413663374803,0.04971997776922748,0.3138386558932923,0.05197663279073295,0.09845839698906783,0.1784826309765041,0.14825200768156424,0.10006634078212291,0.07113084846368715,0.0851570452467894,91.48,Healthy,False,,False,1.0
4808_FV.png,FV,pan_resnet18_torch_cross_entropy_correct_clear_strict_files,0.024840133800624296,0.08516792543789169,0.012052064920456372,0.902780009641652,0.02332090594837978,0.05012087569146548,0.17486909177589716,0.05848463687150838,0.05640908694134078,0.055091218575418995,0.04459616926848989,95.54,Healthy,False,,False,1.0
4809_FV.png,FV,GT,0.08001692466130719,0.0,0.5549236755462437,0.44507632445375633,0.06491980744206098,0.09913166040188236,0.38222209511378286,0.10924406424581005,0.08619107891061452,0.04144116620111732,0.0836918719174288,91.63,Healthy,False,,False,1.0
4809_FV.png,FV,fpn_resnet18_torch_cross_entropy_correct_files,0.1117067562928605,0.07146685724495265,0.6226192603180275,0.30591388243701984,0.08271066014162429,0.11814879776336865,0.4400167983041072,0.11557262569832402,0.09140057611731844,0.05684793994413408,0.09681806781842525,90.32,Healthy,False,,False,1.0
4809_FV.png,FV,fpn_resnet50_torch_cross_entropy_all_files,0.12042854519762736,0.01756711965528671,0.2688100762346702,0.7136228041100431,0.10800448663191256,0.14179993424710277,0.49829686084906094,0.11665284567039107,0.10364830656424581,0.08401710893854748,0.11640064888940291,88.36,Healthy,False,,False,1.0
4809_FV.png,FV,unet_resnet18_torch_cross_entropy_all_files,0.14929626938951468,0.4600288754612053,0.3384845730174857,0.201486551521309,0.08609854623546037,0.13002442715617882,0.38103204652730915,0.19067519203910616,0.11768058222765364,0.07251658519553073,0.1119091249085532,88.81,Healthy,False,,False,1.0
4809_FV.png,FV,pan_resnet18_torch_cross_entropy_correct_clear_strict_files,0.10809030743806931,0.02773366815613575,0.36474759038369214,0.607518741460172,0.0926770902355881,0.1389880888428395,0.281418514513358,0.12466174930167598,0.11769367580307262,0.10767283519553073,0.11657702404475734,88.34,Healthy,False,,False,1.0
4810_FV.png,FV,GT,0.08543361461268871,0.0,0.5988412839321591,0.401158716067841,0.06803881495437526,0.10205150910839514,0.4029119631869964,0.11372861382681564,0.0879155027932961,0.03780769902234637,0.08619329833614955,91.38,Healthy,False,,False,1.0
4810_FV.png,FV,fpn_resnet18_torch_cross_entropy_correct_files,0.07383383495261893,0.37503378926312375,0.21046656214521273,0.4144996485916635,0.04999796425064466,0.06813809693504781,0.48782764834473974,0.0770338687150838,0.050752335020949724,0.03780769902234637,0.05574175236408763,94.43,Healthy,False,,False,1.0
4810_FV.png,FV,fpn_resnet50_torch_cross_entropy_all_files,0.07036108605232275,0.10132183582004879,0.21552164293413514,0.683156521245816,0.06042870486424346,0.08155428908785813,0.48820414547911795,0.07120722765363129,0.056768614699720665,0.04747512220670391,0.06530234406551874,93.47,Healthy,False,,False,1.0
4810_FV.png,FV,unet_resnet18_torch_cross_entropy_all_files,0.07220523546834211,0.48808668251423515,0.14295980982917794,0.36895350765658685,0.045083186306991,0.04587005438730357,0.6919666437833292,0.0409283344972067,0.013506350384078212,0.0,0.03268851236191966,96.73,Healthy,False,,False,1.0
4810_FV.png,FV,pan_resnet18_torch_cross_entropy_correct_clear_strict_files,0.11417759717709423,0.2080827856243882,0.43840022374493076,0.35351699063068104,0.0812406096071403,0.09092868337760195,0.31447670767785024,0.06659174231843576,0.06164793557960894,0.056509689245810055,0.07630996212726625,92.37,Healthy,False,,False,1.0
4811_FV.png,FV,GT,0.08261549883842537,0.0,0.5867517031453834,0.4132482968546166,0.06613407205754385,0.10123650560662165,0.3857951067997154,0.11519072974860335,0.08877291375698325,0.03749127094972067,0.08572033880204294,91.43,Healthy,False,,False,1.0
4811_FV.png,FV,fpn_resnet18_torch_cross_entropy_correct_files,0.036974796624647734,0.5055597538594407,0.002267084098024398,0.4921731620425348,0.024422006849697833,0.05324720974702435,0.1924858068390991,0.09074938896648045,0.05891181476955308,0.04323062150837989,0.04686549088683789,95.31,Healthy,False,,False,1.0
4811_FV.png,FV,fpn_resnet50_torch_cross_entropy_all_files,0.08605631441550043,0.1073797485968737,0.42576186279512035,0.46685838860800594,0.06740761290425593,0.08998314734447395,0.481464633506158,0.0856210719273743,0.06350875087290503,0.04419081703910614,0.07262072842378098,92.74,Healthy,False,,False,1.0
4811_FV.png,FV,unet_resnet18_torch_cross_entropy_all_files,0.09428712847574265,0.415096735955294,0.2344947292663308,0.3504085347783752,0.060547137576739775,0.08905446517383926,0.4145268656308515,0.10507594273743016,0.07473223638268157,0.058233676675977654,0.07477337537824634,92.52,Healthy,False,,False,1.0
4811_FV.png,FV,pan_resnet18_torch_cross_entropy_correct_clear_strict_files,0.021443226542978262,0.0,0.08860759493670886,0.9113924050632911,0.020797215414215118,0.04272498059301283,0.19890203923342928,0.0469622905027933,0.04654307786312849,0.04572931215083799,0.037673889947419784,96.23,Healthy,False,,False,1.0
4812_FV.png,FV,GT,0.07925052490400045,0.0,0.566334239951647,0.433665760048353,0.06399054773632655,0.09891534087876716,0.3791022156480894,0.11247381284916201,0.08719120984636873,0.03811321578212291,0.0837482505230756,91.63,Healthy,False,,False,1.0
4812_FV.png,FV,fpn_resnet18_torch_cross_entropy_correct_files,0.04789998483167147,0.46291666666666664,0.07958333333333334,0.4575,0.031747511196621454,0.0681932665031283,0.18273962292664014,0.09864917946927375,0.07238957751396648,0.059455743715083796,0.05893806431551152,94.11,Healthy,False,,False,1.0
4812_FV.png,FV,fpn_resnet50_torch_cross_entropy_all_files,0.08321025698341862,0.07262784227189868,0.13993092199942436,0.787441235728677,0.07520233751925978,0.10178679639719224,0.4751559661867783,0.07256023044692737,0.05952579434357542,0.050257506983240226,0.07690705791236577,92.31,Healthy,False,,False,1.0
4812_FV.png,FV,unet_resnet18_torch_cross_entropy_all_files,0.07125521910251395,0.593804268668422,0.1248109349616268,0.2813847963699513,0.039882645037162406,0.07049619043345845,0.28616152371954395,0.09352086243016759,0.06758292597765363,0.05480752444134078,0.06014682103224771,93.99,Healthy,False,,False,1.0
4812_FV.png,FV,pan_resnet18_torch_cross_entropy_correct_clear_strict_files,0.16879954654681026,0.5593785471055619,0.11748013620885357,0.32314131668558455,0.09879383846528449,0.13345564364941398,0.11746791511159961,0.1913735160614525,0.13232334584497207,0.09902016410614525,0.12260418297239836,87.74,Healthy,False,,False,1.0
4813_FV.png,FV,GT,0.0767158173733245,0.0,0.5755242208231438,0.42447577917685625,0.06170420162700281,0.09649458640091656,0.37301209112471195,0.11045521997206705,0.08585893854748604,0.03811321578212291,0.08180321182737021,91.82,Healthy,False,,False,1.0
4813_FV.png,FV,fpn_resnet18_torch_cross_entropy_correct_files,0.0427826697854879,0.42815823847732787,0.03955961933196492,0.5322821421907072,0.029934337104126584,0.06850280108392945,0.17496009361339712,0.10179163756983241,0.0752980970670391,0.062249039804469275,0.059650380283232454,94.03,Healthy,False,,False,1.0
4813_FV.png,FV,fpn_resnet50_torch_cross_entropy_all_files,0.07592546762360192,0.08948004836759371,0.5047053256926555,0.4058146259397508,0.05834481602414159,0.08905491391668072,0.3958400240822012,0.09502662360335196,0.06854595844972067,0.03516716131284916,0.07163830236213496,92.84,Healthy,False,,False,1.0
4813_FV.png,FV,unet_resnet18_torch_cross_entropy_all_files,0.11693982963572061,0.5949959038776624,0.2248429819770617,0.1801611141452758,0.06138243347889607,0.09495792767672838,0.38727891176891116,0.11845321229050279,0.08057338949022347,0.05758990921787709,0.07913146414277672,92.09,Healthy,False,,False,1.0
4813_FV.png,FV,pan_resnet18_torch_cross_entropy_correct_clear_strict_files,0.07156656900391982,0.18729432762563444,0.18991577890568354,0.6227898934686821,0.05796472964450229,0.08692544535013859,0.1497081548502424,0.0921678596368715,0.0849558091829609,0.07454608938547486,0.07744937617157663,92.26,Healthy,False,,False,1.0
4814_FV.png,FV,GT,0.07794924198274004,0.0,0.5838795575583777,0.4161204424416223,0.06247483254963636,0.0979987265398655,0.369857452625226,0.1142305342178771,0.08835064594972068,0.03811321578212291,0.08348232610673882,91.65,Healthy,False,,False,1.0
4814_FV.png,FV,fpn_resnet18_torch_cross_entropy_correct_files,0.04408395270674831,0.481437884824339,0.0,0.518562115175661,0.02986408379304014,0.0715722540980583,0.19045543382050362,0.12050453910614525,0.08163418732541902,0.06248908868715084,0.06308457629749714,93.69,Healthy,False,,False,1.0
4814_FV.png,FV,fpn_resnet50_torch_cross_entropy_all_files,0.030216907097979417,0.48177014531043594,0.1655217965653897,0.3527080581241744,0.018762783308451953,0.04201124960271586,0.11232827641190501,0.07394596717877094,0.045577754015363126,0.02913320530726257,0.036463311479495594,96.35,Healthy,False,,False,1.0
4814_FV.png,FV,unet_resnet18_torch_cross_entropy_all_files,0.06534356264120517,0.5954184483811851,0.07611484422724496,0.32846670739156997,0.03758500251474921,0.07865106158308276,0.1847246408691229,0.11713294343575419,0.0824493715083799,0.05867012918994413,0.06785056783270155,93.21,Healthy,False,,False,1.0
4814_FV.png,FV,pan_resnet18_torch_cross_entropy_correct_clear_strict_files,0.06723561204205619,0.010270719544051295,0.2615768226074567,0.728152457848492,0.0607932636654665,0.10546637763540014,0.27279571137687453,0.11667466829608938,0.11447505673882681,0.11203736033519553,0.09566791508579073,90.43,Healthy,False,,False,1.0
4815_FV.png,FV,GT,0.07988519970302009,0.0,0.5487433168440514,0.45125668315594863,0.0649808000894133,0.09993451406091985,0.37373365512545215,0.11212465083798882,0.08834082576815643,0.042172224162011177,0.08481092455236251,91.52,Healthy,False,,False,1.0
4815_FV.png,FV,fpn_resnet18_torch_cross_entropy_correct_files,0.04863844293115974,0.3884283955683217,0.1469019286007386,0.46466967583093965,0.033551105292149996,0.0713159885055149,0.09001711085621351,0.10160614525139665,0.07527376483938548,0.055855010474860335,0.061569634075053656,93.84,Healthy,False,,False,1.0
4815_FV.png,FV,fpn_resnet50_torch_cross_entropy_all_files,0.054817540974445356,0.2852981868491954,0.09407995339692711,0.6206218597538775,0.042585721014521676,0.07862606507375552,0.19339390549635807,0.10299188198324022,0.0791901623603352,0.06725733240223464,0.06803960077061724,93.2,Healthy,False,,False,1.0
4815_FV.png,FV,unet_resnet18_torch_cross_entropy_all_files,0.06122815561108406,0.5235021839754873,0.0679966099484973,0.40850120607601537,0.03833707219326047,0.07901661040557913,0.08962977920718923,0.1162382157821229,0.08251003840782122,0.060415939245810055,0.06821012014278036,93.18,Healthy,False,,False,1.0
4815_FV.png,FV,pan_resnet18_torch_cross_entropy_correct_clear_strict_files,0.025646450211957432,0.3066147859922179,0.07346303501945525,0.6199221789883268,0.01973726858319828,0.04256215658284059,0.1921768300497283,0.06073236731843575,0.04841535003491619,0.04031730097765363,0.03805596756377814,96.19,Healthy,False,,False,1.0
4816_MVL.png,MVL,GT,0.12997560660398694,0.0,0.407016126526427,0.592983873473573,0.11198886950340863,0.20344038675676931,0.19374774615381735,0.3861987621753247,0.33497539569805196,0.23554180194805194,0.22861893515727416,77.14,Degraded,False,,False,0.5
4816_MVL.png,MVL,fpn_resnet18_torch_cross_entropy_correct_files,0.13171222254531356,0.009812038144298285,0.3337012847637445,0.6564866770919572,0.11590247487964847,0.20400316924057826,0.24219951283616234,0.36732700892857145,0.329074802150974,0.258205661525974,0.22760161409645763,77.24,Degraded,False,,False,0.5
4816_MVL.png,MVL,fpn_resnet50_torch_cross_entropy_all_files,0.1342161804142031,0.003370144133842867,0.3774260524177775,0.6192038034483797,0.11668984847016253,0.20361928131480928,0.23507425863098164,0.3795403814935065,0.33306589894480515,0.2442294034090909,0.2293190985134136,77.07,Degraded,False,,False,0.5
4816_MVL.png,MVL,unet_resnet18_torch_cross_entropy_all_files,0.15290701431294626,0.2258260479120995,0.12596075116874886,0.6482132009191517,0.12322315918710218,0.2159643246018093,0.23001941974309964,0.41700487012987014,0.34969346083603897,0.2956574675324675,0.24163362947108905,75.84,Degraded,False,,False,0.5
4816_MVL.png,MVL,pan_resnet18_torch_cross_entropy_correct_clear_strict_files,0.11802122710090142,0.028025870033877427,0.18677069431612087,0.7852034356500017,0.10831051500759266,0.1959822182867105,0.20878177823638447,0.3496601055194805,0.3239555854301948,0.2840909090909091,0.22087005416036887,77.91,Degraded,False,,False,0.5
4817_MVL.png,MVL,GT,0.13086410778327032,0.0,0.3849643551523007,0.6150356448476992,0.11373558204904528,0.2056565826074617,0.19759792694754386,0.38622412743506496,0.33839437905844155,0.24554839691558442,0.2311754010203287,76.88,Degraded,False,,False,0.5
4817_MVL.png,MVL,fpn_resnet18_torch_cross_entropy_correct_files,0.1386788795192401,0.0002038557865921137,0.35453433513891314,0.6452618090744947,0.12194335401117896,0.2111079121560554,0.2581912026048975,0.3732244318181818,0.3372322696834416,0.2674512987012987,0.23480828772354695,76.52,Degraded,False,,False,0.5
4817_MVL.png,MVL,fpn_resnet50_torch_cross_entropy_all_files,0.12259700817421085,0.00039530899986823034,0.24472921333509026,0.7548754776650415,0.11236349390972829,0.19769875621096086,0.23823309296305323,0.3491020698051948,0.322996778612013,0.2723341112012987,0.2222173864810119,77.78,Degraded,False,,False,0.5
4817_MVL.png,MVL,unet_resnet18_torch_cross_entropy_all_files,0.14368679525701916,0.2409635167800326,0.07909382202484681,0.6799426611951206,0.11662518981616102,0.20534284659628965,0.23909745750051647,0.39510196834415584,0.3336583045860389,0.2913326907467532,0.23005373275815078,76.99,Degraded,False,,False,0.5
4817_MVL.png,MVL,pan_resnet18_torch_cross_entropy_correct_clear_strict_files,0.1230816451810927,0.03117206982543641,0.17210263814148838,0.7967252920330752,0.11330893993732029,0.20401648746628767,0.22196717380237196,0.3578911323051948,0.33349064021915586,0.29549259334415584,0.22859388430874472,77.14,Degraded,False,,False,0.5
4818_MVL.png,MVL,GT,0.128150140544732,0.0,0.4229302574769153,0.5770697425230846,0.10972262608639465,0.19857997285871154,0.2098748880742019,0.37770140016233766,0.3261287540584416,0.22601714691558442,0.22294228130690852,77.71,Degraded,False,,False,0.5
4818_MVL.png,MVL,fpn_resnet18_torch_cross_entropy_correct_files,0.12429323769829731,0.01400441902781388,0.31722770990382115,0.668767871068365,0.10972105101612228,0.19323974959948562,0.26876952703251494,0.34688260957792205,0.3118282010957792,0.24908685064935066,0.21561952062299405,78.44,Degraded,False,,False,0.5
4818_MVL.png,MVL,fpn_resnet50_torch_cross_entropy_all_files,0.12535136182998935,0.009085636961144403,0.20020619885301888,0.7907081641858367,0.11605562017382312,0.2038191185418313,0.24959423303273348,0.3540229301948052,0.3301249239042208,0.2857903814935065,0.22801239117638464,77.2,Degraded,False,,False,0.5
4818_MVL.png,MVL,unet_resnet18_torch_cross_entropy_all_files,0.13993085845368486,0.2683271761717848,0.040175479104132994,0.6914973447240822,0.1128627911860683,0.19993181383298358,0.2578225960279738,0.3899908685064935,0.3252329799107143,0.287109375,0.22393157347000128,77.61,Degraded,False,,False,0.5
4818_MVL.png,MVL,pan_resnet18_torch_cross_entropy_correct_clear_strict_files,0.15301201899777067,0.03552669781191438,0.19035553092089635,0.7741177712671893,0.13946681851959553,0.24219931395452451,0.24954622853506322,0.41402445211038963,0.3836477780032468,0.3412007913961039,0.2679589509435347,73.2,Degraded,False,,False,0.5
4819_MVL.png,MVL,GT,0.12950308552227716,0.0,0.3949042599638246,0.6050957400361754,0.11211503667086686,0.20361439396429767,0.18962273857409243,0.38195008116883117,0.33367187500000006,0.23995535714285715,0.22818757919054938,77.18,Degraded,False,,False,0.5
4819_MVL.png,MVL,fpn_resnet18_torch_cross_entropy_correct_files,0.1384931019999354,0.023941444068587427,0.35346436486644117,0.6225941910649714,0.11962775839229751,0.21048441282308883,0.22244090070377423,0.3869343547077922,0.34060584922889614,0.26078023538961037,0.23527599105617436,76.47,Degraded,False,,False,0.5
4819_MVL.png,MVL,fpn_resnet50_torch_cross_entropy_all_files,0.1356337436593325,0.0062529776083849456,0.2544664125774178,0.7392806098141972,0.1233306678297955,0.21947700358302866,0.21573927297186565,0.38942015016233766,0.3584109933035714,0.29854910714285715,0.2462066987452758,75.38,Degraded,False,,False,0.5
4819_MVL.png,MVL,unet_resnet18_torch_cross_entropy_all_files,0.15434073212497174,0.24039669248482312,0.13902553904123927,0.6205777684739376,0.12218623792446125,0.217225086710529,0.2506388693654196,0.42566710633116883,0.3481090198863636,0.2824421672077922,0.24106700534504255,75.89,Degraded,False,,False,0.5
4819_MVL.png,MVL,pan_resnet18_torch_cross_entropy_correct_clear_strict_files,0.13861829989337987,0.07053579232584564,0.1697404073070536,0.7597238003671007,0.1240674372395076,0.22312486955508928,0.21644956759703274,0.3974863027597403,0.3602749594155844,0.3162794237012987,0.24826767580461284,75.17,Degraded,False,,False,0.5
4820_MVL.png,MVL,GT,0.13617088300862654,0.0,0.37713912862947474,0.6228608713705253,0.1187100578333495,0.217788295634331,0.18459324203975658,0.4009867086038961,0.35312677556818184,0.2602221996753247,0.24220021626757687,75.78,Degraded,False,,False,0.5
4820_MVL.png,MVL,fpn_resnet18_torch_cross_entropy_correct_files,0.1297494426674421,0.0002801382015127463,0.5849285647586142,0.414791297039873,0.1039210768634293,0.1777879937309395,0.26206758782014755,0.36640117694805197,0.2953217583198052,0.15745484983766234,0.20264142450623274,79.74,Degraded,False,,False,0.5
4820_MVL.png,MVL,fpn_resnet50_torch_cross_entropy_all_files,0.14391295919356403,0.05396531402593029,0.3474490654992423,0.5985856204748274,0.12170870892701369,0.21496144504749398,0.23179651423967912,0.4066304788961039,0.35092989042207795,0.25523792613636365,0.2413730023611835,75.86,Degraded,False,,False,0.5
4820_MVL.png,MVL,unet_resnet18_torch_cross_entropy_all_files,0.13788326709960905,0.2793122638469875,0.07486599689522862,0.6458217392577839,0.10857015928402959,0.18875099157124697,0.24272872600000597,0.38699776785714285,0.3115886262175325,0.259867086038961,0.21383179574359598,78.62,Degraded,False,,False,0.5
4820_MVL.png,MVL,pan_resnet18_torch_cross_entropy_correct_clear_strict_files,0.07617686019837808,0.0007422330611812109,0.006998197433994274,0.9922595695048245,0.075957723498433,0.14132181031081895,0.22199637874676184,0.22780539772727273,0.22747767857142856,0.22684151785714285,0.15617493157134701,84.38,Healthy,False,,False,1.0
4821_MVL.png,MVL,GT,0.13404251882007043,0.0,0.41075625188309733,0.5892437481169027,0.1153225259280799,0.21082906830640138,0.20176121847977982,0.39430296266233766,0.34247159090909096,0.2418577516233766,0.2348341146339808,76.52,Degraded,False,,False,0.5
4821_MVL.png,MVL,fpn_resnet18_torch_cross_entropy_correct_files,0.12903056444056735,0.033303076778615916,0.3378509499514852,0.6288459732698989,0.11132984394688379,0.19427984441124577,0.26671357662026784,0.3550121753246753,0.31450550426136364,0.24017096185064934,0.2174851082119843,78.25,Degraded,False,,False,0.5
4821_MVL.png,MVL,fpn_resnet50_torch_cross_entropy_all_files,0.1322695551032277,0.03386156147903881,0.5391896430643339,0.4269487954566273,0.10502047591354076,0.18119070728685155,0.26974777065978794,0.3726663961038961,0.30051516842532466,0.16242644074675325,0.20606942233024755,79.39,Degraded,False,,False,0.5
4821_MVL.png,MVL,unet_resnet18_torch_cross_entropy_all_files,0.1371603502310103,0.23296625640421648,0.02296684529768565,0.7440668982980979,0.11468030112112694,0.2040158923151877,0.24946582326226807,0.3857675527597403,0.3311160714285714,0.3003627232142857,0.22805528660232297,77.19,Degraded,False,,False,0.5
4821_MVL.png,MVL,pan_resnet18_torch_cross_entropy_correct_clear_strict_files,0.07859196794933927,0.007297019527235354,0.008221993833504625,0.98448098663926,0.07798802946593002,0.1407520652738244,0.26182383456211616,0.23724127435064934,0.23616515320616885,0.2346793831168831,0.16008808970439387,83.99,Healthy,False,,False,1.0
4822_MVL.png,MVL,GT,0.12915576233401183,0.0,0.38846153846153847,0.6115384615384616,0.11209726664728119,0.2040801742058426,0.2120844751033949,0.3789569805194805,0.3323432426948052,0.2418577516233766,0.22779052933385924,77.22,Degraded,False,,False,0.5
4822_MVL.png,MVL,fpn_resnet18_torch_cross_entropy_correct_files,0.13272592161804142,0.09362828627069134,0.44860637779941576,0.4577653359298929,0.10415572194759459,0.17828925866718448,0.2765676826749945,0.3542258522727273,0.2913449928977273,0.1766309862012987,0.20127149134352462,79.87,Degraded,False,,False,0.5
4822_MVL.png,MVL,fpn_resnet50_torch_cross_entropy_all_files,0.1302744660915641,0.05201971665064947,0.4015872523793285,0.546393030970022,0.1079463506833382,0.18100217970821325,0.28880917641616616,0.3433822037337662,0.29301364650974027,0.20036018668831168,0.20389001772136156,79.61,Degraded,False,,False,0.5
4822_MVL.png,MVL,unet_resnet18_torch_cross_entropy_all_files,0.15243449323123648,0.27185777871979655,0.052829588808817295,0.6753126324713862,0.1219313188588414,0.215506391961921,0.24076197307112954,0.416599025974026,0.345615234375,0.3013392857142857,0.23947740699622874,76.05,Degraded,False,,False,0.5
4822_MVL.png,MVL,pan_resnet18_torch_cross_entropy_correct_clear_strict_files,0.20612823495202093,0.04408393581378946,0.26211328591861127,0.6938027782675993,0.18167013989854933,0.30143109726832534,0.2531622977039056,0.5191761363636364,0.4713805042613637,0.4053495332792208,0.3334825728546079,66.65,Degraded,False,,False,0.5
4823_MVL.png,MVL,GT,0.13083179864947822,0.0,0.3962957246488656,0.6037042753511345,0.11320345061548899,0.2067012131209342,0.207744893610879,0.3842202719155844,0.33581701501623373,0.2418577516233766,0.23029820512742044,76.97,Degraded,False,,False,0.5
4823_MVL.png,MVL,fpn_resnet18_torch_cross_entropy_correct_files,0.13798423314270944,0.048732658198208746,0.34235789966633495,0.6089094421354563,0.11741732900390942,0.20809033360269724,0.23726196333938696,0.38490513392857145,0.3380240462662337,0.2553901176948052,0.2328619172884755,76.71,Degraded,False,,False,0.5
4823_MVL.png,MVL,fpn_resnet50_torch_cross_entropy_all_files,0.13453927175212432,0.08411130789781766,0.23540359619367815,0.6804850959085041,0.11618921844205359,0.20480825311396353,0.23393373910232623,0.3694830560064935,0.3330047686688312,0.26866883116883117,0.22950114893433762,77.05,Degraded,False,,False,0.5
4823_MVL.png,MVL,unet_resnet18_torch_cross_entropy_all_files,0.15977674388549643,0.27288812496840403,0.0642282998837268,0.6628835751478692,0.12707481179929564,0.22504638274825148,0.22625294932519846,0.441114549512987,0.3619101308847403,0.311130275974026,0.2504004107181602,74.96,Degraded,False,,False,0.5
4823_MVL.png,MVL,pan_resnet18_torch_cross_entropy_correct_clear_strict_files,0.24248408775160737,0.030312619709864926,0.28532169684049236,0.6843656834496428,0.21403613776614644,0.3363088534491674,0.24399796732278423,0.5671672077922078,0.5143103185876623,0.43228743912337664,0.3708276247996591,62.92,Degraded,False,,False,0.5
4824_MVL.png,MVL,GT,0.12997560660398694,0.0,0.3838361868066992,0.6161638131933008,0.1130132305902879,0.2047160750530243,0.1964979264415509,0.3861987621753247,0.3377308238636364,0.24364600243506493,0.2304111212384482,76.96,Degraded,False,,False,0.5
4824_MVL.png,MVL,fpn_resnet18_torch_cross_entropy_correct_files,0.14032260670091434,0.03597639948193985,0.34194848179594184,0.6220751187221183,0.12062598946722237,0.21020439047297482,0.24135068909947896,0.384080762987013,0.3373105215097403,0.2618836241883117,0.23417332258595527,76.58,Degraded,False,,False,0.5
4824_MVL.png,MVL,fpn_resnet50_torch_cross_entropy_all_files,0.1229241381538561,0.022932614909485165,0.21858264612149686,0.758484738969018,0.1118999386126458,0.1983566433198212,0.23021566459231632,0.35318587662337664,0.32442167207792205,0.27294287743506496,0.22284564341090893,77.72,Degraded,False,,False,0.5
4824_MVL.png,MVL,unet_resnet18_torch_cross_entropy_all_files,0.15168734451229363,0.2707739822678985,0.06981016533986528,0.6594158523922362,0.1205680753449,0.21283852391486044,0.22988440762079126,0.41488687094155846,0.34462193080357145,0.29868861607142855,0.2378707520993567,76.21,Degraded,False,,False,0.5
4824_MVL.png,MVL,pan_resnet18_torch_cross_entropy_correct_clear_strict_files,0.1392362120771542,0.05334145492516533,0.1957593688362919,0.7508991762385427,0.12499277083131402,0.22597247465077341,0.20612745363492782,0.4047154017857143,0.36788631290584417,0.31820718344155846,0.2524440988069639,74.76,Degraded,False,,False,0.5
4834_RV.png,RV,GT,0.07713720763651492,0.0,0.46129893238434166,0.5387010676156584,0.0650388817163715,0.11716921147756483,0.23090962165883344,0.17944745111731844,0.1526809095670391,0.10072232891061453,0.11573479178499654,88.43,Healthy,False,,False,1.0
4834_RV.png,RV,fpn_resnet18_torch_cross_entropy_correct_files,0.08717396619242268,0.05963393032867546,0.3406809683133242,0.5996851013580003,0.07359345980792904,0.12480877823896057,0.2704390593680966,0.18611426326815642,0.1566419343575419,0.11226649790502793,0.12217744515708365,87.78,Healthy,False,,False,1.0
4834_RV.png,RV,fpn_resnet50_torch_cross_entropy_all_files,0.07959921593185298,0.03664187951287854,0.26716240974242916,0.6961957107446923,0.07041463822632461,0.12366250711517629,0.2474329657659065,0.1785636347765363,0.160039498952514,0.12651667248603352,0.12223894318345588,87.78,Healthy,False,,False,1.0
4834_RV.png,RV,unet_resnet18_torch_cross_entropy_all_files,0.08612310899319302,0.33368195627272274,0.04148612978734001,0.6248319139399372,0.06565404065316137,0.1140688909920239,0.25875902506371556,0.19346848812849163,0.14951248254189944,0.12450899092178772,0.11372187251031537,88.63,Healthy,False,,False,1.0
4834_RV.png,RV,pan_resnet18_torch_cross_entropy_correct_clear_strict_files,0.07674688924822963,0.08411110490135808,0.16799865869334377,0.7478902364052982,0.06803811394723411,0.11746621481263744,0.20053500687675632,0.1712203212290503,0.15143069134078213,0.1287316689944134,0.11622357516427431,88.38,Healthy,False,,False,1.0
4835_RV.png,RV,GT,0.0782052216879769,0.0,0.508418801074974,0.49158119892502605,0.06468647997151963,0.11695270895379056,0.22657979997288227,0.18221892458100558,0.15199109636871508,0.09331354748603352,0.11528819522507909,88.47,Healthy,False,,False,1.0
4835_RV.png,RV,fpn_resnet18_torch_cross_entropy_correct_files,0.08401281616861754,0.01597998672588962,0.34767958339715116,0.6363404298769592,0.07318208138352857,0.12417832864687971,0.2701584841763499,0.1797202339385475,0.1569351213337989,0.11601998952513966,0.12198217154264204,87.8,Healthy,False,,False,1.0
4835_RV.png,RV,fpn_resnet50_torch_cross_entropy_all_files,0.07919602990439344,0.0014623050259965338,0.35496100519930673,0.6435766897746967,0.0695605272300691,0.1222157275249917,0.23891922116152808,0.18016759776536312,0.15880924842877095,0.11763486382681564,0.12105657579802662,87.89,Healthy,False,,False,1.0
4835_RV.png,RV,unet_resnet18_torch_cross_entropy_all_files,0.08257164058110258,0.3036205911381227,0.021141758869669108,0.6752376499922081,0.06518089756072454,0.11233317127997934,0.266654336276487,0.18504495460893855,0.14708111469972066,0.12622206703910616,0.11208666653209942,88.79,Healthy,False,,False,1.0
4835_RV.png,RV,pan_resnet18_torch_cross_entropy_correct_clear_strict_files,0.08229284173232737,0.007661836755967893,0.2695715625977275,0.7227666006463046,0.07432790175986412,0.12940363343317857,0.254056014894517,0.17832358589385475,0.16223889228351954,0.13257245111731844,0.1260150174713206,87.4,Healthy,False,,False,1.0
4836_RV.png,RV,GT,0.0782052216879769,0.0,0.508418801074974,0.49158119892502605,0.06468647997151963,0.11695270895379056,0.22657979997288227,0.18221892458100558,0.15199109636871508,0.09331354748603352,0.11528819522507909,88.47,Healthy,False,,False,1.0
4836_RV.png,RV,fpn_resnet18_torch_cross_entropy_correct_files,0.07920031911745153,0.0652585973463309,0.29526130517194693,0.6394800974817222,0.06778659449350828,0.11802491409503357,0.26534913677320776,0.1767305342178771,0.15190958886173186,0.11648917597765363,0.11650728812125531,88.35,Healthy,False,,False,1.0
4836_RV.png,RV,fpn_resnet50_torch_cross_entropy_all_files,0.08366110069785497,0.0,0.38825942066136887,0.6117405793386311,0.07261714913164882,0.12700259737482125,0.25856788671253683,0.1891039629888268,0.16576902932960894,0.12047180516759777,0.1261935356837846,87.38,Healthy,False,,False,1.0
4836_RV.png,RV,unet_resnet18_torch_cross_entropy_all_files,0.08226710645397889,0.2954118873826903,0.025495307612095935,0.6790928050052137,0.06527118549559713,0.1133500322173866,0.2641687406511904,0.1898022870111732,0.15144989525139665,0.12993191340782123,0.11416632341445378,88.58,Healthy,False,,False,1.0
4836_RV.png,RV,pan_resnet18_torch_cross_entropy_correct_clear_strict_files,0.07549872824832828,0.010282922395182366,0.38898988751278263,0.600727190092035,0.06499337316582526,0.11424034685399063,0.2651131983489382,0.17381721368715083,0.15047606057960897,0.10708362430167598,0.11396054023778836,88.6,Healthy,False,,False,1.0
4837_RV.png,RV,GT,0.07833818729277739,0.0,0.5183968462549278,0.4816031537450723,0.06453069575325016,0.11664324665370462,0.22404584258680985,0.1813460195530726,0.15076204608938548,0.09139315642458101,0.11465700115784062,88.53,Healthy,False,,False,1.0
4837_RV.png,RV,fpn_resnet18_torch_cross_entropy_correct_files,0.07962495121020147,0.005332902391725921,0.4230769230769231,0.571590174531351,0.06788670472628387,0.11887705799970892,0.251287492368374,0.18057131634078213,0.15585970233938548,0.10893854748603352,0.11837300975355203,88.16,Healthy,False,,False,1.0
4837_RV.png,RV,fpn_resnet50_torch_cross_entropy_all_files,0.08021257339915845,0.0,0.3738302764558045,0.6261697235441955,0.07001737131288524,0.12477803947187582,0.22907467817125227,0.18622337639664804,0.16308877444134082,0.11818042946927375,0.12367413301196464,87.63,Healthy,False,,False,1.0
4837_RV.png,RV,unet_resnet18_torch_cross_entropy_all_files,0.08353242430611256,0.29545571245186136,0.04169448010269576,0.6628498074454429,0.065812569967788,0.11601457293778494,0.24132236389852796,0.1911989350558659,0.15269640363128492,0.12963730796089384,0.11562670432418586,88.44,Healthy,False,,False,1.0
4837_RV.png,RV,pan_resnet18_torch_cross_entropy_correct_clear_strict_files,0.07407042029998756,0.4160055590943309,0.10145347153859517,0.48254096936707397,0.0508702384373539,0.08851658144830503,0.22600865301223674,0.16797966131284917,0.11957598638268156,0.08634121857541899,0.0896464405187703,91.04,Healthy,False,,False,1.0
4838_RV.png,RV,GT,0.07891294184256015,0.0,0.5219045548429178,0.4780954451570823,0.06491003375610678,0.11700671483925476,0.22656218290825686,0.18217527932960895,0.15130935754189945,0.09139315642458101,0.11509876759536825,88.49,Healthy,False,,False,1.0
4838_RV.png,RV,fpn_resnet18_torch_cross_entropy_correct_files,0.07417765062643956,0.0478200531976408,0.3757950734358737,0.5763848733664855,0.06232333803717032,0.10744243231828728,0.2586555458939849,0.16940904329608938,0.14280693523044694,0.0999258030726257,0.10805250519881607,89.19,Healthy,False,,False,1.0
4838_RV.png,RV,fpn_resnet50_torch_cross_entropy_all_files,0.09125729702371506,0.05513254371122391,0.3412765557435608,0.6035909005452152,0.07729740974423424,0.1346093204585732,0.2440880513322707,0.20420521997206703,0.17550639402932963,0.1281315467877095,0.13377457667257409,86.62,Healthy,False,,False,1.0
4838_RV.png,RV,unet_resnet18_torch_cross_entropy_all_files,0.08635043728527127,0.3052354460560302,0.04013510828531691,0.6546294456586529,0.06751277113188042,0.11577612098517445,0.262494346989407,0.1953125,0.1539604792248603,0.13037927723463688,0.11657085932506059,88.34,Healthy,False,,False,1.0
4838_RV.png,RV,pan_resnet18_torch_cross_entropy_correct_clear_strict_files,0.11660654619696924,0.02795556536452586,0.15930993893915987,0.8127344956963143,0.10810644111124931,0.1730758978646183,0.09532029902618921,0.25578299581005587,0.23703681476955304,0.20565642458100558,0.1791694276005815,82.08,Healthy,False,,False,1.0
4839_RV.png,RV,GT,0.08426587973904427,0.0,0.5522752723200651,0.4477247276799348,0.0684429727677863,0.12137669721347037,0.23448954675456182,0.188241969273743,0.15531337290502792,0.09139315642458101,0.11907125015638817,88.09,Healthy,False,,False,1.0
4839_RV.png,RV,fpn_resnet18_torch_cross_entropy_correct_files,0.07948769639234289,0.07354845672350528,0.3091409453917548,0.61731059788474,0.06721595758826128,0.12053720582614741,0.2159350455073904,0.18671438547486033,0.15954848987430167,0.1202644902234637,0.12014534497404328,87.99,Healthy,False,,False,1.0
4839_RV.png,RV,fpn_resnet50_torch_cross_entropy_all_files,0.08049995067404983,0.0159846547314578,0.30482736572890023,0.6791879795396419,0.07129469896158153,0.1260733071749603,0.2348004443619506,0.18564507681564246,0.16529416899441343,0.12627662360335196,0.12532806943872793,87.47,Healthy,False,,False,1.0
4839_RV.png,RV,unet_resnet18_torch_cross_entropy_all_files,0.09060962585194494,0.2976094674556213,0.04889940828402367,0.653491124260355,0.0710357591692652,0.1271629289471277,0.2318235955774602,0.20753317039106145,0.16499781773743016,0.13877007681564246,0.12545873352988993,87.45,Healthy,False,,False,1.0
4839_RV.png,RV,pan_resnet18_torch_cross_entropy_correct_clear_strict_files,0.07070767726245265,0.5748862602365787,0.008128601759175007,0.4169851380042463,0.04327751637407085,0.07716217689125106,0.25710001472849175,0.16348420041899442,0.10431967964385476,0.07445879888268156,0.07785977983713847,92.21,Healthy,False,,False,1.0
4840_RV.png,RV,GT,0.08392274269439785,0.0,0.5504446488807114,0.44955535111928857,0.06821650231831965,0.12155941937049566,0.22859316900180682,0.18961679469273743,0.15622075768156424,0.09139315642458101,0.11942107957927028,88.06,Healthy,False,,False,1.0
4840_RV.png,RV,fpn_resnet18_torch_cross_entropy_correct_files,0.07368439112476034,0.1758542406426451,0.2790034344257524,0.5451423249316025,0.05801293626658317,0.1030894578713345,0.22050213388765488,0.17422093226256982,0.1367501745810056,0.09485204259776536,0.10303078807377755,89.7,Healthy,False,,False,1.0
4840_RV.png,RV,fpn_resnet50_torch_cross_entropy_all_files,0.07818377562268651,0.15245775729646696,0.18499012508229098,0.662552117621242,0.06528006416662735,0.11528067400702831,0.25036830905615237,0.17627225907821228,0.15015406773743017,0.11917335893854748,0.11422984854706877,88.58,Healthy,False,,False,1.0
4840_RV.png,RV,unet_resnet18_torch_cross_entropy_all_files,0.08601587866674101,0.2931086067617433,0.08357434925700609,0.6233170439812507,0.06667967727960951,0.1156487285005392,0.2592158936068049,0.1959126222067039,0.15323858676675978,0.12372337639664804,0.11599395644074853,88.4,Healthy,False,,False,1.0
4840_RV.png,RV,pan_resnet18_torch_cross_entropy_correct_clear_strict_files,0.1015771436414561,0.27755257157334684,0.2341863018326155,0.48826112659403764,0.07459992365200756,0.13667951173166767,0.17433117075019883,0.23734287709497207,0.1802160439944134,0.12307960893854748,0.13547024821286793,86.45,Healthy,False,,False,1.0
4841_RV.png,RV,GT,0.07988659320674436,0.0,0.5277315436241611,0.4722684563758389,0.06555264365646836,0.1187683154879403,0.21614844864126972,0.18447756634078213,0.15282886696927375,0.09139315642458101,0.1164278345310321,88.36,Healthy,False,,False,1.0
4841_RV.png,RV,fpn_resnet18_torch_cross_entropy_correct_files,0.07891294184256015,0.04995108163930862,0.38216110446787693,0.5678878138928144,0.06601840930244528,0.11313848193715431,0.2590991056301242,0.1771342527932961,0.14921405813547486,0.10474860335195531,0.11343269062606982,88.66,Healthy,False,,False,1.0
4841_RV.png,RV,fpn_resnet50_torch_cross_entropy_all_files,0.0757131889012323,0.047416723317471106,0.26138681169272604,0.6911964649898028,0.06657909523339753,0.11774580765152651,0.23788205744786486,0.17639228351955308,0.15760158432262572,0.1250545565642458,0.1183381045945275,88.17,Healthy,False,,False,1.0
4841_RV.png,RV,unet_resnet18_torch_cross_entropy_all_files,0.08498646753280176,0.2927223175532452,0.025537498738265874,0.681740183708489,0.06758066937458984,0.1172104882419328,0.25352178146150306,0.19415590083798884,0.15617525750698324,0.13509296438547486,0.1179074502877501,88.21,Healthy,False,,False,1.0
4841_RV.png,RV,pan_resnet18_torch_cross_entropy_correct_clear_strict_files,0.08180387144370622,0.012426593959731544,0.19751468120805368,0.7900587248322147,0.07562924900168566,0.13539492587627672,0.24038483865069443,0.19495242667597765,0.1799338774441341,0.15247468575418993,0.13528080344104237,86.47,Healthy,False,,False,1.0
4842_RV.png,RV,GT,0.07711576157122453,0.0,0.5014739418210135,0.4985260581789866,0.06396743629446305,0.11527316789301391,0.22829008195995398,0.17944745111731844,0.15016192388268157,0.09331354748603352,0.11383695080931572,88.62,Healthy,False,,False,1.0
4842_RV.png,RV,fpn_resnet18_torch_cross_entropy_correct_files,0.08334798814461511,0.0012350761630300535,0.3763894606834088,0.6223754631535612,0.07261277413432958,0.12354788846421044,0.26158430974446495,0.1804622032122905,0.15714472765363127,0.11213556215083799,0.12170608984101451,87.83,Healthy,False,,False,1.0
4842_RV.png,RV,fpn_resnet50_torch_cross_entropy_all_files,0.08099749938878714,0.02160559203558568,0.2880216055920356,0.6903728023723787,0.07189312996744486,0.1258296768063865,0.24387284656792974,0.18270993365921787,0.16382757943435752,0.1290480970670391,0.12484787380589242,87.52,Healthy,False,,False,1.0
4842_RV.png,RV,unet_resnet18_torch_cross_entropy_all_files,0.08989332727124555,0.3251741578394885,0.03335241912396221,0.6414734230365493,0.06928919161201495,0.11933566592255798,0.2625802557477522,0.20074633379888268,0.1565161269203911,0.13173228002793297,0.11919390802852833,88.08,Healthy,False,,False,1.0
4842_RV.png,RV,pan_resnet18_torch_cross_entropy_correct_clear_strict_files,0.1132952737161313,0.030286969031574164,0.264935261603695,0.7047777693647308,0.10079084510364883,0.1575468033076905,0.09140261696442879,0.21586941340782123,0.1950964560055866,0.1603853875698324,0.15553987692563642,84.45,Healthy,False,,False,1.0
4874_FV.png,FV,GT,0.4056050965583861,0.19857695373623455,0.0,0.8014230462637655,0.3516407341471009,0.3415207116459012,0.29414328453995353,0.42747250349162014,0.35139861208100565,0.3139293819832402,0.34850787857030285,65.15,Degraded,False,,False,0.5
4874_FV.png,FV,fpn_resnet18_torch_cross_entropy_correct_files,0.4689169015096479,0.21736724722066159,0.02532475271123823,0.7573080000681002,0.3965881239970941,0.38063350619047603,0.2879619088395694,0.5014839385474861,0.3946196316340782,0.33927636173184356,0.39101434170990235,60.9,Degraded,False,,False,0.5
4874_FV.png,FV,fpn_resnet50_torch_cross_entropy_all_files,0.45421958949713,0.1500281214848144,0.04488013217097863,0.805091746344207,0.4016309146502104,0.39481412348819517,0.25916852678713936,0.4955045391061452,0.42254648219273744,0.3662382157821229,0.4079521043186166,59.2,Degraded,False,,False,0.5
4874_FV.png,FV,unet_resnet18_torch_cross_entropy_all_files,0.5136834290002474,0.2234301300033414,0.07661882522981762,0.699951044766841,0.4234042918386409,0.4132396630719145,0.273459280011497,0.553541812150838,0.4333618846019553,0.35999694483240224,0.4243379403139487,57.57,Degraded,False,,False,0.5
4874_FV.png,FV,pan_resnet18_torch_cross_entropy_correct_clear_strict_files,0.4569458969671326,0.20122297444856957,0.007128193928805416,0.791648831622625,0.394233280909461,0.3983237419924599,0.238191610521804,0.5202841305865922,0.42640166724860334,0.3801610509776536,0.4083277737700176,59.17,Degraded,False,,False,0.5
4875_FV.png,FV,GT,0.40555719657355443,0.20314760681489355,0.0,0.7968523931851065,0.35035725405353624,0.3400814360292934,0.29480440237107847,0.4275925279329609,0.349778718575419,0.31145251396648044,0.34704309445501647,65.3,Degraded,False,,False,0.5
4875_FV.png,FV,fpn_resnet18_torch_cross_entropy_correct_files,0.48198561403788887,0.23615297975949912,0.015528207506542551,0.7483188127339583,0.4031799602430126,0.3890060780541423,0.2791450236164205,0.5254124476256983,0.4081173620810056,0.34957664106145253,0.4009027563215487,59.91,Degraded,False,,False,0.5
4875_FV.png,FV,fpn_resnet50_torch_cross_entropy_all_files,0.4336904543313561,0.13961472263895663,0.04915829874181999,0.8112269786192233,0.3858736158900217,0.3764806763047275,0.26439417325838893,0.46606581703910616,0.40065107803770944,0.34721979748603354,0.38896671887350853,61.1,Degraded,False,,False,0.5
4875_FV.png,FV,unet_resnet18_torch_cross_entropy_all_files,0.5240378090546938,0.18596467173967687,0.1311213180685999,0.6829140101917233,0.4353823616289188,0.4282356356263331,0.26190110979105646,0.5867558484636871,0.45662556738826815,0.3584911836592179,0.4417356261318829,55.83,Degraded,False,,False,0.5
4875_FV.png,FV,pan_resnet18_torch_cross_entropy_correct_clear_strict_files,0.6045457085605256,0.10290389034149433,0.22396534875736207,0.6731307609011435,0.5168298592538779,0.5097819750517115,0.25778703553535826,0.6411160090782123,0.5335253360684358,0.4473201815642458,0.5213936847190511,47.86,Unreliable,False,,False,0.0
4876_FV.png,FV,GT,0.4051819800257063,0.20551292029121143,0.0,0.7944870797087885,0.34939099160951936,0.3388913779860516,0.29541563694160444,0.42693784916201116,0.3482175279329609,0.30944483240223464,0.3457717220518557,65.42,Degraded,False,,False,0.5
4876_FV.png,FV,fpn_resnet18_torch_cross_entropy_correct_files,0.4777105403916622,0.21776949622734526,0.02930387626695188,0.7529266275057028,0.4032503333040611,0.38737005257946816,0.28270218097571986,0.514817562849162,0.4041840520251397,0.3440446054469274,0.39885973657511464,60.11,Degraded,False,,False,0.5
4876_FV.png,FV,fpn_resnet50_torch_cross_entropy_all_files,0.46263801183129627,0.04870536060948568,0.1685921605508149,0.7827024788396993,0.4210219062597297,0.41337284892660187,0.2555446004614272,0.5090345670391061,0.44699818872206704,0.36507070530726254,0.4291177020447263,57.09,Degraded,False,,False,0.5
4876_FV.png,FV,unet_resnet18_torch_cross_entropy_all_files,0.5019239827240721,0.2165687155547426,0.05977271100578163,0.7236585734394757,0.41889382968362066,0.4102478263534856,0.2696843975926267,0.5480752444134078,0.43466502269553076,0.36608545740223464,0.4226085058893442,57.74,Degraded,False,,False,0.5
4876_FV.png,FV,pan_resnet18_torch_cross_entropy_correct_clear_strict_files,0.5628328051029451,0.1594019942979532,0.14189869647239045,0.6986993092296563,0.4755684530699898,0.4613419650526385,0.21856097168711006,0.6169365398044693,0.49946403631284914,0.40715563896648044,0.4808587399619281,51.91,Degraded,False,,False,0.5
4877_FV.png,FV,GT,0.4050063467479902,0.20758305983461953,0.0,0.7924169401653804,0.3486778007520298,0.3381190830629732,0.2957648380424264,0.4267196229050279,0.3473779024092179,0.3082991445530726,0.3449902261081881,65.5,Degraded,False,,False,0.5
4877_FV.png,FV,fpn_resnet18_torch_cross_entropy_correct_files,0.48101563934504754,0.21969212895730467,0.029882577486411353,0.750425293556284,0.40532599931343355,0.39125162030479704,0.2792168949470931,0.5154285963687151,0.4079912273044693,0.34884558310055863,0.4021697768072569,59.78,Degraded,False,,False,0.5
4877_FV.png,FV,fpn_resnet50_torch_cross_entropy_all_files,0.47561092438987396,0.21090884675747582,0.0205873219696016,0.7685038312729225,0.4050737260599867,0.39682355779133016,0.26252965859428307,0.5274310405027933,0.42387242493016764,0.36056433310055863,0.4101181551274621,58.99,Degraded,False,,False,0.5
4877_FV.png,FV,unet_resnet18_torch_cross_entropy_all_files,0.4876936955636631,0.23392100050745634,0.02943246738365336,0.7366465321088903,0.40637852164680144,0.4024851077132986,0.2700074695227663,0.5449546089385475,0.42300202950418986,0.35922224162011174,0.41185990060970595,58.81,Degraded,False,,False,0.5
4877_FV.png,FV,pan_resnet18_torch_cross_entropy_correct_clear_strict_files,0.5912893877583606,0.11911078707360377,0.15723920043745063,0.7236500124889456,0.512490879044555,0.5123308341304365,0.1989057479998117,0.6490376222067039,0.5544748385125698,0.4750894727653631,0.5292364493575255,47.08,Unreliable,False,,False,0.0
4878_FV.png,FV,GT,0.404986388420977,0.2101854954759605,0.0,0.7898145045240395,0.3479544710644175,0.33731956292480275,0.29612849220272114,0.4266650663407821,0.34647531861033515,0.30697887569832405,0.34417233764090016,65.58,Degraded,False,,False,0.5
4878_FV.png,FV,fpn_resnet18_torch_cross_entropy_correct_files,0.501405066221729,0.26569702180506793,0.010755256223480053,0.723547721971452,0.41031290665091286,0.39679116624143945,0.2789529804194152,0.5493846019553073,0.4173914324371508,0.3508750872905028,0.409087794842566,59.09,Degraded,False,,False,0.5
4878_FV.png,FV,fpn_resnet50_torch_cross_entropy_all_files,0.44583310048618485,0.13569580360100636,0.06368462991646597,0.8006195664825276,0.3956461308787252,0.3871663414052343,0.26681003837283174,0.4794539979050279,0.4106115790851956,0.3548686277932961,0.39908837331926605,60.09,Degraded,False,,False,0.5
4878_FV.png,FV,unet_resnet18_torch_cross_entropy_all_files,0.5067299478688498,0.2313170063097198,0.04503454197420971,0.7236484517160705,0.4204368079450108,0.4100294335048524,0.2676042182238528,0.5532581180167597,0.43616609200418993,0.3721630586592179,0.4236063092366349,57.64,Degraded,False,,False,0.5
4878_FV.png,FV,pan_resnet18_torch_cross_entropy_correct_clear_strict_files,0.42224634962198926,0.145676958272674,0.008366262691195099,0.8459567790361309,0.3798325097197052,0.37656654794676475,0.26062662009933885,0.4505062849162011,0.39539913582402225,0.3682568086592179,0.38507937162954986,61.49,Degraded,False,,False,0.5
4879_FV.png,FV,GT,0.4056769465356336,0.20025385955072764,0.0,0.7997461404492724,0.3512472357717087,0.3409287889144717,0.2945166070607075,0.4276798184357542,0.35060437761871505,0.3126418470670391,0.34789455845334016,65.21,Degraded,False,,False,0.5
4879_FV.png,FV,fpn_resnet18_torch_cross_entropy_correct_files,0.4734833667302672,0.17087625824073918,0.0627223524254329,0.766401389333828,0.40917831567686674,0.3913522569973268,0.27638628938143983,0.501614874301676,0.408535810928771,0.3514533868715084,0.4035734961737665,59.64,Degraded,False,,False,0.5
4879_FV.png,FV,fpn_resnet50_torch_cross_entropy_all_files,0.4602869209091417,0.20159220202580824,0.010675385042319966,0.7877324129318718,0.39644677912518655,0.38740926521328833,0.2603742830345303,0.5066340782122905,0.413332751396648,0.3619718924581006,0.40048991386020166,59.95,Degraded,False,,False,0.5
4879_FV.png,FV,unet_resnet18_torch_cross_entropy_all_files,0.4743495581226399,0.20302099549795935,0.027205789540118652,0.769773214961922,0.40543888361102026,0.4020358692475858,0.26529507078738485,0.5302461592178771,0.4256699546089386,0.37108283868715086,0.4125104077011572,58.75,Degraded,False,,False,0.5
4879_FV.png,FV,pan_resnet18_torch_cross_entropy_correct_clear_strict_files,0.5312108317832366,0.11376615569582206,0.14311692215208896,0.743116922152089,0.4648715881239971,0.45565138281807316,0.23184708107293353,0.5756917772346368,0.5001454478002794,0.4302876222067039,0.4762150704027328,52.38,Degraded,False,,False,0.5
4880_FV.png,FV,GT,0.4044754552494392,0.21330306917990724,0.0,0.7866969308200927,0.3466706317209666,0.3358313455886919,0.2967685754190457,0.42582489525139666,0.34477980970670385,0.3048620810055866,0.34266251707557915,65.73,Degraded,False,,False,0.5
4880_FV.png,FV,fpn_resnet18_torch_cross_entropy_correct_files,0.4918969192326422,0.22457011628567486,0.032029278347169135,0.743400605367156,0.41252840069933977,0.40019847646923046,0.27146446445539185,0.5390734113128491,0.42225034916201126,0.3542685055865922,0.4127182028153756,58.73,Degraded,False,,False,0.5
4880_FV.png,FV,fpn_resnet50_torch_cross_entropy_all_files,0.4595963627944851,0.07770607700257949,0.15042687534197796,0.7718670476554426,0.41216224523195566,0.40540962618836596,0.26093406349484544,0.5057720844972067,0.4333679949371509,0.35088599860335196,0.41861875940095683,58.14,Degraded,False,,False,0.5
4880_FV.png,FV,unet_resnet18_torch_cross_entropy_all_files,0.5323484564229888,0.19968507479473624,0.12902935552806208,0.6712855696772017,0.43777197212220886,0.4325989143896967,0.263814432286029,0.5934444832402235,0.4600837988826816,0.3604443086592179,0.4451447855066444,55.49,Degraded,False,,False,0.5
4880_FV.png,FV,pan_resnet18_torch_cross_entropy_correct_clear_strict_files,0.7657251658536974,0.14997054699188347,0.2702378656213021,0.5797915873868145,0.6184293994140235,0.6175749073852788,0.17787620524014452,0.8238695879888268,0.6520690031424582,0.511445967178771,0.631628893296774,36.84,Unreliable,True,,False,0.0
4881_FV.png,FV,GT,0.4043876386105811,0.21488924862794645,0.0,0.7851107513720536,0.3461656062142247,0.335244004839237,0.2970992667196584,0.4256394029329609,0.3441045085544692,0.30394553072625696,0.3420646867378262,65.79,Degraded,False,,False,0.5
4881_FV.png,FV,fpn_resnet18_torch_cross_entropy_correct_files,0.4772834321935798,0.2176131136572719,0.027908338211926068,0.7544785481308021,0.40316626883068163,0.3898416128452634,0.27861225521111255,0.5211243016759777,0.4079044823673184,0.34773262918994413,0.4010641574497109,59.89,Degraded,False,,False,0.5
4881_FV.png,FV,fpn_resnet50_torch_cross_entropy_all_files,0.45029179074093295,0.17280689312814693,0.02521097794482661,0.8019821289270265,0.3942969479726332,0.3891932367201578,0.25830815184396194,0.48924144553072624,0.41423697189245806,0.3638159043296089,0.4007418441648205,59.93,Degraded,False,,False,0.5
4881_FV.png,FV,unet_resnet18_torch_cross_entropy_all_files,0.5468661434923879,0.23899651099983943,0.09564823871184362,0.665355250288317,0.4415134399374107,0.44007903109283397,0.25897440104813196,0.630324720670391,0.4697305996857542,0.36444876047486036,0.4523699811833751,54.76,Degraded,False,,False,0.5
4881_FV.png,FV,pan_resnet18_torch_cross_entropy_correct_clear_strict_files,0.4173924844923799,0.16104661170935103,0.00811927395137999,0.830834114339269,0.3712030879523555,0.3640945092750595,0.26215562347104554,0.4498843400837989,0.38047038669692745,0.3462814245810056,0.37277743384699547,62.72,Degraded,False,,False,0.5
4889_MVR.png,MVR,GT,0.4017172903731051,0.12897226007300505,0.030097174287106752,0.8409305656398882,0.36289354238087257,0.388209807394935,0.3299608416693475,0.46646712662337664,0.43373249797077923,0.41063818993506496,0.398824004121054,60.12,Degraded,False,,False,0.5
4889_MVR.png,MVR,fpn_resnet18_torch_cross_entropy_correct_files,0.46098738203118134,0.176546045503792,0.03291874322860238,0.7905352112676056,0.4012995548949568,0.4230828082429561,0.3511076807147565,0.5612951501623377,0.4696712662337662,0.4244368912337662,0.43518321543488037,56.48,Degraded,False,,False,0.5
4889_MVR.png,MVR,fpn_resnet50_torch_cross_entropy_all_files,0.40788643028951804,0.1321741685850027,0.019072341676054268,0.848753489738943,0.3691203781395088,0.39752175553458174,0.3926059555761912,0.48282771915584416,0.4400593547077922,0.41888189935064934,0.40601638198534407,59.4,Degraded,False,,False,0.5
4889_MVR.png,MVR,unet_resnet18_torch_cross_entropy_all_files,0.4074549101399244,0.1913176500583465,0.03914608195965757,0.7695362679819959,0.3498030989539632,0.39647997152423875,0.5457089837567625,0.5199751420454546,0.46035904525162336,0.4286221590909091,0.40802853924411,59.2,Degraded,False,,False,0.5
4889_MVR.png,MVR,pan_resnet18_torch_cross_entropy_correct_clear_strict_files,0.487725649078225,0.07335315851130936,0.05974587726412544,0.8669009642245652,0.45384812088957077,0.44803461603488653,0.3211536016761845,0.5136591923701299,0.4731664721996754,0.4529474431818182,0.4598314099572074,54.02,Degraded,False,,False,0.5
4890_MVR.png,MVR,GT,0.40177322817027467,0.1292725374173338,0.029933867037939436,0.8407935955447268,0.36288555126699107,0.38818983698809023,0.33003380978094554,0.4666320008116883,0.4337157568993506,0.41063818993506496,0.3988089192362646,60.12,Degraded,False,,False,0.5
4890_MVR.png,MVR,fpn_resnet18_torch_cross_entropy_correct_files,0.5014184227139421,0.19883819146732115,0.05191483258163737,0.7492469759510415,0.4257681058662767,0.4399715608142284,0.3229913431532856,0.5881950081168831,0.4844689782873376,0.4326679180194805,0.4535094913190866,54.65,Degraded,False,,False,0.5
4890_MVR.png,MVR,fpn_resnet50_torch_cross_entropy_all_files,0.45083866740184914,0.1755838170780343,0.011113572916205077,0.8133026100057607,0.39609793909173,0.4145821917345648,0.34999113240890417,0.5022955560064936,0.4480398995535715,0.4213169642857143,0.42241999906931704,57.76,Degraded,False,,False,0.5
4890_MVR.png,MVR,unet_resnet18_torch_cross_entropy_all_files,0.3815157544810171,0.18209142797298006,0.012127559302508247,0.8057810127245117,0.33339722228881485,0.38117042113374483,0.5588260021597896,0.48987926136363635,0.4452221996753247,0.4220525568181818,0.3924591728968978,60.75,Degraded,False,,False,0.5
4890_MVR.png,MVR,pan_resnet18_torch_cross_entropy_correct_clear_strict_files,0.411606293801293,0.08080298206103906,0.0184631513551293,0.9007338665838316,0.3867389063361542,0.40789449525335447,0.3664329467242306,0.4803799715909091,0.4484383877840909,0.4327059659090909,0.417765375590489,58.22,Degraded,False,,False,0.5
4891_MVR.png,MVR,GT,0.4018771126507324,0.12883148904862748,0.03018462731529812,0.8409838836360745,0.3630638729732537,0.38835043464794833,0.32985284108328367,0.4666193181818182,0.4338518415178572,0.41085379464285715,0.3989650288935035,60.1,Degraded,False,,False,0.5
4891_MVR.png,MVR,fpn_resnet18_torch_cross_entropy_correct_files,0.535276772229281,0.25219455392332496,0.0781156694135913,0.6696897766630837,0.43061427692406046,0.44430887115972517,0.30805345063904604,0.646192674512987,0.5010270393668832,0.4189706777597403,0.462887760171889,53.71,Degraded,False,,False,0.5
4891_MVR.png,MVR,fpn_resnet50_torch_cross_entropy_all_files,0.48277515402872007,0.2398285165690072,0.03000960042374284,0.7301618830072499,0.4002744947618248,0.41582470793636456,0.3484513123683909,0.5333679991883117,0.4512240006087662,0.4107650162337662,0.4253193610529633,57.47,Degraded,False,,False,0.5
4891_MVR.png,MVR,unet_resnet18_torch_cross_entropy_all_files,0.5859044742246622,0.39939579511589685,0.0761939183982433,0.5244102864858599,0.41394085776616407,0.48549257972825505,0.40993669947607464,0.8196022727272727,0.5733073762175325,0.4261617288961039,0.49915298173533873,50.08,Degraded,False,,False,0.5
4891_MVR.png,MVR,pan_resnet18_torch_cross_entropy_correct_clear_strict_files,0.31592069618584134,0.09997723478524814,0.00039206758739312997,0.8996306976273587,0.29471671501290564,0.3737030923017744,0.4581572645761412,0.494724025974026,0.4569532518262987,0.4383497362012987,0.38330724292492346,61.67,Degraded,False,,False,0.5
4892_MVR.png,MVR,GT,0.4020489215991817,0.12946215614565112,0.030251232310383208,0.8402866115439657,0.36304009940945675,0.3884188572157029,0.3296889731810404,0.4669237012987013,0.43390625,0.41085379464285715,0.3990001869875479,60.1,Degraded,False,,False,0.5
4892_MVR.png,MVR,fpn_resnet18_torch_cross_entropy_correct_files,0.47187127913759896,0.12084776331721692,0.098662986138748,0.7804892505440351,0.41783568671637145,0.42658206775446594,0.34751535302835734,0.517476663961039,0.4588968648538961,0.4259588068181818,0.4368840722828097,56.31,Degraded,False,,False,0.5
4892_MVR.png,MVR,fpn_resnet50_torch_cross_entropy_all_files,0.4061044118939739,0.11112860220978169,0.0165094107576816,0.8723619870325368,0.3735878902660241,0.39358507212408245,0.38568022856241085,0.4689148741883117,0.4309486607142857,0.41224888392857145,0.40253135300274623,59.75,Degraded,False,,False,0.5
4892_MVR.png,MVR,unet_resnet18_torch_cross_entropy_all_files,0.40855368829861194,0.24012244259280993,0.01243985447717404,0.747437702930016,0.3410967404246478,0.38844363196486736,0.5398760899466178,0.5326577719155844,0.454976663961039,0.4164721996753247,0.4008527773012701,59.91,Degraded,False,,False,0.5
4892_MVR.png,MVR,pan_resnet18_torch_cross_entropy_correct_clear_strict_files,0.2053756223079935,0.07982334974027742,0.0,0.9201766502597226,0.1943917963224894,0.2843062324682568,0.4546482616243913,0.3929205560064935,0.37141373275162337,0.3608208198051948,0.2921749017378732,70.78,Degraded,False,,False,0.5
4893_MVR.png,MVR,GT,0.4021168460671733,0.12921175266541468,0.030415039596188433,0.8403732077383969,0.363146501090787,0.3885495417394379,0.3295205606455847,0.4668476055194805,0.434034471387987,0.41112012987012986,0.39912260140426226,60.09,Degraded,False,,False,0.5
4893_MVR.png,MVR,fpn_resnet18_torch_cross_entropy_correct_files,0.5022654807853667,0.21411070275086314,0.07941546147359713,0.7064738357755398,0.41665160341700036,0.4295230536536318,0.3224046374149069,0.5266462053571429,0.46509030032467524,0.4216974431818182,0.4398885172510598,56.01,Degraded,False,,False,0.5
4893_MVR.png,MVR,fpn_resnet50_torch_cross_entropy_all_files,0.3914407179216711,0.10773816207167573,0.052659514744459984,0.8396023231838643,0.35617629196333683,0.39141854211287364,0.4407546069385718,0.4776658887987013,0.4407231635551948,0.42164671266233766,0.4005677156449411,59.94,Degraded,False,,False,0.5
4893_MVR.png,MVR,unet_resnet18_torch_cross_entropy_all_files,0.41279696976961616,0.17513599318582188,0.06625433145556266,0.7586096753586155,0.35506005322081846,0.38547622523780334,0.537452592316485,0.47000558035714285,0.4413539975649351,0.4244622564935065,0.39870248256356056,60.13,Degraded,False,,False,0.5
4893_MVR.png,MVR,pan_resnet18_torch_cross_entropy_correct_clear_strict_files,0.4484333421235586,0.04897846444450384,0.09802820917199041,0.8529933263835058,0.4187716459297261,0.41823863295281827,0.34967262504739316,0.47154017857142855,0.4394363839285713,0.42354910714285715,0.4268776372361919,57.31,Degraded,False,,False,0.5
4894_MVR.png,MVR,GT,0.40224470388927513,0.12929981226346687,0.030375572397763055,0.8403246153387701,0.36324363308001506,0.38867008974067324,0.32954342706164774,0.4672661323051948,0.4341387226055195,0.4110820819805195,0.3992296058884143,60.08,Degraded,False,,False,0.5
4894_MVR.png,MVR,fpn_resnet18_torch_cross_entropy_correct_files,0.46232589360630977,0.11533143202834673,0.10050125313283208,0.7841673148388212,0.41080314690064645,0.42109555893573464,0.3411334420757185,0.506645698051948,0.45836546266233763,0.41969358766233766,0.43291579681584935,56.71,Degraded,False,,False,0.5
4894_MVR.png,MVR,fpn_resnet50_torch_cross_entropy_all_files,0.38796857894021847,0.1251905252317199,0.01988671472708548,0.8549227600411946,0.3528034425718601,0.3861588581045846,0.43343766358642594,0.4772219967532468,0.4354315898944805,0.41481077516233766,0.3958613261607256,60.41,Degraded,False,,False,0.5
4894_MVR.png,MVR,unet_resnet18_torch_cross_entropy_all_files,0.45825442108375486,0.24793575781883495,0.06443400092422248,0.6876302412569426,0.37209135441389174,0.4005940828802643,0.497951789110963,0.5113763189935064,0.4557255732548702,0.42481737012987014,0.41409586049019487,58.59,Degraded,False,,False,0.5
4894_MVR.png,MVR,pan_resnet18_torch_cross_entropy_correct_clear_strict_files,0.034433709714797145,0.27245300533766537,0.0,0.7275469946623346,0.02814805935799391,0.03894119736126649,0.5591591905122087,0.07756696428571429,0.07035270393668831,0.06679941152597403,0.04826785859045345,95.17,Healthy,False,,False,1.0
4895_MVR.png,MVR,GT,0.402308632800326,0.13010358629045873,0.03052965070663131,0.8393667630029099,0.3630636332398373,0.3883655080715271,0.3294432981872617,0.4671773538961039,0.43371474228896106,0.4105367288961039,0.39891463930899373,60.11,Degraded,False,,False,0.5
4895_MVR.png,MVR,fpn_resnet18_torch_cross_entropy_correct_files,0.45234898792542694,0.11607324247215425,0.07556552692711968,0.8083612306007261,0.4055483502345392,0.41847969378591754,0.3479288467221174,0.5011160714285714,0.45484768161525974,0.42491883116883117,0.42914748585224094,57.09,Degraded,False,,False,0.5
4895_MVR.png,MVR,fpn_resnet50_torch_cross_entropy_all_files,0.42143536387537056,0.11403542037999166,0.016999127763661876,0.8689654518563464,0.3868003580019019,0.4004610591915116,0.366603494553177,0.4761820211038961,0.43757000811688307,0.418552150974026,0.4112064284047773,58.88,Degraded,False,,False,0.5
4895_MVR.png,MVR,unet_resnet18_torch_cross_entropy_all_files,0.48207193600716003,0.28270563272884,0.06258495507741273,0.6547094121937473,0.3805034002189565,0.41597044283925744,0.4752842976350576,0.5656706574675324,0.47855367288961037,0.4308416193181818,0.43036362207330836,56.96,Degraded,False,,False,0.5
4895_MVR.png,MVR,pan_resnet18_torch_cross_entropy_correct_clear_strict_files,0.5019578229009342,0.10522252027796129,0.06369548432288723,0.8310819953991515,0.4556996220203134,0.4531417087192332,0.3203630275783032,0.544820413961039,0.47936193689123374,0.4467963676948052,0.46439717397835745,53.56,Degraded,False,,False,0.5
4896_RV.png,RV,GT,0.3193490690263057,0.23074650119536896,0.0,0.769253498804631,0.26997765319996736,0.22944533941959264,0.6648446109124843,0.34041113826815644,0.2906407122905028,0.26612692039106145,0.2660831827020691,73.39,Degraded,False,,False,0.5
4896_RV.png,RV,fpn_resnet18_torch_cross_entropy_correct_files,0.3211977198543383,0.11101021566401816,0.032329572010415975,0.8566602123255659,0.29377742415599006,0.25253613316573315,0.6514090312013623,0.33905813547486036,0.315559750349162,0.2969295565642458,0.2901179673361818,70.99,Degraded,False,,False,0.5
4896_RV.png,RV,fpn_resnet50_torch_cross_entropy_all_files,0.31436500345281654,0.12450199203187251,0.007422365333187797,0.8680756426349397,0.287348494271756,0.238768082285419,0.6651521460958617,0.32894334846368717,0.2986702383030726,0.28375960195530725,0.2773030682883815,72.27,Degraded,False,,False,0.5
4896_RV.png,RV,unet_resnet18_torch_cross_entropy_all_files,0.3423735647220804,0.18002555686402244,0.08432512339956404,0.7356493197364136,0.2912614146682508,0.24299141507557895,0.6533244505426711,0.3411531075418994,0.29963970844972065,0.27844579259776536,0.2801317323030372,71.99,Degraded,False,,False,0.5
4896_RV.png,RV,pan_resnet18_torch_cross_entropy_correct_clear_strict_files,0.13023337608249014,0.11790666271448803,0.0,0.882093337285512,0.11994526964137889,0.12581458106006344,0.6392697608579112,0.1963490747206704,0.18166943086592177,0.17443915851955308,0.1463957275568014,85.36,Healthy,False,,False,1.0
4897_RV.png,RV,GT,0.31921610342150525,0.23219972320384827,0.0,0.7678002767961517,0.2695544365475266,0.22857569166325428,0.6655379047909128,0.34040022695530725,0.28947472939944136,0.2643920216480447,0.2652289302230108,73.48,Degraded,False,,False,0.5
4897_RV.png,RV,fpn_resnet18_torch_cross_entropy_correct_files,0.32336806166172694,0.04775105781857251,0.11588916448913,0.8363597776922975,0.30028102923956546,0.2566539664879672,0.6513284938001624,0.33650488826815644,0.31766748865223465,0.28625829259776536,0.29414749417915365,70.59,Degraded,False,,False,0.5
4897_RV.png,RV,fpn_resnet50_torch_cross_entropy_all_files,0.3118000540440845,0.11443860566209041,0.0,0.8855613943379096,0.28789313854587095,0.23706516705508784,0.6661596153555895,0.32141454259776536,0.2958128928072626,0.283203125,0.2758126488031927,72.42,Degraded,False,,False,0.5
4897_RV.png,RV,unet_resnet18_torch_cross_entropy_all_files,0.39414865554616696,0.2570707235589218,0.06852535013548366,0.6744039263055945,0.31707840252548863,0.2659572848033948,0.6077392111859516,0.3928181738826816,0.319231843575419,0.28210108240223464,0.3026034436288326,69.74,Degraded,False,,False,0.5
4897_RV.png,RV,pan_resnet18_torch_cross_entropy_correct_clear_strict_files,0.37064805720094535,0.17636031198648366,0.02530839910199736,0.7983312889115189,0.3236623874617724,0.27685045450198853,0.5882521316861493,0.3951750174581006,0.33831834846368714,0.30972852653631283,0.3154811919746031,68.45,Degraded,False,,False,0.5
4898_RV.png,RV,GT,0.3191603436517502,0.23354387851095282,0.0,0.7664561214890472,0.26921992082112695,0.22802064403274655,0.6658869895742432,0.3403893156424581,0.288769313023743,0.26334453561452514,0.2646798946656592,73.53,Degraded,False,,False,0.5
4898_RV.png,RV,fpn_resnet18_torch_cross_entropy_correct_files,0.3396970957738384,0.08615116543347054,0.10562135407459784,0.8082274804919316,0.30789039344951386,0.2780632728588161,0.5966663061533443,0.39995417248603354,0.35552472503491617,0.2987735684357542,0.3179959899064655,68.2,Degraded,False,,False,0.5
4898_RV.png,RV,fpn_resnet50_torch_cross_entropy_all_files,0.3272969808229284,0.15496612368458987,0.00018346940647647004,0.8448504069089336,0.2932942014128667,0.24497571057214043,0.6521416912974517,0.3517043470670391,0.30568424842877095,0.28301763268156427,0.2837546729670105,71.62,Degraded,False,,False,0.5
4898_RV.png,RV,unet_resnet18_torch_cross_entropy_all_files,0.407676833531352,0.2713289214809515,0.1010237040622008,0.6276473744568477,0.31956220002316177,0.2878714841004982,0.6039603633658996,0.46877182262569833,0.3517627225907822,0.2844470146648045,0.3229351942734109,67.71,Degraded,False,,False,0.5
4898_RV.png,RV,pan_resnet18_torch_cross_entropy_correct_clear_strict_files,0.3005880511102628,0.03946917808219178,0.0016124429223744292,0.9589183789954338,0.2924744041210759,0.2458453821210037,0.6351521524731157,0.3188394727653631,0.31013988303072626,0.30585501047486036,0.28555188908491436,71.44,Degraded,False,,False,0.5
4899_RV.png,RV,GT,0.3191603436517502,0.23381265958876496,0.0,0.766187340411235,0.26916244536614864,0.2278102404191135,0.6660895473302231,0.3403893156424581,0.28844764752094976,0.262864437849162,0.26447086474395853,73.55,Degraded,False,,False,0.5
4899_RV.png,RV,fpn_resnet18_torch_cross_entropy_correct_files,0.3191388975864598,0.058356293259861566,0.10074591761306363,0.8408977891270748,0.2957293163423307,0.25045957264562624,0.6559336510715345,0.32786312849162014,0.3106832664106145,0.2852980970670391,0.2881299732606329,71.19,Degraded,False,,False,0.5
4899_RV.png,RV,fpn_resnet50_torch_cross_entropy_all_files,0.3161879190025006,0.12562909505270156,0.011544148568172877,0.8628267563791255,0.28833286866858543,0.2383508194932311,0.6649488945060785,0.32466611382681565,0.29641072363826815,0.2824938896648045,0.2765693959038522,72.34,Degraded,False,,False,0.5
4899_RV.png,RV,unet_resnet18_torch_cross_entropy_all_files,0.34174305040254266,0.13178537809852525,0.08820834640727958,0.7800062754941952,0.30131927615240434,0.25423002771122793,0.6495448162904707,0.34052025139664804,0.31064769553072624,0.29146298882681565,0.29092386937138015,70.91,Degraded,False,,False,0.5
4899_RV.png,RV,pan_resnet18_torch_cross_entropy_correct_clear_strict_files,0.3205071565519874,0.06600289063754616,0.0789839944328462,0.8550131149296076,0.29772663129495636,0.24864954257181843,0.6544635047175448,0.33876353002793297,0.31081354748603357,0.2839232716480447,0.2882382711544459,71.18,Degraded,False,,False,0.5
4900_RV.png,RV,GT,0.3191603436517502,0.2343367826904986,0.0,0.7656632173095014,0.269050368228941,0.22752172339430893,0.6662854651006351,0.3403893156424581,0.28805287622206704,0.26227522695530725,0.2641927779758018,73.58,Degraded,False,,False,0.5
4900_RV.png,RV,fpn_resnet18_torch_cross_entropy_correct_files,0.327970387273047,0.11084955011508683,0.06932674199623352,0.8198237078886796,0.29588166919015363,0.25150157215185087,0.6508479628355417,0.33203125,0.31131524965083796,0.2858436627094972,0.28874107226293655,71.13,Degraded,False,,False,0.5
4900_RV.png,RV,fpn_resnet50_torch_cross_entropy_all_files,0.31008436882085244,0.125957894154425,0.0,0.8740421058455751,0.28391579416924373,0.23344184662952522,0.6685743842637021,0.3216327688547486,0.29162283956005586,0.27684182960893855,0.271856428063653,72.81,Degraded,False,,False,0.5
4900_RV.png,RV,unet_resnet18_torch_cross_entropy_all_files,0.3422191530519896,0.17046850324618354,0.08679467575765172,0.7427368209961648,0.29303401774876364,0.24741711201495153,0.6484180037344457,0.35431215083798884,0.306751593051676,0.28281031773743015,0.28483597614978495,71.52,Degraded,False,,False,0.5
4900_RV.png,RV,pan_resnet18_torch_cross_entropy_correct_clear_strict_files,0.2599005760413137,0.041571772782783775,0.008565204475690662,0.9498630227415256,0.2519046679505711,0.20793952867785448,0.6875390898330725,0.26714167248603354,0.25716076728351955,0.24953081354748605,0.24081756590193548,75.92,Degraded,False,,False,0.5
4901_RV.png,RV,GT,0.3193490690263057,0.23176726569425418,0.0,0.7682327343057458,0.26975924647105,0.22909587364590842,0.665109513813445,0.34041113826815644,0.2901874563547486,0.2654504189944134,0.26573151857698696,73.43,Degraded,False,,False,0.5
4901_RV.png,RV,fpn_resnet18_torch_cross_entropy_correct_files,0.325242447768108,0.07763622936118585,0.09314501239647624,0.8292187582423379,0.2980243455733177,0.2529993162017875,0.6535184534807291,0.33526099860335196,0.3128336679469274,0.2850144029329609,0.2904405657113025,70.96,Degraded,False,,False,0.5
4901_RV.png,RV,fpn_resnet50_torch_cross_entropy_all_files,0.32416156607747176,0.16027574891499946,0.00013231713771567693,0.8395919339472848,0.28933697344548187,0.241035831249437,0.6619041851583833,0.3364503317039106,0.29937838250698323,0.28111906424581007,0.27886319441126894,72.11,Degraded,False,,False,0.5
4901_RV.png,RV,unet_resnet18_torch_cross_entropy_all_files,0.3372951364613134,0.13874971387878635,0.09777715608230118,0.7634731300389125,0.2947262838686986,0.2484074407392787,0.6523886601474083,0.33885082053072624,0.3044843313547486,0.2854508554469274,0.2847338499242926,71.53,Degraded,False,,False,0.5
4901_RV.png,RV,pan_resnet18_torch_cross_entropy_correct_clear_strict_files,0.26328047593108095,0.0886742041640872,0.0,0.9113257958359128,0.24763853085874335,0.20679736082662287,0.6757868585763419,0.27862037360335196,0.2579533650488827,0.24777409217877094,0.23951211352516294,76.05,Degraded,False,,False,0.5
4902_RV.png,RV,GT,0.3191603436517502,0.2358553957801371,0.0,0.764144604219863,0.2687256319083138,0.22662566442772,0.6669632408547481,0.3403893156424581,0.28672966131284916,0.2603002793296089,0.2632972534259498,73.67,Degraded,False,,False,0.5
4902_RV.png,RV,fpn_resnet18_torch_cross_entropy_correct_files,0.3396027330865606,0.1839572597756896,0.013918359098716783,0.8021243811255936,0.29613915065003027,0.25087832102538044,0.6536283036188216,0.3483545740223464,0.31018811103351956,0.2908737779329609,0.28818048591603107,71.18,Degraded,False,,False,0.5
4902_RV.png,RV,fpn_resnet50_torch_cross_entropy_all_files,0.3157761545489249,0.13170155254614851,0.0,0.8682984474538514,0.2879120539754571,0.2404546651715895,0.6638464269292191,0.33211854050279327,0.30068304818435754,0.28519989525139666,0.278783235017857,72.12,Degraded,False,,False,0.5
4902_RV.png,RV,unet_resnet18_torch_cross_entropy_all_files,0.33441278528628354,0.11075340533052869,0.1029551342893056,0.7862914603801657,0.2978917231055618,0.24960715984413148,0.649437919660439,0.33424624650837986,0.30605807000698326,0.2854726780726257,0.28667289288770126,71.33,Degraded,False,,False,0.5
4902_RV.png,RV,pan_resnet18_torch_cross_entropy_correct_clear_strict_files,0.411687247740657,0.03877810422787606,0.1709070450709508,0.7903148507011731,0.3770685802275856,0.30401060289343246,0.5122770817507935,0.36599816689944137,0.3422755542946927,0.3176501396648045,0.34123397665418254,65.88,Degraded,False,,False,0.5
4903_RV.png,RV,GT,0.3191603436517502,0.23689020292971374,0.0,0.7631097970702863,0.2685043514066474,0.22627495639055203,0.6672323109182563,0.3403893156424581,0.286276405377095,0.2596237779329609,0.2629443544899978,73.71,Degraded,False,,False,0.5
4903_RV.png,RV,fpn_resnet18_torch_cross_entropy_correct_files,0.3260488198230271,0.05488318248789729,0.13403757103767627,0.8110792464744264,0.2992004906859738,0.25932463298982017,0.6477893924812573,0.35419212639664804,0.3236933702863129,0.28212290502793297,0.29703488521726334,70.3,Degraded,False,,False,0.5
4903_RV.png,RV,fpn_resnet50_torch_cross_entropy_all_files,0.3190316672600078,0.13381285291745093,0.000833557407905351,0.8653535896746437,0.2903385904788049,0.23999498939894007,0.6637438118395638,0.3274703212290503,0.2983230403282123,0.28396691689944137,0.2784292900946084,72.16,Degraded,False,,False,0.5
4903_RV.png,RV,unet_resnet18_torch_cross_entropy_all_files,0.3717889878743947,0.22570373788647902,0.06635902168897093,0.7079372404245501,0.30717816962121963,0.26006403375378045,0.6232058815258529,0.38255062849162014,0.3153565817039106,0.28201379189944137,0.2963152936940643,70.37,Degraded,False,,False,0.5
4903_RV.png,RV,pan_resnet18_torch_cross_entropy_correct_clear_strict_files,0.33681474459880845,0.13231286452894583,0.01610931411252324,0.8515778213585309,0.3051114552013142,0.2635742966234837,0.6316997883632747,0.371028282122905,0.32827961330307265,0.3050584846368715,0.30191757086866844,69.81,Degraded,False,,False,0.5
4904_FV.png,FV,GT,0.3127270259697751,0.21502329440296125,0.0,0.7849767055970387,0.2676738170699579,0.2862770906055428,0.44023583499587293,0.41871071927374304,0.33593302636173183,0.2951619238826816,0.30055848284734293,69.94,Degraded,False,,False,0.5
4904_FV.png,FV,fpn_resnet18_torch_cross_entropy_correct_files,0.3371320682415117,0.20845617400158656,0.06884997454386152,0.7226938514545519,0.2821543816511125,0.31273738312332144,0.40177566073734666,0.46766978002793297,0.3697585326466481,0.2966240398044693,0.3263709424909894,67.36,Degraded,False,,False,0.5
4904_FV.png,FV,fpn_resnet50_torch_cross_entropy_all_files,0.3062645196829021,0.12140604228032219,0.09330605010035711,0.7852879076193207,0.271636383231812,0.2969539353056961,0.41024936834315684,0.4084431738826816,0.3503797136871509,0.2876549406424581,0.3107289810361128,68.93,Degraded,False,,False,0.5
4904_FV.png,FV,unet_resnet18_torch_cross_entropy_all_files,0.3419659750441079,0.15211859460721372,0.10661841951675032,0.741262985876036,0.2947166316730666,0.319833947478335,0.40511666912099115,0.46256328561452514,0.38158235858938544,0.31092877094972066,0.3369981171811747,66.3,Degraded,False,,False,0.5
4904_FV.png,FV,pan_resnet18_torch_cross_entropy_correct_clear_strict_files,0.3269213881415604,0.09918071818414916,0.06483437320667636,0.8359849086091745,0.2979905557196574,0.32142442494567647,0.4050414589843743,0.41366969273743015,0.37080601868016766,0.3470015712290503,0.3341469016716672,66.59,Degraded,False,,False,0.5
4905_FV.png,FV,GT,0.3136291423507716,0.2175993687238294,0.0,0.7824006312761705,0.2679046550801926,0.28672920761377185,0.4394257724507059,0.4206092877094972,0.3364206529329609,0.29495460893854747,0.30095841998137374,69.9,Degraded,False,,False,0.5
4905_FV.png,FV,fpn_resnet18_torch_cross_entropy_correct_files,0.3311046534835264,0.1922506600441235,0.05928944291070417,0.7484598970451724,0.2817812008526197,0.31323247532011267,0.40161369414775,0.45794780027932963,0.3714957227653631,0.3083100558659218,0.327102391957965,67.29,Degraded,False,,False,0.5
4905_FV.png,FV,fpn_resnet50_torch_cross_entropy_all_files,0.3241431890213235,0.21125546456498984,0.0029431685241056585,0.7858013669109045,0.2779392229025794,0.3034438729262892,0.4081636902997377,0.43664891759776536,0.3587087552374302,0.31903587639664804,0.3178984308436327,68.21,Degraded,False,,False,0.5
4905_FV.png,FV,unet_resnet18_torch_cross_entropy_all_files,0.3476261565850504,0.15928715781738012,0.10234475473084696,0.738368087451773,0.29843023766375804,0.3271798572460941,0.39701078644696225,0.47829739874301674,0.3933319876047486,0.32105446927374304,0.3450158235148551,65.5,Degraded,False,,False,0.5
4905_FV.png,FV,pan_resnet18_torch_cross_entropy_correct_clear_strict_files,0.34152290018441495,0.0912820392945219,0.07531644829883473,0.8334015124066434,0.31189013340145777,0.34509167027876037,0.3867820748029802,0.43397564594972066,0.3983676675977654,0.3781315467877095,0.3564416081431716,64.36,Degraded,False,,False,0.5
4906_FV.png,FV,GT,0.3142678088151939,0.21918939172625776,0.0,0.7808106082737423,0.26811541501345193,0.2871249574025386,0.43887244948288984,0.4221696054469274,0.33693555778631284,0.29495460893854747,0.30134633483932227,69.87,Degraded,False,,False,0.5
4906_FV.png,FV,fpn_resnet18_torch_cross_entropy_correct_files,0.32841427100214754,0.15149194773625038,0.10385900941962929,0.7446490428441204,0.2834833667302672,0.3180908802007726,0.38788932600696724,0.4534305167597765,0.3759938023743017,0.30082489525139666,0.33086979502903263,66.91,Degraded,False,,False,0.5
4906_FV.png,FV,fpn_resnet50_torch_cross_entropy_all_files,0.3299151371935399,0.2085879178715321,0.019164922384484157,0.7722471597439837,0.28165845714148857,0.31151141467067395,0.4004155660842805,0.4528413058659218,0.36963436190642457,0.32021429818435754,0.3258047063062186,67.42,Degraded,False,,False,0.5
4906_FV.png,FV,unet_resnet18_torch_cross_entropy_all_files,0.3275001796249431,0.17168417716890524,0.014455305560295444,0.8138605172707993,0.28821875923072626,0.31621809784364974,0.397703416709439,0.44356668994413406,0.37839199982541893,0.3411640188547486,0.3326878570524804,66.73,Degraded,False,,False,0.5
4906_FV.png,FV,pan_resnet18_torch_cross_entropy_correct_clear_strict_files,0.6269229848077215,0.053330616714844195,0.35516815443976113,0.5915012288453947,0.5288166308747336,0.538825014207543,0.2425139369161402,0.5893200069832403,0.5455815729748603,0.5028696752793296,0.538525122714627,46.15,Unreliable,True,,False,0.0
4907_FV.png,FV,GT,0.31512601687676134,0.22131583614115977,0.0,0.7786841638588402,0.26839862367376915,0.2876201052182355,0.438094733819811,0.4241772870111732,0.337598092702514,0.29495460893854747,0.301844855748607,69.82,Degraded,False,,False,0.5
4907_FV.png,FV,fpn_resnet18_torch_cross_entropy_correct_files,0.33607826857521494,0.20254171862937229,0.05429063483579785,0.7431676465348298,0.28426784873184785,0.3169030804941527,0.39643224017546225,0.46315249650837986,0.3740850864175978,0.3130346543296089,0.32998531333483927,67.0,Degraded,False,,False,0.5
4907_FV.png,FV,fpn_resnet50_torch_cross_entropy_all_files,0.32114544830394137,0.21193477017923285,0.00038531334675715313,0.78767991647401,0.27550191200772783,0.29969144953639854,0.41437999058315234,0.4334519029329609,0.3552306651536313,0.31653718575418993,0.3146502745246904,68.53,Degraded,False,,False,0.5
4907_FV.png,FV,unet_resnet18_torch_cross_entropy_all_files,0.33592658528991465,0.17709756764143209,0.040198676283612775,0.7827037560749551,0.2914757985326638,0.3240895519675825,0.39463874802058746,0.4663385998603352,0.390338250698324,0.3389053770949721,0.3408049054294035,65.92,Degraded,False,,False,0.5
4907_FV.png,FV,pan_resnet18_torch_cross_entropy_correct_clear_strict_files,0.24698429678830602,0.09724444444444444,0.00024242424242424242,0.9025131313131313,0.23087197930720654,0.26834152314445314,0.3765865317800796,0.3347590782122905,0.3100420085544693,0.29786792946927376,0.2737808541572856,72.62,Degraded,False,,False,0.5
4908_FV.png,FV,GT,0.31568884169853345,0.22270411066294082,0.0,0.7772958893370592,0.268584355864954,0.2879607034432102,0.43763474794511703,0.42534479748603354,0.3379833711592179,0.29495460893854747,0.3021568662561364,69.78,Degraded,False,,False,0.5
4908_FV.png,FV,fpn_resnet18_torch_cross_entropy_correct_files,0.32500538874829354,0.14734527947335455,0.10445708109701428,0.7481976394296311,0.28137772331372096,0.3146573420229236,0.39899831325671176,0.44676370460893855,0.37164171613128494,0.29626396648044695,0.3274672060535073,67.25,Degraded,False,,False,0.5
4908_FV.png,FV,fpn_resnet50_torch_cross_entropy_all_files,0.30675549452742673,0.13056773673047145,0.0353550469101745,0.8340772163593541,0.2762329855262213,0.30173700360555733,0.40662694896286783,0.4083231494413408,0.3592854181215083,0.32053072625698326,0.31710516398813693,68.29,Degraded,False,,False,0.5
4908_FV.png,FV,unet_resnet18_torch_cross_entropy_all_files,0.3525119550378809,0.16627411903252107,0.10385904520336987,0.729866835764109,0.3007929044155802,0.329795758267722,0.39339607311511776,0.4811779853351955,0.3969982978351955,0.32401143505586594,0.3479759179390689,65.2,Degraded,False,,False,0.5
4908_FV.png,FV,pan_resnet18_torch_cross_entropy_correct_clear_strict_files,0.3935462753770128,0.06238842908146706,0.17516634209672186,0.7624452288218111,0.3536576827584005,0.3856995646994581,0.36576273226188033,0.4657821229050279,0.4299321316340782,0.4048206180167598,0.39378002689098884,60.62,Degraded,False,,False,0.5
4909_FV.png,FV,GT,0.3163434748245663,0.2243126269700067,0.0,0.7756873730299934,0.26880038479654483,0.28836563223652445,0.4370746926895467,0.42691602653631283,0.33850187674581,0.29495460893854747,0.30255055580824475,69.74,Degraded,False,,False,0.5
4909_FV.png,FV,fpn_resnet18_torch_cross_entropy_correct_files,0.32728063802779794,0.1567489114658926,0.11912283055457307,0.7241282579795343,0.27965360327635896,0.30928320805609627,0.3997207216498255,0.4483240223463687,0.3657355315991621,0.2799624650837989,0.3229752560394014,67.7,Degraded,False,,False,0.5
4909_FV.png,FV,fpn_resnet50_torch_cross_entropy_all_files,0.3030113123797511,0.10875894139189314,0.05351003148423812,0.8377310271238687,0.2754185261174667,0.3019336616488435,0.41097790679648905,0.40699196927374304,0.360143592877095,0.31524965083798884,0.31726309348073106,68.27,Degraded,False,,False,0.5
4909_FV.png,FV,unet_resnet18_torch_cross_entropy_all_files,0.3353717437989478,0.17140374681615844,0.0420267085624509,0.7865695446213906,0.2920653275959796,0.3201850737999378,0.40201392509797373,0.4554272870111732,0.3841244762569832,0.33685405027932963,0.33732491092156847,66.27,Degraded,False,,False,0.5
4909_FV.png,FV,pan_resnet18_torch_cross_entropy_correct_clear_strict_files,0.3494224060162381,0.10695926340560671,0.05147478809202861,0.8415659485023647,0.3182664596322878,0.3499635779384992,0.38107502085887335,0.4679971194134078,0.42283595932262563,0.3966262220670391,0.3696033950002863,63.04,Degraded,False,,False,0.5
4910_FV.png,FV,GT,0.31712983290888624,0.22623602859732153,0.0,0.7737639714026785,0.26905988296437044,0.28881146036859806,0.4363567436975776,0.42878186103351956,0.3391176021298883,0.29495460893854747,0.3030084438518459,69.7,Degraded,False,,False,0.5
4910_FV.png,FV,fpn_resnet18_torch_cross_entropy_correct_files,0.3377587597097261,0.2717452963978444,0.0018908953389429894,0.7263638082632127,0.2760460957520697,0.3042055026575432,0.41283541625278475,0.4737255586592179,0.3618468488128492,0.30589865572625696,0.31881421904802354,68.12,Degraded,False,,False,0.5
4910_FV.png,FV,fpn_resnet50_torch_cross_entropy_all_files,0.312695092646554,0.18535302602856887,0.02259468705720158,0.7920522869142296,0.27146039070420963,0.2960599127199188,0.4171685793294568,0.4246028282122905,0.3502307742667598,0.3040873777932961,0.31034840073394243,68.97,Degraded,False,,False,0.5
4910_FV.png,FV,unet_resnet18_torch_cross_entropy_all_files,0.34467232418709737,0.21867327558252653,0.005385185528327234,0.7759415388891463,0.2935429223780746,0.3258265685626216,0.39555070615349897,0.4858152932960894,0.3914504408170392,0.34318261173184356,0.34239102360902457,65.76,Degraded,False,,False,0.5
4910_FV.png,FV,pan_resnet18_torch_cross_entropy_correct_clear_strict_files,0.32477387215494047,0.1270725022430343,0.021557710507233017,0.8513697872497327,0.2947426174148378,0.3202531689850408,0.3970340109902022,0.42871639315642457,0.3793344099162011,0.35438853002793297,0.336232499886444,66.38,Degraded,False,,False,0.5
4911_FV.png,FV,GT,0.3174411828102921,0.2269949450494178,0.0,0.7730050549505822,0.26916262843183436,0.28895854965381373,0.4360581945331916,0.429283781424581,0.3392832358589386,0.29495460893854747,0.3031496477692699,69.69,Degraded,False,,False,0.5
4911_FV.png,FV,fpn_resnet18_torch_cross_entropy_correct_files,0.3155930417288701,0.14301253430808342,0.10437246246664053,0.7526150032252761,0.2741540862678727,0.30400877964126766,0.40379476669202957,0.42515930516759776,0.3547268898393855,0.2827230272346369,0.31533961570849633,68.47,Degraded,False,,False,0.5
4911_FV.png,FV,fpn_resnet50_torch_cross_entropy_all_files,0.3102801350779572,0.19459167395667165,0.00020583543457006125,0.8052024906087583,0.2698052067283512,0.2932221661588742,0.4184882660584975,0.41769596717877094,0.34582478613826817,0.31033956005586594,0.30723812632147485,69.28,Degraded,False,,False,0.5
4911_FV.png,FV,unet_resnet18_torch_cross_entropy_all_files,0.3227141728071786,0.1948247925093077,0.01674768389674323,0.7884275235939491,0.2787518461452487,0.30496671295143424,0.4074650032348547,0.4411552898044693,0.36193304818435756,0.31631895949720673,0.3198887870027479,68.01,Degraded,False,,False,0.5
4911_FV.png,FV,pan_resnet18_torch_cross_entropy_correct_clear_strict_files,0.6078068991944819,0.0959551845746672,0.33675928783928444,0.5672855275860483,0.49913823935622414,0.49932164195086703,0.21118053035972767,0.6023153805865922,0.5433702863128492,0.48446229050279327,0.516886078917267,48.31,Unreliable,False,,False,0.0
4920_MVR.png,MVR,GT,0.3193129240284803,0.34734787341867185,0.0,0.6526521265813281,0.24500143840049865,0.3509290202187927,0.1688159489816226,0.5682198660714286,0.45794959922889616,0.4036373782467532,0.3619589772773459,63.8,Degraded,False,,False,0.5
4920_MVR.png,MVR,fpn_resnet18_torch_cross_entropy_correct_files,0.3614260941832682,0.42892202925146755,0.0037918569043855093,0.567286113844147,0.2570943111260279,0.3598624326071434,0.15598370206397083,0.6171494521103896,0.453315619926948,0.3704849837662338,0.36641327109073063,63.36,Degraded,False,,False,0.5
4920_MVR.png,MVR,fpn_resnet50_torch_cross_entropy_all_files,0.32182612934416926,0.3091277034241303,0.007771956397586472,0.6831003401782832,0.25432051558666763,0.35907202448063585,0.15541648073651465,0.5620687905844156,0.4589306006493506,0.4042207792207792,0.3675900022799313,63.24,Degraded,False,,False,0.5
4920_MVR.png,MVR,unet_resnet18_torch_cross_entropy_all_files,0.33818393945932124,0.2626772211720227,0.07437381852551984,0.6629489603024574,0.2701139932395176,0.38150839073291287,0.1649754692698555,0.5810166396103896,0.48648843344155845,0.41404981737012986,0.3900820885683525,60.99,Degraded,False,,False,0.5
4920_MVR.png,MVR,pan_resnet18_torch_cross_entropy_correct_clear_strict_files,0.4175596736429091,0.24774654086846687,0.0681396283466978,0.6841138307848353,0.33857506452824465,0.45657192071265873,0.12181891872523219,0.6812347808441559,0.5691370738636363,0.5013189935064936,0.46619892511772554,53.38,Unreliable,True,,False,0.0
4921_MVR.png,MVR,GT,0.3193129240284803,0.34732284745423375,0.0,0.6526771525457662,0.24500679244679915,0.35095770912149254,0.1688493091725487,0.5682198660714286,0.4580770596590909,0.4038276176948052,0.36202017433412387,63.8,Degraded,False,,False,0.5
4921_MVR.png,MVR,fpn_resnet18_torch_cross_entropy_correct_files,0.35333509137838726,0.4570404378505518,0.00012438936131717025,0.542835172788131,0.24512290333149542,0.340832317602586,0.16095894594017324,0.5957158076298701,0.4262139813311689,0.34265929383116883,0.346272158812692,65.37,Degraded,False,,False,0.5
4921_MVR.png,MVR,fpn_resnet50_torch_cross_entropy_all_files,0.3364618544178873,0.32145020128489826,0.019273474331722263,0.6592763243833795,0.26179268653257576,0.3679839760037626,0.16686383057970572,0.5742567978896104,0.46757672991071436,0.40499441964285715,0.37596369072518726,62.4,Degraded,False,,False,0.5
4921_MVR.png,MVR,unet_resnet18_torch_cross_entropy_all_files,0.33469581825010586,0.27568135423257367,0.02406675659866057,0.7002518891687658,0.2701366080918019,0.3794261313003565,0.1579730624704814,0.5705534699675324,0.4844838169642857,0.4320591517857143,0.3886623486033618,61.13,Degraded,False,,False,0.5
4921_MVR.png,MVR,pan_resnet18_torch_cross_entropy_correct_clear_strict_files,0.3789306291403959,0.5403846559396023,0.0,0.4596153440603977,0.24173586971287928,0.34904977211441435,0.17194817872899143,0.6640751826298701,0.456051263189935,0.3535917207792208,0.3596561978241621,64.03,Degraded,False,,False,0.5
4922_MVR.png,MVR,GT,0.3193129240284803,0.3481737302451293,0.0,0.6518262697548707,0.24482475487258168,0.35081585380520103,0.16846682537419297,0.5682198660714286,0.4580770596590909,0.4038276176948052,0.3619230064669712,63.81,Degraded,False,,False,0.5
4922_MVR.png,MVR,fpn_resnet18_torch_cross_entropy_correct_files,0.3692094391037167,0.4448893458146204,0.0,0.5551106541853795,0.2591570173966549,0.3635019034348808,0.14893377311784298,0.6353236607142857,0.4621984070616883,0.3769277597402597,0.371677039074136,62.83,Degraded,False,,False,0.5
4922_MVR.png,MVR,fpn_resnet50_torch_cross_entropy_all_files,0.322369525088102,0.23235665947795048,0.02385910116258893,0.7437842393594606,0.26956828007255934,0.37604025489969667,0.14758517892226525,0.5422585227272727,0.4699482548701299,0.42576856737012986,0.38166186243972877,61.83,Degraded,False,,False,0.5
4922_MVR.png,MVR,unet_resnet18_torch_cross_entropy_all_files,0.3632520637051599,0.312801108740128,0.05372109906065072,0.6334777921992213,0.28048801732473494,0.3930294347908961,0.14703556709995622,0.6156655844155844,0.4943536931818182,0.4254641842532468,0.3997967129074166,60.02,Degraded,False,,False,0.5
4922_MVR.png,MVR,pan_resnet18_torch_cross_entropy_correct_clear_strict_files,0.33643388551930253,0.10553193510842973,0.02296857556827629,0.871499489323294,0.3100185393842048,0.4358959577428867,0.13800766513880217,0.5779601258116883,0.5543640929383116,0.541599025974026,0.4455199863134521,55.45,Unreliable,True,,False,0.0
4923_MVR.png,MVR,GT,0.3193129240284803,0.34787341867187205,0.0,0.652126581328128,0.24488900342818787,0.35087613751433405,0.16866388865743748,0.5682198660714286,0.45822151481331175,0.4040432224025974,0.36201814820808126,63.8,Degraded,False,,False,0.5
4923_MVR.png,MVR,fpn_resnet18_torch_cross_entropy_correct_files,0.35828958198483285,0.4555825675796235,0.0,0.5444174324203764,0.24892515522738717,0.34462672539993494,0.16070149581602491,0.601359577922078,0.4284722504058441,0.3433187905844156,0.3494544643505343,65.05,Degraded,False,,False,0.5
4923_MVR.png,MVR,fpn_resnet50_torch_cross_entropy_all_files,0.3384316639896435,0.3676772685414748,0.0,0.6323227314585251,0.25506113202119246,0.3532941871734828,0.16502531471024762,0.5555245535714286,0.44144746854707795,0.38526024756493504,0.3590855831772337,64.09,Degraded,False,,False,0.5
4923_MVR.png,MVR,unet_resnet18_torch_cross_entropy_all_files,0.3596121113321986,0.3563214559514683,0.047298423385887134,0.5963801206626446,0.2679768896986551,0.3676693761501536,0.15039625759337405,0.5808010349025974,0.45458362926136375,0.37842431006493504,0.3725273314591881,62.75,Degraded,False,,False,0.5
4923_MVR.png,MVR,pan_resnet18_torch_cross_entropy_correct_clear_strict_files,0.20623466705024013,0.19960864848109114,0.0,0.8003913515189088,0.17865329753314313,0.25743767277369667,0.20321411866617986,0.35213321834415584,0.3289694094967533,0.3175603693181818,0.26241505489075323,73.76,Degraded,False,,False,0.5
4924_MVR.png,MVR,GT,0.3193129240284803,0.3485991716405771,0.0,0.6514008283594229,0.24473373608547297,0.3507608128922448,0.16834378849691192,0.5682198660714286,0.4582385095373377,0.40406858766233766,0.36194376850825044,63.81,Degraded,False,,False,0.5
4924_MVR.png,MVR,fpn_resnet18_torch_cross_entropy_correct_files,0.3539544027041929,0.4342623635522142,0.0005644169008996806,0.5651732195468862,0.25090139764581787,0.3476480100603013,0.1583090646602739,0.5936865868506493,0.4327890371347403,0.3535409902597403,0.3526804371657319,64.73,Degraded,False,,False,0.5
4924_MVR.png,MVR,fpn_resnet50_torch_cross_entropy_all_files,0.33909093088485603,0.34246526918590264,0.00022387971767589288,0.6573108510964215,0.2612601187479523,0.3675130695547298,0.1599903394849673,0.5740919237012987,0.46676478794642856,0.41378348214285715,0.37533787166937604,62.47,Degraded,False,,False,0.5
4924_MVR.png,MVR,unet_resnet18_torch_cross_entropy_all_files,0.3438176747456828,0.33984892504357933,0.04927367809413132,0.6108773968622894,0.2597708148538825,0.368546603441481,0.137779761041106,0.5855062905844156,0.4630322899756493,0.38749239042207795,0.37370814147886877,62.63,Degraded,False,,False,0.5
4924_MVR.png,MVR,pan_resnet18_torch_cross_entropy_correct_clear_strict_files,0.32907806519150706,0.4362137419409672,0.0,0.5637862580590328,0.2329006544722269,0.33505869734376414,0.15037181097215246,0.5732041396103896,0.4326832640016234,0.36347148944805197,0.3434611111454467,65.65,Degraded,False,,False,0.5
4925_MVR.png,MVR,GT,0.3193129240284803,0.3494375414492536,0.0,0.6505624585507463,0.24455437553440576,0.3506214016692032,0.16797575337714238,0.5682198660714286,0.45822151481331175,0.4040432224025974,0.36184133908640737,63.82,Degraded,False,,False,0.5
4925_MVR.png,MVR,fpn_resnet18_torch_cross_entropy_correct_files,0.37495105442747667,0.4962596705100062,0.0,0.5037403294899938,0.25028208632001214,0.3492262313598421,0.15794384288673843,0.6403079342532467,0.44006759841720783,0.34144176136363635,0.3558795346708394,64.41,Degraded,False,,False,0.5
4925_MVR.png,MVR,fpn_resnet50_torch_cross_entropy_all_files,0.31525343817674745,0.30135232760041064,1.2674110594289046e-05,0.6986349982889951,0.251600500243729,0.3537778392973973,0.1516021402634927,0.5353718547077922,0.4477767349837662,0.40462662337662336,0.36072419585584437,63.93,Degraded,False,,False,0.5
4925_MVR.png,MVR,unet_resnet18_torch_cross_entropy_all_files,0.3493954722348748,0.31793335315509,0.04511355579443314,0.6369530910504768,0.26960963408689537,0.3823555549486503,0.17364007277114782,0.6107827719155844,0.49137048498376623,0.41676390016233766,0.39213775070417023,60.79,Degraded,False,,False,0.5
4925_MVR.png,MVR,pan_resnet18_torch_cross_entropy_correct_clear_strict_files,0.39451729676599623,0.19781444008952895,0.04268829945614195,0.7594972604543291,0.3365036479434868,0.4619596324771797,0.13670658591929405,0.6712789163961039,0.5900112875405845,0.541307325487013,0.47554349914243377,52.45,Unreliable,True,,False,0.0
4926_MVR.png,MVR,GT,0.3193129240284803,0.34987549582692046,0.0,0.6501245041730795,0.24446067972414676,0.35061279822334257,0.16780944096317812,0.5682198660714286,0.45851042512175333,0.4044744318181818,0.3619262134329482,63.81,Degraded,False,,False,0.5
4926_MVR.png,MVR,fpn_resnet18_torch_cross_entropy_correct_files,0.36344784599525326,0.42200674999725163,0.0,0.5779932500027484,0.2606849583263411,0.3617144178759715,0.1531502063832989,0.612799310064935,0.44996436181006494,0.36976207386363635,0.3667055575847198,63.33,Degraded,False,,False,0.5
4926_MVR.png,MVR,fpn_resnet50_torch_cross_entropy_all_files,0.34469270171569216,0.3497780199144536,1.159164937578968e-05,0.6502103884361706,0.26391216966732994,0.36924435678200634,0.15396553702758561,0.5789366883116883,0.4654755986201299,0.40958553165584416,0.37613719738285284,62.39,Degraded,False,,False,0.5
4926_MVR.png,MVR,unet_resnet18_torch_cross_entropy_all_files,0.37547846794364664,0.31166067210079385,0.044469746951284396,0.6438695809479218,0.2913966868841848,0.414285884539925,0.15724765587508666,0.6555905032467533,0.527230367288961,0.4523894074675325,0.4225969183428173,57.74,Degraded,False,,False,0.5
4926_MVR.png,MVR,pan_resnet18_torch_cross_entropy_correct_clear_strict_files,0.39817722692366087,0.14760925191912097,0.04720284983192012,0.8051878982489589,0.3524078824347326,0.4936057731647045,0.12495560475109456,0.6702896712662337,0.6185411170860389,0.5872311282467533,0.5012205435142467,49.88,Unreliable,True,,False,0.0
4927_RV.png,RV,GT,0.18166532986193024,0.055366671388770834,0.3870000472210417,0.5576332813901874,0.15102280574582982,0.13184009136613337,0.6688268876356498,0.17848725558659218,0.14960610160614526,0.09354268505586592,0.14470130977604706,85.53,Healthy,False,,False,1.0
4927_RV.png,RV,fpn_resnet18_torch_cross_entropy_correct_files,0.19940551507015009,0.2687889868788987,0.11178748117874812,0.6194235319423532,0.15591589711035714,0.14238157409424002,0.6451068899224766,0.20455438198324022,0.1629002269553073,0.13173228002793297,0.15464933214350207,84.54,Healthy,False,,False,1.0
4927_RV.png,RV,fpn_resnet50_torch_cross_entropy_all_files,0.18576581754545493,0.2406834449318864,0.0,0.7593165550681136,0.15580961041077795,0.1372535882672789,0.6746569826978216,0.18938765712290503,0.16122730446927375,0.14735728002793297,0.15240988139112654,84.76,Healthy,False,,False,1.0
4927_RV.png,RV,unet_resnet18_torch_cross_entropy_all_files,0.18973762883723724,0.20433583506646172,0.052378153540103084,0.7432860113934352,0.16038264069691133,0.14406734970530877,0.6581357376744623,0.19570530726256982,0.16895382332402234,0.1512526187150838,0.15891652645027496,84.11,Healthy,False,,False,1.0
4927_RV.png,RV,pan_resnet18_torch_cross_entropy_correct_clear_strict_files,0.055300823957828454,0.04366710618164896,0.00023268440238889319,0.9561002094159622,0.053678514902870775,0.06161650167762423,0.5483703686285697,0.08774877793296089,0.08774877793296089,0.08774877793296089,0.06968801614733286,93.03,Healthy,False,,False,1.0
4928_RV.png,RV,GT,0.1814766044873747,0.0554242495863862,0.38865516426376745,0.5559205861498464,0.15075678875196769,0.1315108210048282,0.6690899968365107,0.17822538407821228,0.1491476082402235,0.09270251396648045,0.14433932622312817,85.57,Healthy,False,,False,1.0
4928_RV.png,RV,fpn_resnet18_torch_cross_entropy_correct_files,0.2012884796026473,0.27204926591233564,0.0983187368151889,0.6296319972724754,0.15787027704027143,0.14616523173794607,0.643369626354984,0.21459278980446927,0.1696473463687151,0.13778805865921787,0.1590695911809513,84.09,Healthy,False,,False,1.0
4928_RV.png,RV,fpn_resnet50_torch_cross_entropy_all_files,0.17436937845013575,0.17078690379553785,0.0,0.8292130962044622,0.15441677425442754,0.1353606927875865,0.6792995842453226,0.1797747905027933,0.1597876658519553,0.14994326117318435,0.15084830645338634,84.92,Healthy,False,,False,1.0
4928_RV.png,RV,unet_resnet18_torch_cross_entropy_all_files,0.19414265064788563,0.18282040518745996,0.058414157258688114,0.758765437553852,0.16650635017993248,0.14915718408009862,0.6582127495873585,0.20188111033519554,0.17588370722765362,0.15578081354748605,0.16505254316907078,83.49,Healthy,False,,False,1.0
4928_RV.png,RV,pan_resnet18_torch_cross_entropy_correct_clear_strict_files,0.18231729024675844,0.01964428551263351,0.12633510563214606,0.8540206088552205,0.17208644479997254,0.1593556392069077,0.6079419438804367,0.18543776187150837,0.18160123516061452,0.1759012744413408,0.1720731192663099,82.79,Healthy,False,,False,1.0
4929_RV.png,RV,GT,0.18106912924685709,0.055548975482648345,0.389032334478266,0.5554186900390856,0.15037993849268477,0.1311085389782825,0.6693949284102365,0.1776470844972067,0.1485952775837989,0.09220059357541899,0.14388465427480973,85.61,Healthy,False,,False,1.0
4929_RV.png,RV,fpn_resnet18_torch_cross_entropy_correct_files,0.20611384429298757,0.28459649560910644,0.09684937778332708,0.6185541266075665,0.1600250490042592,0.14840044035014144,0.6408564244298288,0.2213578037709497,0.17116958362430168,0.13770076815642457,0.16099548025604088,83.9,Healthy,False,,False,1.0
4929_RV.png,RV,fpn_resnet50_torch_cross_entropy_all_files,0.1902437559780907,0.23165892591423548,0.0,0.7683410740857646,0.16071574098300187,0.14215234830129614,0.6683023473027608,0.1920936627094972,0.16647008118016762,0.15384951117318435,0.15744845925735645,84.26,Healthy,False,,False,1.0
4929_RV.png,RV,unet_resnet18_torch_cross_entropy_all_files,0.18617329278597256,0.19428637253772607,0.048289367584379676,0.7574242598778943,0.15888210240067255,0.14228202863997672,0.6708974051601845,0.19450506284916202,0.16858338425279332,0.1509361906424581,0.1577825930133121,84.22,Healthy,False,,False,1.0
4929_RV.png,RV,pan_resnet18_torch_cross_entropy_correct_clear_strict_files,0.16914511694539403,0.04113097502218841,0.07394446557626475,0.8849245594015468,0.16023136015235284,0.14471705002001628,0.6352078931583839,0.17043470670391062,0.16790873777932958,0.16448804120111732,0.15864801816344257,84.14,Healthy,False,,False,1.0
4930_RV.png,RV,GT,0.18090613915065004,0.055599023164283855,0.39047348080707495,0.5539274960286412,0.15014986510424932,0.13082174325621992,0.6696677972629059,0.17721063198324022,0.1481588250698324,0.09176414106145252,0.14355501253607375,85.64,Healthy,False,,False,1.0
4930_RV.png,RV,fpn_resnet18_torch_cross_entropy_correct_files,0.21286506564640587,0.29896429434996374,0.10185782219714677,0.5991778834528895,0.16285502888784995,0.1481571880856911,0.631008989256851,0.2153893156424581,0.16845637657122908,0.13391454259776536,0.16068621572055394,83.93,Healthy,False,,False,1.0
4930_RV.png,RV,fpn_resnet50_torch_cross_entropy_all_files,0.18339388272433657,0.21315807937881517,0.0,0.7868419206211849,0.15720231789073658,0.13924449030136238,0.6696915575995933,0.1862342877094972,0.16300857629189944,0.1515690467877095,0.15413747297438946,84.59,Healthy,False,,False,1.0
4930_RV.png,RV,unet_resnet18_torch_cross_entropy_all_files,0.18317513285837447,0.17023369081627873,0.06507282349084438,0.7646934856928769,0.15823009912371377,0.14073197123060882,0.6709440754579465,0.18911487430167598,0.16591665939245812,0.14819745111731844,0.15605528486328002,84.39,Healthy,False,,False,1.0
4930_RV.png,RV,pan_resnet18_torch_cross_entropy_correct_clear_strict_files,0.15653911976769622,0.07603572994300745,0.08491341516878562,0.839050854888207,0.14404502815868375,0.13544797172462467,0.6178989428575695,0.17084933659217877,0.16312390886871508,0.15410047136871508,0.14909746351247855,85.09,Healthy,False,,False,1.0
4931_RV.png,RV,GT,0.18051153154930666,0.05572056552215754,0.3913508375905905,0.552928596887252,0.14975379917046622,0.13040994105128542,0.6699647807666257,0.17665415502793297,0.14758750872905027,0.0911640188547486,0.1430841255581456,85.69,Healthy,False,,False,1.0
4931_RV.png,RV,fpn_resnet18_torch_cross_entropy_correct_files,0.21117940491458032,0.3227175789580583,0.1017162587590129,0.5755661622829288,0.15821470084883527,0.1426903961738722,0.6253285473462277,0.2102173533519553,0.16609702339385474,0.1356276187150838,0.15671033846435414,84.33,Healthy,False,,False,1.0
4931_RV.png,RV,fpn_resnet50_torch_cross_entropy_all_files,0.17379891311341109,0.17361796643632774,0.00017275419545903256,0.8262092793682132,0.15357171349772455,0.13541130310364338,0.6769501587559368,0.17906555516759776,0.15982410963687152,0.15034697974860337,0.150624548835159,84.94,Healthy,False,,False,1.0
4931_RV.png,RV,unet_resnet18_torch_cross_entropy_all_files,0.21760464607558452,0.2616837167129876,0.06325271519523781,0.6750635680917746,0.17477265026185648,0.1593822136663146,0.6385840392551971,0.22399834148044692,0.18138628229748605,0.15332576815642457,0.17280097209744574,82.72,Healthy,False,,False,1.0
4931_RV.png,RV,pan_resnet18_torch_cross_entropy_correct_clear_strict_files,0.1420072659269204,0.009363295880149813,0.01008819620635496,0.9805485079134952,0.14062931333988152,0.12416999492478023,0.6668447628547948,0.15048882681564246,0.15048882681564246,0.15048882681564246,0.1396353232056555,86.04,Healthy,False,,False,1.0
4932_RV.png,RV,GT,0.18187550130177615,0.05530269084734571,0.3864349220574016,0.5582623870952527,0.15124026884787448,0.13207717163267185,0.6686368856444981,0.17879277234636873,0.1499635562150838,0.09400096019553073,0.14498065463019744,85.5,Healthy,False,,False,1.0
4932_RV.png,RV,fpn_resnet18_torch_cross_entropy_correct_files,0.20782524030316157,0.27081914432542875,0.10304831486182486,0.6261325408127464,0.1628341404202571,0.15003822663847385,0.6315892976390798,0.21368715083798884,0.17010965869413408,0.14009034567039105,0.1619055735952729,83.81,Healthy,False,,False,1.0
4932_RV.png,RV,fpn_resnet50_torch_cross_entropy_all_files,0.1877259879129976,0.2256951584527155,0.0,0.7743048415472845,0.1593388606992275,0.14117741584618976,0.6667022589530973,0.18747817737430167,0.16451564682262573,0.1532057437150838,0.15596114169267547,84.4,Healthy,False,,False,1.0
4932_RV.png,RV,unet_resnet18_torch_cross_entropy_all_files,0.19038101079594927,0.1984860091019691,0.0953228495471545,0.7061911413508764,0.15889286832544833,0.1450180528764992,0.6508205312418707,0.19669823673184358,0.17015254015363127,0.1512198847765363,0.15923429242203677,84.08,Healthy,False,,False,1.0
4932_RV.png,RV,pan_resnet18_torch_cross_entropy_correct_clear_strict_files,0.16532342811064454,0.016837899543378994,0.06613221253632212,0.9170298879202988,0.1597410602076837,0.14524919597462077,0.6350221575226394,0.1747774092178771,0.17364219622905028,0.17143854748603352,0.16095395534631146,83.9,Healthy,False,,False,1.0
4933_RV.png,RV,GT,0.18187550130177615,0.05530269084734571,0.3862698393981558,0.5584274697544985,0.15125047717495274,0.13207674816743037,0.6686478113791036,0.17879277234636873,0.14994129713687152,0.09393549231843576,0.14497468645746353,85.5,Healthy,False,,False,1.0
4933_RV.png,RV,fpn_resnet18_torch_cross_entropy_correct_files,0.206298280454485,0.3053204981599684,0.11235628001746471,0.5823232218225669,0.1562160991322922,0.1437582629525058,0.6427793475998793,0.21801894203910616,0.16481941777234638,0.1266912534916201,0.15592007573437794,84.41,Healthy,False,,False,1.0
4933_RV.png,RV,fpn_resnet50_torch_cross_entropy_all_files,0.18552991082726053,0.20658883366084846,0.0,0.7934111663391515,0.15984987754296717,0.14196219495590723,0.6662952276242612,0.18840563896648044,0.16557469884776538,0.1543296089385475,0.1567735012887685,84.32,Healthy,False,,False,1.0
4933_RV.png,RV,unet_resnet18_torch_cross_entropy_all_files,0.19966715706669297,0.20006014908380057,0.07626044553285644,0.723679405383343,0.16772663129495632,0.1511032828803557,0.6513935754827375,0.20159741620111732,0.17483905813547485,0.154296875,0.16558459750678356,83.44,Healthy,False,,False,1.0
4933_RV.png,RV,pan_resnet18_torch_cross_entropy_correct_clear_strict_files,0.18341103957656887,0.09373026823507402,0.05289866934823788,0.8533710624166881,0.1685942104202142,0.15779866013851004,0.6179816897772686,0.19559619413407822,0.1856630804818436,0.17880368365921787,0.1721830933603547,82.78,Healthy,False,,False,1.0
4934_RV.png,RV,GT,0.18187550130177615,0.05530269084734571,0.3866471711907176,0.5580501379619367,0.15122714385591676,0.13203744784829774,0.668683992344152,0.17879277234636873,0.14988193959497206,0.09376091131284917,0.1449321533492532,85.51,Healthy,False,,False,1.0
4934_RV.png,RV,fpn_resnet18_torch_cross_entropy_correct_files,0.19355931767198672,0.26447581270636206,0.1264209896514282,0.6091031976422098,0.1509410533449428,0.13829181383601227,0.654335494951042,0.2082096717877095,0.16238881372206704,0.12848070879888268,0.15172538564311333,84.83,Healthy,False,,False,1.0
4934_RV.png,RV,fpn_resnet50_torch_cross_entropy_all_files,0.18102194790321818,0.1946971851009383,0.0,0.8053028148990617,0.15740815722539384,0.13791500507312934,0.6654744939149826,0.1795129189944134,0.15843651798184358,0.14805560405027932,0.15197155588229438,84.8,Healthy,False,,False,1.0
4934_RV.png,RV,unet_resnet18_torch_cross_entropy_all_files,0.18782035060027535,0.16241521843385326,0.0907533855534495,0.7468313960126972,0.16158666569444505,0.14349199785581893,0.6583179061745572,0.18787098463687152,0.16614808833798883,0.14685535963687152,0.15798283440027472,84.2,Healthy,False,,False,1.0
4934_RV.png,RV,pan_resnet18_torch_cross_entropy_correct_clear_strict_files,0.20270820912487186,0.011235717308506137,0.20744815911976303,0.7813161235717309,0.1868847445559163,0.17131517087003442,0.5625160325158187,0.19871682960893855,0.18880641148743021,0.17123123254189945,0.1829825392227573,81.7,Healthy,False,,False,1.0
4935_FV.png,FV,GT,0.10248600921276375,0.0,0.43380720545277507,0.5661927945472249,0.08736989166620097,0.14961781804397395,0.3224597161295272,0.18544867318435754,0.16080045391061454,0.11295391061452514,0.1354164944772983,86.46,Healthy,False,,False,1.0
4935_FV.png,FV,fpn_resnet18_torch_cross_entropy_correct_files,0.09742457748221713,0.004834678575818413,0.3662473880444135,0.6289179333797681,0.08497728742385899,0.14579252198388182,0.3088170348652339,0.18521953561452514,0.16313656599162013,0.12151929120111732,0.1344855692189703,86.55,Healthy,False,,False,1.0
4935_FV.png,FV,fpn_resnet50_torch_cross_entropy_all_files,0.10101308467918985,0.00011854896072077768,0.2657472536157433,0.7341341974235359,0.09187811848859583,0.15664305218890193,0.31442766961689983,0.18769640363128492,0.1705383641759777,0.13723158170391062,0.1427716968736404,85.72,Healthy,False,,False,1.0
4935_FV.png,FV,unet_resnet18_torch_cross_entropy_all_files,0.14274993812918627,0.28217101951792406,0.20622448408925675,0.5116044963928192,0.10575330709478609,0.1744709185727424,0.3365703376570138,0.2346041375698324,0.18658835981145253,0.1384645600558659,0.15870261162483956,84.13,Healthy,False,,False,1.0
4935_FV.png,FV,pan_resnet18_torch_cross_entropy_correct_clear_strict_files,0.09053895466266436,0.06234018164183053,0.15510096111454016,0.7825588572436293,0.08198281987210702,0.13234434611826965,0.33351832444279167,0.15982891061452514,0.14269651274441342,0.11732934706703911,0.12137675489487837,87.86,Healthy,False,,False,1.0
4936_FV.png,FV,GT,0.10448583357948603,0.0,0.4503361858190709,0.5496638141809291,0.08848755797893997,0.15227015264954644,0.3177298260337654,0.19083886173184358,0.16474380237430167,0.11408868715083799,0.1381248341382666,86.19,Healthy,False,,False,1.0
4936_FV.png,FV,fpn_resnet18_torch_cross_entropy_correct_files,0.11059707331092679,0.0015519543797596275,0.3728299707655105,0.6256180748547299,0.09646254620352702,0.16125503117556775,0.3234627929948998,0.20151012569832402,0.17804567475558658,0.13252880586592178,0.14853354311596306,85.15,Healthy,False,,False,1.0
4936_FV.png,FV,fpn_resnet50_torch_cross_entropy_all_files,0.09864203543002212,0.03989964389770152,0.20415182907089674,0.7559485270314017,0.08915815776658338,0.1506803774319774,0.31471252974572667,0.18263355446927373,0.16657101082402231,0.13549668296089384,0.13857996488917715,86.14,Healthy,False,,False,1.0
4936_FV.png,FV,unet_resnet18_torch_cross_entropy_all_files,0.1400835056402232,0.309055679033453,0.08659599931612241,0.6043483216504246,0.10695236346508491,0.17926360262504223,0.3135989462906995,0.25285876396648044,0.20229901361731847,0.16625567388268156,0.16678439527396552,83.32,Healthy,False,,False,1.0
4936_FV.png,FV,pan_resnet18_torch_cross_entropy_correct_clear_strict_files,0.09429511180654793,0.08360496126656225,0.11590399187232782,0.80049104686111,0.08529721940588053,0.14298690259228264,0.3075799604026594,0.17958929818435754,0.16462061365223465,0.14641890712290503,0.13433348206034282,86.57,Healthy,False,,False,1.0
4937_FV.png,FV,GT,0.1044618835870702,0.0,0.47439816583874667,0.5256018341612534,0.0876126647559895,0.15071354891576427,0.3184108730639319,0.1897695530726257,0.16279526012569834,0.11043339734636871,0.13661596815180546,86.34,Healthy,False,,False,1.0
4937_FV.png,FV,fpn_resnet18_torch_cross_entropy_correct_files,0.10900040714987107,0.006957922876918006,0.3244589299447028,0.6685831471783792,0.09646777528520449,0.1623419905680879,0.3117406757952815,0.20538364175977653,0.18703168645251397,0.15147084497206703,0.1524556043369933,84.75,Healthy,False,,False,1.0
4937_FV.png,FV,fpn_resnet50_torch_cross_entropy_all_files,0.10297299239188575,0.04465635539016165,0.2581307904019847,0.6972128542078536,0.09085469539601312,0.15713716436812294,0.29538084224711403,0.19884776536312848,0.17968564507681567,0.14313460195530725,0.14627181595996708,85.37,Healthy,False,,False,1.0
4937_FV.png,FV,unet_resnet18_torch_cross_entropy_all_files,0.11236138941889336,0.3052683931933639,0.14707449642971332,0.5476571103769228,0.0837614660588691,0.14725414161904113,0.29630988296363264,0.21858633030726257,0.16525630673882682,0.1214101780726257,0.1354072049989038,86.46,Healthy,False,,False,1.0
4937_FV.png,FV,pan_resnet18_torch_cross_entropy_correct_clear_strict_files,0.11690390464709687,0.12118004575408885,0.1660122238535869,0.7128077303923243,0.10081386065894413,0.16359690765663853,0.2425709890639542,0.22637700768156424,0.20343706354748603,0.18284086941340782,0.1606980559136692,83.93,Healthy,False,,False,1.0
4938_FV.png,FV,GT,0.11439314710883675,0.0,0.5456068113615744,0.4543931886384256,0.09317249582870965,0.1570828984674281,0.32469290250581456,0.1983021997206704,0.16611557262569837,0.10363564944134078,0.14152284733912068,85.85,Healthy,False,,False,1.0
4938_FV.png,FV,fpn_resnet18_torch_cross_entropy_correct_files,0.09550857808895027,4.1793789442888784e-05,0.40523258243824967,0.5947256237723074,0.08234681984017372,0.14340066080243197,0.31428243628449665,0.17823629539106145,0.15576946578212292,0.1121573847765363,0.1300320305056309,87.0,Healthy,False,,False,1.0
4938_FV.png,FV,fpn_resnet50_torch_cross_entropy_all_files,0.09235117075546259,0.0619381051175657,0.2959889349930844,0.64207295988935,0.07922485849546147,0.14342016461337195,0.2831085679532581,0.18553596368715083,0.16269171176675976,0.11916244762569832,0.13187019163935393,86.81,Healthy,False,,False,1.0
4938_FV.png,FV,unet_resnet18_torch_cross_entropy_all_files,0.12339036092638571,0.30913561076604557,0.12066511387163562,0.5701992753623188,0.09277141328905246,0.1686800297136893,0.2724685737229012,0.24121639315642457,0.1902480141410615,0.1526383554469274,0.15453463855724714,84.55,Healthy,False,,False,1.0
4938_FV.png,FV,pan_resnet18_torch_cross_entropy_correct_clear_strict_files,0.06114033897222599,0.14689560618920153,0.4070640464842985,0.44604034732649994,0.046660971890692245,0.08329357191117823,0.32092279531274215,0.11963163407821228,0.09331714821927377,0.054785701815642456,0.07631322242827066,92.37,Healthy,False,,False,1.0
4939_FV.png,FV,GT,0.11441310543584994,0.0,0.5333705473955971,0.46662945260440286,0.09366474800616312,0.15665374805239124,0.3353567964877358,0.19205001745810055,0.16282013791899444,0.10607978351955308,0.1402236039851641,85.98,Healthy,False,,False,1.0
4939_FV.png,FV,fpn_resnet18_torch_cross_entropy_correct_files,0.10453772522972034,0.06124708847225935,0.30337164458360383,0.6353812669441369,0.08946527650266244,0.15156214451733147,0.3395486284306572,0.18024397695530725,0.15831965782122906,0.123046875,0.1356360894344898,86.44,Healthy,False,,False,1.0
4939_FV.png,FV,fpn_resnet50_torch_cross_entropy_all_files,0.0972689025315142,0.0,0.34241628365068943,0.6575837163493106,0.08594470745084265,0.1480377439269312,0.3252508723976554,0.1806913407821229,0.15853984811452515,0.11553989175977654,0.13361067465914223,86.64,Healthy,False,,False,1.0
4939_FV.png,FV,unet_resnet18_torch_cross_entropy_all_files,0.1181772459105388,0.2932851449030602,0.15135445517800447,0.5553603999189354,0.08887383143995337,0.15636298147072725,0.313103279685481,0.21199589734636873,0.17070061539804468,0.14049406424581007,0.14185129003242206,85.81,Healthy,False,,False,1.0
4939_FV.png,FV,pan_resnet18_torch_cross_entropy_correct_clear_strict_files,0.06269309681385267,0.07086463771806953,0.39106074111804406,0.5380746211638864,0.051380756979426956,0.09582363244389121,0.27242098790448804,0.14747730446927373,0.12101507943435755,0.07505892108938547,0.09256734860073848,90.74,Healthy,False,,False,1.0
4940_FV.png,FV,GT,0.11038152337918426,0.0,0.5208476476331682,0.4791523523668318,0.09083425806915163,0.154882247496939,0.3272107858277743,0.19328299581005587,0.1630551675977654,0.1043776187150838,0.13893701870893332,86.11,Healthy,False,,False,1.0
4940_FV.png,FV,fpn_resnet18_torch_cross_entropy_correct_files,0.09344089541038313,0.03477295057456534,0.2867273270964159,0.6784997223290188,0.08215462115103664,0.14203919597247786,0.32018327192278506,0.17168950768156424,0.15456485684357543,0.12132288756983241,0.12908408787448453,87.09,Healthy,False,,False,1.0
4940_FV.png,FV,fpn_resnet50_torch_cross_entropy_all_files,0.08825572205235468,0.08037087290818634,0.21492537313432836,0.7047037539574853,0.07705403118289013,0.13338305999536856,0.3262390035392592,0.1640952339385475,0.14365103439245813,0.11700200768156424,0.12059154111046086,87.94,Healthy,False,,False,1.0
4940_FV.png,FV,unet_resnet18_torch_cross_entropy_all_files,0.10373540048378985,0.2847468062182546,0.047714329690626445,0.667538864091119,0.08226183728375153,0.14422619305873793,0.31151077752317435,0.19393767458100558,0.15733687587290504,0.13639141061452514,0.13088115945190887,86.91,Healthy,False,,False,1.0
4940_FV.png,FV,pan_resnet18_torch_cross_entropy_correct_clear_strict_files,0.07289180191759606,0.09232791194348612,0.19872953288428893,0.7089425551722249,0.06345758057176615,0.11089126694161773,0.34682060605730336,0.1408323149441341,0.1215572625698324,0.09975122206703911,0.10092755928194813,89.91,Healthy,False,,False,1.0
4941_FV.png,FV,GT,0.10738378266180215,0.0,0.5123039179243178,0.4876960820756821,0.08867931758488276,0.15023064853048632,0.32825799286068313,0.18745635474860337,0.1583711592178771,0.10191166201117319,0.13502145352176156,86.5,Healthy,False,,False,1.0
4941_FV.png,FV,fpn_resnet18_torch_cross_entropy_correct_files,0.08701032244673122,0.04720616570327553,0.19694467382328654,0.755849160473438,0.07843203391318926,0.13618196933604806,0.31778124279120346,0.16349511173184358,0.1487421438547486,0.12597110684357543,0.12388105851667064,87.61,Healthy,False,,False,1.0
4941_FV.png,FV,fpn_resnet50_torch_cross_entropy_all_files,0.08526596466577785,0.004494171621178784,0.16614390712045315,0.829361921258368,0.08019263777233138,0.13923793442135474,0.31571516021430407,0.16629931913407822,0.15433811976256984,0.13213599860335196,0.12756441956313377,87.24,Healthy,False,,False,1.0
4941_FV.png,FV,unet_resnet18_torch_cross_entropy_all_files,0.10290912574544352,0.257825530429386,0.06089756021876576,0.6812769093518483,0.08300153279951462,0.14498684684153357,0.31917813583721244,0.19067519203910616,0.1564088687150838,0.13360902583798884,0.13096006137834798,86.9,Healthy,False,,False,1.0
4941_FV.png,FV,pan_resnet18_torch_cross_entropy_correct_clear_strict_files,0.07272415197068521,0.06114495855974532,0.1931500082331632,0.7457050332070915,0.0649689847598215,0.11512270592474728,0.31890044470792245,0.14709540851955308,0.1320875523743017,0.11216829608938547,0.10686252815509131,89.31,Healthy,False,,False,1.0
4942_FV.png,FV,GT,0.1092878070588611,0.0,0.4930786369115015,0.5069213630884984,0.09096606286074678,0.1547964130781858,0.3284241645454344,0.18908214036312848,0.16277190991620114,0.1116991096368715,0.13883750674816023,86.12,Healthy,False,,False,1.0
4942_FV.png,FV,fpn_resnet18_torch_cross_entropy_correct_files,0.0882876553755758,0.0018084817795460712,0.33289628356994305,0.6652952346505109,0.07818786374050983,0.13614105945986155,0.3064633701531702,0.17214778282122906,0.15387373428770948,0.1188241969273743,0.12584817067519521,87.42,Healthy,False,,False,1.0
4942_FV.png,FV,fpn_resnet50_torch_cross_entropy_all_files,0.08060369947549517,0.042688060218887734,0.18461843212994603,0.7726935076511663,0.07323883730770152,0.12880435153134642,0.3123110700933308,0.16130193784916202,0.14656741009078214,0.1245417248603352,0.11923992068802725,88.08,Healthy,False,,False,1.0
4942_FV.png,FV,unet_resnet18_torch_cross_entropy_all_files,0.09587181964059045,0.2530602048463652,0.03688899991672912,0.7100507952369056,0.07841427100214751,0.13720207448620608,0.30798245444890493,0.18476126047486033,0.1530848463687151,0.13391454259776536,0.12591884219399213,87.41,Healthy,False,,False,1.0
4942_FV.png,FV,pan_resnet18_torch_cross_entropy_correct_clear_strict_files,0.07076424425798931,0.32169449458483756,0.06385379061371842,0.614451714801444,0.05397573865768276,0.09533380052642212,0.3162674993594888,0.14787011173184358,0.11427941689944135,0.09247337639664804,0.09050462851500801,90.95,Healthy,False,,False,1.0
4943_FV.png,FV,GT,0.11468453868322942,0.0,0.5171417632522363,0.48285823674776374,0.09451976273540848,0.1586027605674111,0.3352264172309349,0.19570530726256982,0.16656817388268158,0.1100078561452514,0.1425640265439185,85.74,Healthy,False,,False,1.0
4943_FV.png,FV,fpn_resnet18_torch_cross_entropy_correct_files,0.08827568037936788,0.014650689577210038,0.27343432059687994,0.7119149898259101,0.07920238541924461,0.13816990237971732,0.3038847056117195,0.17550846717877094,0.1576549406424581,0.12642938198324022,0.12827366259667183,87.17,Healthy,False,,False,1.0
4943_FV.png,FV,fpn_resnet50_torch_cross_entropy_all_files,0.08740150565618987,0.01114358786993058,0.22931128973328463,0.7595451223967848,0.07993461652070477,0.13906894926481528,0.30836175019807116,0.17168950768156424,0.15748417859636873,0.13131765013966482,0.1286947411742035,87.13,Healthy,False,,False,1.0
4943_FV.png,FV,unet_resnet18_torch_cross_entropy_all_files,0.10473730849985231,0.2751248142078585,0.02286672510385304,0.7020084606882884,0.08461640095480637,0.1468653236613028,0.30655787427429015,0.19940424231843576,0.16317770164106146,0.14291637569832402,0.13471559804125735,86.53,Healthy,False,,False,1.0
4943_FV.png,FV,pan_resnet18_torch_cross_entropy_correct_clear_strict_files,0.05833419819417057,0.4012590666484193,0.038798412481182425,0.5599425208703982,0.04188191057072832,0.0745638164012382,0.3925028374665081,0.11948978701117319,0.08597350733240222,0.06685361382681564,0.06932312102455085,93.07,Healthy,False,,False,1.0
4944_FV.png,FV,GT,0.10260975084024557,0.0,0.43546253792888817,0.5645374620711118,0.08741763198441654,0.14987657856381909,0.32109153299621424,0.18578692388268156,0.1616246944832402,0.11472154329608938,0.13583814095776678,86.42,Healthy,False,,False,1.0
4944_FV.png,FV,fpn_resnet18_torch_cross_entropy_correct_files,0.09975171841195583,0.003161264505802321,0.3510604241696679,0.6457783113245298,0.08763402016589361,0.15026097264515909,0.3045853616710862,0.19093706354748605,0.16994424319134077,0.1300301152234637,0.13934619511985213,86.07,Healthy,False,,False,1.0
4944_FV.png,FV,fpn_resnet50_torch_cross_entropy_all_files,0.10254987585920598,0.038301350667548945,0.21466661476781754,0.7470320345646335,0.09243347889606501,0.1576406052900765,0.30596995721274034,0.19160265363128492,0.17621421089385475,0.1463425279329609,0.14550790961338436,85.45,Healthy,False,,False,1.0
4944_FV.png,FV,unet_resnet18_torch_cross_entropy_all_files,0.1164608297874039,0.3309569509185632,0.032046887853029886,0.636996161228407,0.08936772020022195,0.15096190043358312,0.3208181436788473,0.20570006983240224,0.16418787098463689,0.14167248603351956,0.13777403458399629,86.22,Healthy,False,,False,1.0
4944_FV.png,FV,pan_resnet18_torch_cross_entropy_correct_clear_strict_files,0.10443394192925172,0.09402591445935099,0.10572182089209953,0.8002522646485495,0.09410095720136356,0.15291945200096385,0.32834719635390586,0.18475034916201116,0.166380062849162,0.14700811801675978,0.14065814790036302,85.93,Healthy,False,,False,1.0
4945_MVL.png,MVL,GT,0.10875254434428613,0.0,0.4573306595365419,0.5426693404634582,0.09184234758166133,0.1432638951935031,0.277438342381864,0.30535967938311687,0.2643387276785715,0.18470982142857142,0.17626736390397793,82.37,Healthy,False,,False,1.0
4945_MVL.png,MVL,fpn_resnet18_torch_cross_entropy_correct_files,0.10433830893993733,0.08562028256241533,0.35935746080898007,0.5550222566286046,0.08560466543891959,0.13401295817049722,0.27278907355219006,0.293653612012987,0.25327427455357143,0.17940848214285715,0.1671949969042536,83.28,Healthy,False,,False,1.0
4945_MVL.png,MVL,fpn_resnet50_torch_cross_entropy_all_files,0.10214128784207295,0.0,0.24985172591040292,0.7501482740895971,0.09346442764369488,0.1399678012872989,0.30864593320401673,0.274515523538961,0.2568747463474026,0.22263088474025974,0.17277956721825918,82.72,Healthy,False,,False,1.0
4945_MVL.png,MVL,unet_resnet18_torch_cross_entropy_all_files,0.1284409227488611,0.27984781309939316,0.18916454422538753,0.5309876426752194,0.0960977028205874,0.1487239947223341,0.2990461320707829,0.34856939935064934,0.2726850395698052,0.20488788555194806,0.18252052509079852,81.75,Healthy,False,,False,1.0
4945_MVL.png,MVL,pan_resnet18_torch_cross_entropy_correct_clear_strict_files,0.09624083228328649,0.6634913973982375,0.00419639110365086,0.33231221149811163,0.05332069238473717,0.08252767200548523,0.2961416543991908,0.27456625405844154,0.15686295150162338,0.09826501623376624,0.10349968991771608,89.65,Healthy,False,,False,1.0
4946_MVL.png,MVL,GT,0.10817905721947595,0.0,0.4513551855446875,0.5486448144553124,0.09157781654873834,0.14236198121888655,0.27276476567330876,0.30191000405844154,0.2624198457792208,0.1857624797077922,0.1751498776419758,82.49,Healthy,False,,False,1.0
4946_MVL.png,MVL,fpn_resnet18_torch_cross_entropy_correct_files,0.09660027139672385,0.06041222459132907,0.3181989213595886,0.6213888540490823,0.08223930567671481,0.1289187453901152,0.2738547114417006,0.2738940746753247,0.24263862114448057,0.18434202516233766,0.16040286377784124,83.96,Healthy,False,,False,1.0
4946_MVL.png,MVL,fpn_resnet50_torch_cross_entropy_all_files,0.08731139543148848,0.045237985105694066,0.20921411721171193,0.745547897682594,0.07845433103938484,0.1171097700528956,0.3188070764764243,0.23268821022727273,0.21655856838474025,0.19087357954545456,0.14529265768158023,85.47,Healthy,False,,False,1.0
4946_MVL.png,MVL,unet_resnet18_torch_cross_entropy_all_files,0.10927352912668412,0.30106811545995493,0.0868906382821451,0.6120412462579,0.08400310167684405,0.1252625752886921,0.3269918787790407,0.2895698051948052,0.23057946935876622,0.1904804180194805,0.15501149083316734,84.5,Healthy,False,,False,1.0
4946_MVL.png,MVL,pan_resnet18_torch_cross_entropy_correct_clear_strict_files,0.1045685115182062,0.013826664606828364,0.3506874710335239,0.6354858643596478,0.09113170818390358,0.13491629154271972,0.29374690866186415,0.283596286525974,0.24688108766233768,0.1800172483766234,0.16656683498292207,83.34,Healthy,False,,False,1.0
4947_MVL.png,MVL,GT,0.10845772349843301,0.0,0.4912306832991994,0.5087693167008006,0.09034328454654131,0.13995962680363028,0.2751556230860435,0.30288656655844154,0.25860998376623384,0.17266132305194806,0.17253486691154502,82.75,Healthy,False,,False,1.0
4947_MVL.png,MVL,fpn_resnet18_torch_cross_entropy_correct_files,0.10206859229104068,0.00253234677323626,0.4049776441261425,0.5924900091006212,0.08784134599851379,0.13567740008435406,0.2874984157204223,0.2923092532467532,0.2556478287337663,0.1844815340909091,0.16931475531836687,83.07,Healthy,False,,False,1.0
4947_MVL.png,MVL,fpn_resnet50_torch_cross_entropy_all_files,0.11110303382766308,0.03198836786623046,0.32188295165394404,0.6461286804798255,0.09656271202869052,0.14797905794841276,0.2839574800552531,0.3134258319805195,0.27879502333603895,0.21571885146103897,0.18488054032754656,81.51,Healthy,False,,False,1.0
4947_MVL.png,MVL,unet_resnet18_torch_cross_entropy_all_files,0.11300927272139834,0.2979772711028518,0.09109427489100136,0.6109284540061468,0.08694743303932022,0.133425490258796,0.3090343083569509,0.31766183035714285,0.24921887682629876,0.20118455762987014,0.16579942771995437,83.42,Healthy,False,,False,1.0
4947_MVL.png,MVL,pan_resnet18_torch_cross_entropy_correct_clear_strict_files,0.024417627863396983,0.0003307972213033411,0.0,0.9996692027786966,0.0244122160834868,0.0355465133289993,0.3909959965684689,0.07368607954545454,0.07366908482142857,0.07366071428571429,0.04745525275231726,95.25,Healthy,False,,False,1.0
4948_MVL.png,MVL,GT,0.1101620303059675,0.0,0.5107966418594421,0.489203358140558,0.09103009595812736,0.14031539827603076,0.2822857240437498,0.31531554383116883,0.2654375507305195,0.1686155641233766,0.17557866856245524,82.44,Healthy,False,,False,1.0
4948_MVL.png,MVL,fpn_resnet18_torch_cross_entropy_correct_files,0.08992843526865045,0.0,0.510396550949836,0.4896034490501639,0.07432271978288263,0.12107996652612552,0.29033230676835253,0.2730950689935065,0.2272531960227273,0.13826603084415584,0.14952208430179337,85.05,Healthy,False,,False,1.0
4948_MVL.png,MVL,fpn_resnet50_torch_cross_entropy_all_files,0.08775968466285419,0.017211228716060744,0.2599631845375058,0.7228255867464335,0.07899082420600305,0.1278990412146927,0.24591720746483137,0.26756544237012986,0.24258154931006493,0.19788707386363635,0.15909957935023472,84.09,Healthy,False,,False,1.0
4948_MVL.png,MVL,unet_resnet18_torch_cross_entropy_all_files,0.09906384284837323,0.3349912348648538,0.12030657588976314,0.544702189245383,0.07277741430002262,0.1186754479941677,0.27994563760698726,0.2991705560064935,0.2246102627840909,0.16945261769480519,0.14727996380189345,85.27,Healthy,False,,False,1.0
4948_MVL.png,MVL,pan_resnet18_torch_cross_entropy_correct_clear_strict_files,0.16201011275887695,0.01951888321076904,0.4775520378910632,0.5029290788981677,0.1335861926916739,0.20104110964541164,0.19316250802902465,0.40779728084415584,0.34343255377435067,0.22578885957792208,0.23776121221086594,76.22,Degraded,False,,False,0.5
4949_MVL.png,MVL,GT,0.1154970760233918,0.0,0.5155954961885446,0.48440450381145533,0.09525015346838553,0.14755523844558563,0.27503797874414554,0.32437094155844154,0.27382026176948054,0.1756924715909091,0.18236972228198356,81.76,Healthy,False,,False,1.0
4949_MVL.png,MVL,fpn_resnet18_torch_cross_entropy_correct_files,0.09784417304772058,0.0,0.40648862838981303,0.593511371610187,0.08432150819036541,0.13495796105639393,0.2668636842133003,0.2975091314935065,0.258342380275974,0.1823128043831169,0.1691207928844174,83.09,Healthy,False,,False,1.0
4949_MVL.png,MVL,fpn_resnet50_torch_cross_entropy_all_files,0.0998675325514523,0.005054998382400517,0.26920899385312197,0.7257360077644776,0.09038831540176408,0.14221663191237505,0.27002658031449855,0.2943257913961039,0.2704263900162338,0.2255352069805195,0.17795204020073527,82.2,Healthy,False,,False,1.0
4949_MVL.png,MVL,unet_resnet18_torch_cross_entropy_all_files,0.10644647991987335,0.27806654778616685,0.019653223052699474,0.7022802291611336,0.08590372685858294,0.13794556091434074,0.27204210634360937,0.3162794237012987,0.2632981178977273,0.2342481737012987,0.17247403349096802,82.75,Healthy,False,,False,1.0
4949_MVL.png,MVL,pan_resnet18_torch_cross_entropy_correct_clear_strict_files,0.09934654776905431,0.032440343103378184,0.2599699174763202,0.7075897394203017,0.08840602888436563,0.14083063087121253,0.2628605621661511,0.2958477069805195,0.26621702516233764,0.21852171266233766,0.1752578079916085,82.47,Healthy,False,,False,1.0
4950_MVL.png,MVL,GT,0.11645423411198345,0.0,0.5077509970521935,0.4922490029478065,0.09635011792833835,0.14794706163038868,0.2826340518793683,0.32293780438311687,0.27321504667207797,0.17669439935064934,0.1825751725364493,81.74,Healthy,False,,False,1.0
4950_MVL.png,MVL,fpn_resnet18_torch_cross_entropy_correct_files,0.10726632418984847,0.07963102409638555,0.3204066265060241,0.5999623493975904,0.08985796097056639,0.13529480185398815,0.2949581092535922,0.29813058035714285,0.2585683847402598,0.19026481331168832,0.1709731827434703,82.9,Healthy,False,,False,1.0
4950_MVL.png,MVL,fpn_resnet50_torch_cross_entropy_all_files,0.0940882362443863,0.0004721637979138945,0.24707043825385241,0.7524573979482336,0.08615468805531323,0.12976400435418364,0.2946537147023841,0.26024756493506496,0.24144391741071428,0.205078125,0.16135317468713478,83.86,Healthy,False,,False,1.0
4950_MVL.png,MVL,unet_resnet18_torch_cross_entropy_all_files,0.12299683370488837,0.2579215235593499,0.18693153833524873,0.5551469381054014,0.09392479241381538,0.14141277861696533,0.300535635578687,0.3294439935064935,0.2665451247970779,0.20654931006493507,0.17721932122806539,82.28,Healthy,False,,False,1.0
4950_MVL.png,MVL,pan_resnet18_torch_cross_entropy_correct_clear_strict_files,0.1274474168847533,0.3821656050955414,0.3352346547517191,0.2825997401527395,0.08028795515492229,0.12550503183289563,0.24449545389703536,0.3397549715909091,0.22605582893668835,0.10683847402597403,0.15216022767102072,84.78,Healthy,False,,False,1.0
4951_MVL.png,MVL,GT,0.12088462408322832,0.0,0.5717292529734064,0.4282707470265936,0.09738611030338276,0.14850873043172383,0.2796563748041813,0.3246372767857143,0.26952008928571425,0.16252790178571427,0.18157648793481768,81.84,Healthy,False,,False,1.0
4951_MVL.png,MVL,fpn_resnet18_torch_cross_entropy_correct_files,0.10985913217666635,0.030181604293801928,0.31567531799132414,0.6541430777148739,0.09584645891893638,0.14552863875210276,0.28832853763213473,0.3043070211038961,0.27181501116071427,0.21540178571428573,0.18113853376559746,81.89,Healthy,False,,False,1.0
4951_MVL.png,MVL,fpn_resnet50_torch_cross_entropy_all_files,0.11151093664178863,0.0,0.3331643185686864,0.6668356814313136,0.09887943846725468,0.1477191642793232,0.2885864368443644,0.29702719155844154,0.2704991883116883,0.2190036525974026,0.18217925614864866,81.78,Healthy,False,,False,1.0
4951_MVL.png,MVL,unet_resnet18_torch_cross_entropy_all_files,0.12243546250525024,0.2577516822799842,0.09945243435809474,0.6427958833619211,0.09715162676488644,0.1457377499337092,0.300913951392796,0.325296773538961,0.269683695211039,0.2266005478896104,0.1807402910939943,81.93,Healthy,False,,False,1.0
4951_MVL.png,MVL,pan_resnet18_torch_cross_entropy_correct_clear_strict_files,0.09532406061193499,0.01796381815870864,0.3647841376096259,0.6172520442316655,0.08235404348809408,0.12932661210966315,0.2652969975361466,0.27196631493506496,0.23726740056818182,0.17498224431818182,0.1584111569065999,84.16,Healthy,False,,False,1.0
4952_MVL.png,MVL,GT,0.11849778682433523,0.0,0.5776217579496268,0.4223782420503732,0.09522584084520692,0.14557705816326313,0.28122702220879997,0.32000811688311687,0.2646278916396104,0.15712510146103897,0.17809202635838517,82.19,Healthy,False,,False,1.0
4952_MVL.png,MVL,fpn_resnet18_torch_cross_entropy_correct_files,0.10674533940745048,0.006885853732359729,0.31811130869055276,0.6750028375770875,0.0947075215663468,0.14348650536749982,0.2869256862616757,0.2975091314935065,0.2686784699675325,0.21271306818181818,0.178929596067167,82.11,Healthy,False,,False,1.0
4952_MVL.png,MVL,fpn_resnet50_torch_cross_entropy_all_files,0.10661206423055798,3.788165770134101e-05,0.28471853928327906,0.7152435790590196,0.09628885173338504,0.1461106533287617,0.2804100356435838,0.29800375405844154,0.2745977069805195,0.2291624391233766,0.18255893431085182,81.74,Healthy,False,,False,1.0
4952_MVL.png,MVL,unet_resnet18_torch_cross_entropy_all_files,0.11410374462860651,0.2569638622447174,0.08788447244540402,0.6551516653098786,0.09104948143840265,0.1404324170402956,0.28166554360804014,0.3155057832792208,0.26343103185876626,0.22619470373376624,0.17481698228711598,82.52,Healthy,False,,False,1.0
4952_MVL.png,MVL,pan_resnet18_torch_cross_entropy_correct_clear_strict_files,0.120012277470841,0.018474895679095438,0.4428254139184278,0.5386996904024768,0.10045761849374818,0.15346202850954327,0.25160499215693993,0.330953226461039,0.28202452820616886,0.19380326704545456,0.188985705383455,81.1,Healthy,False,,False,1.0
4953_MVL.png,MVL,GT,0.11769813576298019,0.0,0.5300758329616031,0.46992416703839684,0.09648589706309975,0.14594273568686889,0.28852660350268905,0.31724330357142855,0.26774477475649355,0.1716593952922078,0.17982649972758802,82.02,Healthy,False,,False,1.0
4953_MVL.png,MVL,fpn_resnet18_torch_cross_entropy_correct_files,0.11179364156246971,0.0036125862504967307,0.4162421877822333,0.5801452259672699,0.09570175438596491,0.14568802998933497,0.28462090166852533,0.30970982142857145,0.271207132711039,0.19646661931818182,0.1808997883970056,81.91,Healthy,False,,False,1.0
4953_MVL.png,MVL,fpn_resnet50_torch_cross_entropy_all_files,0.10809020710154761,0.0,0.29958152742489913,0.7004184725751009,0.0970803851248748,0.14613685060890164,0.2827604102335783,0.29485846185064934,0.2716335227272727,0.22654981737012986,0.181618579811042,81.84,Healthy,False,,False,1.0
4953_MVL.png,MVL,unet_resnet18_torch_cross_entropy_all_files,0.11608267907337404,0.24788644191629267,0.059527537139477435,0.6925860209442299,0.09445377370682694,0.14467975022312846,0.2848012850720284,0.322658786525974,0.2750673447646104,0.2422255478896104,0.1817669950848308,81.82,Healthy,False,,False,1.0
4953_MVL.png,MVL,pan_resnet18_torch_cross_entropy_correct_clear_strict_files,0.11456011114342024,0.039624903052950716,0.19040400479447225,0.769971092152577,0.10410237149042034,0.1543819592909986,0.16893091230872243,0.30631087662337664,0.2774047534496754,0.23196530032467533,0.18850720061429585,81.15,Healthy,False,,False,1.0
4954_MVL.png,MVL,GT,0.10802558883396336,0.0,0.4528189023478391,0.5471810976521609,0.09139413912313012,0.14256726104326767,0.2765863418867532,0.3032416801948052,0.2630400263798702,0.18500152191558442,0.1754044306018674,82.46,Healthy,False,,False,1.0
4954_MVL.png,MVL,fpn_resnet18_torch_cross_entropy_correct_files,0.102940938903428,0.03707481658754757,0.3774177096002197,0.5855074738122328,0.08717428354495815,0.13498555557874303,0.28130478939715053,0.28632305194805197,0.250765523538961,0.18174208603896103,0.16695416115269474,83.3,Healthy,False,,False,1.0
4954_MVL.png,MVL,fpn_resnet50_torch_cross_entropy_all_files,0.10678572582469063,0.033886766763738134,0.31477629439128624,0.6513369388449756,0.09293261930147653,0.13800839570876927,0.3332247431787292,0.27225801542207795,0.24612444196428568,0.197265625,0.16773208128878803,83.23,Healthy,False,,False,1.0
4954_MVL.png,MVL,unet_resnet18_torch_cross_entropy_all_files,0.12785128105715485,0.37574628044350383,0.1981552263322488,0.4260984932242474,0.08705102419954121,0.13528354683226745,0.30710520422002696,0.3517273741883117,0.2474913758116883,0.1623630275974026,0.16569692163421793,83.43,Healthy,False,,False,1.0
4954_MVL.png,MVL,pan_resnet18_torch_cross_entropy_correct_clear_strict_files,0.11345352331104003,0.013064217570838673,0.2433433005837961,0.7435924818453652,0.1030736890568964,0.15582145646425463,0.2803736317981119,0.3112571022727273,0.28186066862824677,0.22931463068181818,0.19041281110764402,80.96,Healthy,False,,False,1.0
4955_MVR.png,MVR,GT,0.11137614972150968,0.0,0.25409865470852017,0.7459013452914798,0.10175396958582057,0.10467215381199543,0.6625463077497119,0.12932477678571427,0.10968318790584415,0.07155539772727272,0.10580111218168246,89.42,Healthy,False,,False,1.0
4955_MVR.png,MVR,fpn_resnet18_torch_cross_entropy_correct_files,0.09293665444026243,0.07768701633705932,0.4542992261392949,0.46801375752364577,0.07374411654240486,0.1003649275801736,0.4935936332515393,0.13786018668831168,0.11451615767045457,0.09070616883116883,0.09803917630495537,90.2,Healthy,False,,False,1.0
4955_MVR.png,MVR,fpn_resnet50_torch_cross_entropy_all_files,0.10846338871175253,0.04866278641420467,0.4930744861121344,0.4582627274736609,0.08674366104891361,0.10400722604269472,0.572335155171775,0.13882406655844157,0.11335151176948054,0.07971032873376624,0.10256587083527471,89.74,Healthy,False,,False,1.0
4955_MVR.png,MVR,unet_resnet18_torch_cross_entropy_all_files,0.13101431208496153,0.31662092101250383,0.4061604147605977,0.27721866422689845,0.08512909644475344,0.11164283505629471,0.5169644800134074,0.166700487012987,0.1261987621753247,0.1021585836038961,0.10951108432044432,89.05,Healthy,False,,False,1.0
4955_MVR.png,MVR,pan_resnet18_torch_cross_entropy_correct_clear_strict_files,0.13923317271194433,0.08640629035498035,0.3282348552242661,0.5853588544207535,0.11563425470876386,0.13314273143460165,0.5588252006474321,0.18188159496753248,0.15167918019480517,0.10848721590909091,0.1353047679209317,86.47,Healthy,False,,False,1.0
4956_MVR.png,MVR,GT,0.1132101103572827,0.0,0.30186348556504555,0.6981365144349545,0.10159095086264074,0.10667526281723708,0.6501367415527245,0.13550121753246752,0.1135052252435065,0.07080712256493507,0.10788195420136595,89.21,Healthy,False,,False,1.0
4956_MVR.png,MVR,fpn_resnet18_torch_cross_entropy_correct_files,0.08952444881292003,0.0024546996340266,0.39261804873694545,0.6049272516290279,0.07742658164121498,0.11952831666885058,0.3795069417856611,0.16227424918831168,0.14190657974837662,0.1030463676948052,0.11584910139237031,88.42,Healthy,False,,False,1.0
4956_MVR.png,MVR,fpn_resnet50_torch_cross_entropy_all_files,0.09780324279401306,0.22273061524634366,0.19098782580276166,0.5862815589508947,0.0768571748215984,0.11438358248729985,0.4251042241992019,0.18109527191558442,0.13730177049512987,0.10043374594155845,0.11229293539072142,88.77,Healthy,False,,False,1.0
4956_MVR.png,MVR,unet_resnet18_torch_cross_entropy_all_files,0.15581872957271514,0.3374788450689779,0.3559669726652649,0.3065541822657572,0.10172787859899791,0.12961782421432155,0.5087688408865323,0.21565543831168832,0.1500484476461039,0.10110592532467533,0.1294230899024374,87.06,Healthy,False,,False,1.0
4956_MVR.png,MVR,pan_resnet18_torch_cross_entropy_correct_clear_strict_files,0.12390222073054763,0.026991293131247984,0.3667526604321187,0.6062560464366333,0.1062114528644148,0.12866389414180154,0.4537071513925391,0.16904677353896103,0.14730620941558442,0.10687652191558442,0.12938508786809866,87.06,Healthy,False,,False,1.0
4957_MVR.png,MVR,GT,0.11704984057727806,0.0,0.3442225635774023,0.6557774364225977,0.10335083387273351,0.11105146911666232,0.6410330361324886,0.14387175324675325,0.1197757711038961,0.07300121753246754,0.11223099933837719,88.78,Healthy,False,,False,1.0
4957_MVR.png,MVR,fpn_resnet18_torch_cross_entropy_correct_files,0.10717681937685294,0.0,0.4292424694303609,0.5707575305696392,0.09153517288774883,0.11460770841647515,0.5386140159647815,0.15154474431818182,0.1283974228896104,0.08346438717532467,0.11320183354711136,88.68,Healthy,False,,False,1.0
4957_MVR.png,MVR,fpn_resnet50_torch_cross_entropy_all_files,0.08598438536347582,0.0016728624535315986,0.30269516728624535,0.695631970260223,0.07703881284012178,0.10569785999300094,0.48246928338473266,0.13722605519480519,0.11861378855519482,0.08277952516233766,0.10226651727201475,89.77,Healthy,False,,False,1.0
4957_MVR.png,MVR,unet_resnet18_torch_cross_entropy_all_files,0.11089268733168717,0.3634431072998487,0.252071773438063,0.38448511926208834,0.07438556325366193,0.10449752180299744,0.44943077761970157,0.1576070413961039,0.11910638189935066,0.0931158685064935,0.10130747827673808,89.87,Healthy,False,,False,1.0
4957_MVR.png,MVR,pan_resnet18_torch_cross_entropy_correct_clear_strict_files,0.11074485172488194,0.003571815131507739,0.5407872424865606,0.45564094238193165,0.09011742941848666,0.10820772891963922,0.5696153418206161,0.15778459821428573,0.12537489853896105,0.06246195211038961,0.10964750691702219,89.04,Healthy,False,,False,1.0
4958_MVR.png,MVR,GT,0.12023429945900159,0.0,0.35992954938189553,0.6400704506181045,0.10552050120266264,0.11270985891169133,0.644316331228748,0.14738484172077923,0.12209440949675324,0.07300121753246754,0.1143068718330075,88.57,Healthy,False,,False,1.0
4958_MVR.png,MVR,fpn_resnet18_torch_cross_entropy_correct_files,0.08726296358449405,0.0016025641025641025,0.5609432234432234,0.43745421245421245,0.07052641462693485,0.10227157862997091,0.44781670203831614,0.13456270292207792,0.11731876521915582,0.08427607548701299,0.09876690406473405,90.12,Healthy,False,,False,1.0
4958_MVR.png,MVR,fpn_resnet50_torch_cross_entropy_all_files,0.06422058670758117,0.0,0.4014807441050208,0.5985192558949791,0.05545425486858613,0.09883756188575095,0.2967444253728595,0.14042207792207792,0.12114701704545455,0.08373072240259741,0.09474635184448293,90.53,Healthy,False,,False,1.0
4958_MVR.png,MVR,unet_resnet18_torch_cross_entropy_all_files,0.11745738738522762,0.5402251930469095,0.19923801748477735,0.2605367894683131,0.06698691055546234,0.10317486068482459,0.37147068449937776,0.1757305194805195,0.12295860389610391,0.08283025568181818,0.10023197293052764,89.98,Healthy,False,,False,1.0
4958_MVR.png,MVR,pan_resnet18_torch_cross_entropy_correct_clear_strict_files,0.07906008518527398,0.03704452418254409,0.5036640218325164,0.4592914539849396,0.06355912225605129,0.09190470861676345,0.36603903061236803,0.12752384334415584,0.10260856331168833,0.054243607954545456,0.08768257458651976,91.23,Healthy,False,,False,1.0
4959_MVR.png,MVR,GT,0.11888779676999177,0.0,0.34031255251218284,0.6596874474878172,0.10513173351233428,0.11086328630599247,0.6503800413757057,0.14311079545454544,0.11942877435064937,0.07345779220779221,0.11257001568575778,88.74,Healthy,False,,False,1.0
4959_MVR.png,MVR,fpn_resnet18_torch_cross_entropy_correct_files,0.04167365889131286,0.0017257909875359539,0.32540747842761264,0.6728667305848514,0.03701475958733888,0.0891842749588302,0.17327549885259497,0.13227982954545456,0.11749162946428571,0.08900669642857142,0.08485636214956502,91.51,Healthy,False,,False,1.0
4959_MVR.png,MVR,fpn_resnet50_torch_cross_entropy_all_files,0.06706142769240604,0.0,0.4479265967588179,0.552073403241182,0.05684830468519007,0.10202724154187416,0.29146746180024957,0.14586292613636365,0.12799792004870128,0.09331879058441558,0.09886183188759978,90.11,Healthy,False,,False,1.0
4959_MVR.png,MVR,unet_resnet18_torch_cross_entropy_all_files,0.04357554399507747,0.2625160462130937,0.05831652301485421,0.6791674307720521,0.035047227483038866,0.08466898406791962,0.1750053675572074,0.13831676136363635,0.11124632203733767,0.09394023944805195,0.08041339228022262,91.96,Healthy,False,,False,1.0
4959_MVR.png,MVR,pan_resnet18_torch_cross_entropy_correct_clear_strict_files,0.07287096748415761,0.07029279526263844,0.3977958109441825,0.5319113937931791,0.05958318349994806,0.1087361206086656,0.2997649846645748,0.1748934659090909,0.14490716314935065,0.08669845779220779,0.10845865649232436,89.15,Healthy,False,,False,1.0
4960_MVR.png,MVR,GT,0.11785294752235514,0.0,0.334519934906428,0.665480065093572,0.10444873300889411,0.10933039656045812,0.6544091766159253,0.13982599431818182,0.11726080560064936,0.07345779220779221,0.11103806111106543,88.9,Healthy,False,,False,1.0
4960_MVR.png,MVR,fpn_resnet18_torch_cross_entropy_correct_files,0.04440262428179864,0.0001799694052011158,0.33015387384144695,0.669666156753352,0.03941297277427501,0.09064220061743504,0.17311794037059797,0.13307883522727273,0.11851714691558442,0.09027495941558442,0.08642341078374678,91.36,Healthy,False,,False,1.0
4960_MVR.png,MVR,fpn_resnet50_torch_cross_entropy_all_files,0.07661080878063593,0.013247105455304057,0.14378846354438302,0.8429644310003129,0.07218548973541422,0.10378760827168636,0.4615415936693426,0.13211495535714285,0.12119622564935065,0.10078885957792208,0.10127041966187043,89.87,Healthy,False,,False,1.0
4960_MVR.png,MVR,unet_resnet18_torch_cross_entropy_all_files,0.0814694060205052,0.5683668464933791,0.12918097106424717,0.3024521824423737,0.04686712375838068,0.08817611345116527,0.26153584307243644,0.14616730925324675,0.11067737926136365,0.07764306006493507,0.08478392286740924,91.52,Healthy,False,,False,1.0
4960_MVR.png,MVR,pan_resnet18_torch_cross_entropy_correct_clear_strict_files,0.06358529315401273,0.11562146537639814,0.5407188638934272,0.34365967073017467,0.04696976961618679,0.07771431839470082,0.3586049429837075,0.12782822646103897,0.09628766741071429,0.04408482142857143,0.075920293367552,92.41,Healthy,False,,False,1.0
4961_MVR.png,MVR,GT,0.12627158599637203,0.0,0.39910767965066607,0.6008923203493339,0.1091369597008127,0.11090304248177539,0.6697681956330526,0.1454697646103896,0.11823026582792209,0.06535359172077922,0.11330410698594527,88.67,Healthy,False,,False,1.0
4961_MVR.png,MVR,fpn_resnet18_torch_cross_entropy_correct_files,0.08526518511415306,0.061199625117150894,0.4380037488284911,0.500796626054358,0.06907119283356906,0.08396984975750597,0.5744902597789471,0.1126851663961039,0.09435661018668831,0.06693892045454546,0.08365495685199784,91.63,Healthy,False,,False,1.0
4961_MVR.png,MVR,fpn_resnet50_torch_cross_entropy_all_files,0.08679548342243425,0.019840721815587166,0.5044883303411131,0.4756709478432997,0.0707540015502761,0.10231611937659332,0.4574360822484116,0.14676339285714285,0.12357155539772725,0.0838575487012987,0.10134965843715174,89.87,Healthy,False,,False,1.0
4961_MVR.png,MVR,unet_resnet18_torch_cross_entropy_all_files,0.049592852747744505,0.5133741540444731,0.0014502094747019013,0.485175636480825,0.03251040842583047,0.0702209377509019,0.17615216490311894,0.12153764204545454,0.09135387073863636,0.07637479707792208,0.06736095214847426,93.26,Healthy,False,,False,1.0
4961_MVR.png,MVR,pan_resnet18_torch_cross_entropy_correct_clear_strict_files,0.05342459185385851,0.3463465709371027,0.13895744521726125,0.5146959838456361,0.038503224414451136,0.06437496876416249,0.3534282243773529,0.11397879464285714,0.07972504058441558,0.054395799512987016,0.06275347418735032,93.72,Healthy,False,,False,1.0
4962_MVR.png,MVR,GT,0.1315057655886654,0.0,0.4132409686142254,0.5867590313857746,0.11302895180559216,0.1145857984300012,0.6704004147937649,0.15334567775974026,0.12444602272727272,0.06834669237012987,0.11806283416158708,88.19,Healthy,False,,False,1.0
4962_MVR.png,MVR,fpn_resnet18_torch_cross_entropy_correct_files,0.08083011690999609,0.0,0.5840336134453782,0.41596638655462187,0.06477956512358257,0.09892019995977586,0.4089003900257019,0.15074573863636365,0.1228809862012987,0.06879058441558442,0.09826232400552701,90.17,Healthy,False,,False,1.0
4962_MVR.png,MVR,fpn_resnet50_torch_cross_entropy_all_files,0.06985831755088341,0.011953786318920155,0.263097689315946,0.7249485243651338,0.06304976865725315,0.10575625327933603,0.3233812472587789,0.15329494724025974,0.13479682426948053,0.09938108766233766,0.10456053628876896,89.54,Healthy,False,,False,1.0
4962_MVR.png,MVR,unet_resnet18_torch_cross_entropy_all_files,0.053280751803993956,0.43089613798275217,0.006974128233970754,0.5621297337832771,0.03777223727215336,0.08496951773067843,0.1633101487530465,0.14328835227272727,0.11137061181006494,0.0950689935064935,0.08137077122487552,91.86,Healthy,False,,False,1.0
4962_MVR.png,MVR,pan_resnet18_torch_cross_entropy_correct_clear_strict_files,0.040610840745091456,0.371900826446281,0.13547815820543094,0.49262101534828806,0.02862105338863184,0.06338037405251812,0.1593269878445539,0.11285004058441558,0.08167512175324676,0.05771864853896104,0.060270476933643694,93.97,Healthy,False,,False,1.0
4963_MVR.png,MVR,GT,0.11130822525351809,0.0,0.2538229592935602,0.7461770407064398,0.10170234699014696,0.10455518938035335,0.6627562798505985,0.12910917207792208,0.1095408887987013,0.07155539772727272,0.1056936164306306,89.43,Healthy,False,,False,1.0
4963_MVR.png,MVR,fpn_resnet18_torch_cross_entropy_correct_files,0.11263874571476518,0.016033485864282927,0.46071441240112093,0.5232521017345961,0.09378467144535278,0.11277674923822681,0.5700046012555401,0.1433390827922078,0.12329126927759741,0.08931107954545454,0.11128493391611283,88.87,Healthy,False,,False,1.0
4963_MVR.png,MVR,fpn_resnet50_torch_cross_entropy_all_files,0.05954978064392396,0.06273483628556092,0.3085748792270531,0.628690284487386,0.05079907143256698,0.08903897028496884,0.2944345054639975,0.12543120941558442,0.10566241375811689,0.07879717938311688,0.08421637801850751,91.58,Healthy,False,,False,1.0
4963_MVR.png,MVR,unet_resnet18_torch_cross_entropy_all_files,0.13687579411694195,0.23507604285255568,0.49896371544501855,0.26596024170242577,0.09209706806031694,0.11812854945989544,0.53271264575607,0.18377130681818182,0.13496157163149353,0.09451095779220779,0.11705231390866112,88.29,Healthy,False,,False,1.0
4963_MVR.png,MVR,pan_resnet18_torch_cross_entropy_correct_clear_strict_files,0.08095397917515723,0.7206949311485119,0.0,0.2793050688514881,0.04186408713510576,0.07296107440613919,0.3043781054941834,0.14186789772727273,0.08985554484577922,0.06423752029220779,0.07038976640068517,92.96,Healthy,False,,False,1.0
4964_RV.png,RV,GT,0.13441964802717646,0.0,0.4094578640033186,0.5905421359966815,0.11570632616033938,0.117742213519569,0.47317922523802836,0.22241620111731844,0.1936277932960894,0.13774441340782123,0.14748567922240827,85.25,Healthy,False,,False,1.0
4964_RV.png,RV,fpn_resnet18_torch_cross_entropy_correct_files,0.10157285442839802,0.10037582872344918,0.243275199527047,0.6563489717495038,0.08634044341884595,0.10018767347600804,0.32766522277921767,0.21112299231843576,0.18972863564944134,0.1590323847765363,0.13184988932823274,86.82,Healthy,False,,False,1.0
4964_RV.png,RV,fpn_resnet50_torch_cross_entropy_all_files,0.10562187155522576,0.15378680203045686,0.1465989847715736,0.6996142131979696,0.08947431404760169,0.10379766945014762,0.3285961642867293,0.21983021997206703,0.19407352042597767,0.16647390013966482,0.13561100321971586,86.44,Healthy,False,,False,1.0
4964_RV.png,RV,unet_resnet18_torch_cross_entropy_all_files,0.11995213238227183,0.32196238289351353,0.10684402488736322,0.5711935922191232,0.08971918522108749,0.10524597499571149,0.3231763318964839,0.23866314594972068,0.1953871333798883,0.1646080656424581,0.13664440141699502,86.34,Healthy,False,,False,1.0
4964_RV.png,RV,pan_resnet18_torch_cross_entropy_correct_clear_strict_files,0.07450792003191174,0.01358586149329342,0.10903229520465144,0.8773818433020552,0.07106762802228676,0.08121212742724043,0.4408722872197719,0.15011784217877094,0.14205983763966482,0.12891716131284917,0.1025078616907241,89.75,Healthy,False,,False,1.0
4965_RV.png,RV,GT,0.13815555260076434,0.0,0.4013660353927352,0.5986339646072648,0.1193022308197115,0.11935691143337893,0.4856374077599174,0.22218706354748605,0.19379931913407822,0.13869369762569833,0.1491174703295584,85.09,Healthy,False,,False,1.0
4965_RV.png,RV,fpn_resnet18_torch_cross_entropy_correct_files,0.08279467966012276,0.10780707662021448,0.271356783919598,0.6208361394601876,0.06917561325023698,0.08618986791911083,0.27646284279458555,0.19577077513966482,0.16540448236731845,0.12794605446927373,0.11277143729773173,88.72,Healthy,False,,False,1.0
4965_RV.png,RV,fpn_resnet50_torch_cross_entropy_all_files,0.09671317603359311,0.11304772041866241,0.21101649813730708,0.6759357814440305,0.08244918354829439,0.09696270992998099,0.30134977562344223,0.21409086941340782,0.18665175453910612,0.15236557262569833,0.12848426985912506,87.15,Healthy,False,,False,1.0
4965_RV.png,RV,unet_resnet18_torch_cross_entropy_all_files,0.12762982375623544,0.38291437021104985,0.15166689071111708,0.46541873907783304,0.08830460275453261,0.10798982838961503,0.2732171810672425,0.2622097590782123,0.19811430691340784,0.14854661312849163,0.13813405210860744,86.19,Healthy,False,,False,1.0
4965_RV.png,RV,pan_resnet18_torch_cross_entropy_correct_clear_strict_files,0.07349995496326289,0.09033613445378151,0.29936974789915966,0.6102941176470589,0.061570109332040865,0.07386789957676829,0.31744703882090525,0.15622817737430167,0.1273725558659218,0.0875196403631285,0.09158042501901147,90.84,Healthy,False,,False,1.0
4966_RV.png,RV,GT,0.13287553132626756,0.0,0.4526614803576616,0.5473385196423384,0.11242533552369147,0.11673964669130833,0.4571244850062624,0.22218706354748605,0.19405158868715083,0.13943566689944134,0.1463701301393603,85.36,Healthy,False,,False,1.0
4966_RV.png,RV,fpn_resnet18_torch_cross_entropy_correct_files,0.09077690516121008,0.06837081837081838,0.6061708561708562,0.3254583254583255,0.06790960912401403,0.07622372070080977,0.3579328333692651,0.1818152060055866,0.14146822625698324,0.0733567562849162,0.09982728945024044,90.02,Healthy,False,,False,1.0
4966_RV.png,RV,fpn_resnet50_torch_cross_entropy_all_files,0.11152382872314416,0.09645782854505595,0.2323372177993154,0.6712049536556286,0.09550662040035515,0.10320983887511084,0.34507430778007314,0.21673140712290503,0.1910065686103352,0.1564791375698324,0.13601756522677388,86.4,Healthy,False,,False,1.0
4966_RV.png,RV,unet_resnet18_torch_cross_entropy_all_files,0.09977996337012049,0.41353221854446975,0.11301207926750634,0.4734557021880239,0.06830031354147455,0.08229229899548592,0.2889837410889147,0.21094841131284917,0.157389686627095,0.11898786662011174,0.10813365841192614,89.19,Healthy,False,,False,1.0
4966_RV.png,RV,pan_resnet18_torch_cross_entropy_correct_clear_strict_files,0.06925363403576346,0.03530286138981791,0.19825343738387216,0.7664437012263099,0.06294746142925159,0.07598205492026168,0.2850069952764302,0.1520491445530726,0.13797911574720673,0.11656555516759777,0.09687050120373666,90.31,Healthy,False,,False,1.0
4967_RV.png,RV,GT,0.12227688585975131,0.0,0.45850287638557596,0.541497123614424,0.10321502253981464,0.11428308720088437,0.4068197692657991,0.2306433310055866,0.19755892108938544,0.13333624301675978,0.1442730013579639,85.57,Healthy,False,,False,1.0
4967_RV.png,RV,fpn_resnet18_torch_cross_entropy_correct_files,0.09864332190972923,0.09953039394729976,0.372032350639186,0.5284372554135143,0.07958776373298791,0.08997909992494228,0.3490019141037302,0.1955198149441341,0.1671337072276536,0.12839341829608938,0.11772354198844051,88.23,Healthy,False,,False,1.0
4967_RV.png,RV,fpn_resnet50_torch_cross_entropy_all_files,0.10005447300583761,0.17173232734599392,0.08080764779011446,0.7474600248638916,0.0857931827247655,0.09870032952776854,0.32301993826609154,0.21322887569832402,0.18645076815642458,0.16431346019553073,0.12992836093833005,87.01,Healthy,False,,False,1.0
4967_RV.png,RV,unet_resnet18_torch_cross_entropy_all_files,0.11719845759898431,0.29175816132337873,0.05965451617625531,0.648587322500366,0.09191165936785575,0.10672424590961338,0.33815709601224053,0.23252007681564246,0.1919649092178771,0.1658956005586592,0.13637673527039157,86.36,Healthy,False,,False,1.0
4967_RV.png,RV,pan_resnet18_torch_cross_entropy_correct_clear_strict_files,0.0882762939483493,0.032894417180895,0.19848403867644915,0.7686215441426558,0.08037346178096703,0.09484478741423033,0.33486919253209596,0.1934139315642458,0.17483098376396647,0.14592789804469275,0.1224978682641458,87.75,Healthy,False,,False,1.0
4968_RV.png,RV,GT,0.1395709929099308,0.0,0.5309772587584511,0.46902274124154886,0.11437392501597733,0.11939574030098953,0.45001999424877875,0.23189813198324022,0.1980309444832402,0.13228875698324022,0.14934327738838615,85.07,Healthy,False,,False,1.0
4968_RV.png,RV,fpn_resnet18_torch_cross_entropy_correct_files,0.1096279965514727,0.2929692084979851,0.14601510231229703,0.5610156891897179,0.08266668954246963,0.09591653032314203,0.3452224257076494,0.21331616620111732,0.1758049275488827,0.13998123254189945,0.12389693697923657,87.61,Healthy,False,,False,1.0
4968_RV.png,RV,fpn_resnet50_torch_cross_entropy_all_files,0.11753301621751457,0.08017662944310634,0.23677103861032042,0.6830523319465732,0.10175767661907072,0.11576112895479344,0.33556531836346826,0.22885387569832402,0.20755935754189947,0.17162403980446927,0.14827938468891905,85.17,Healthy,False,,False,1.0
4968_RV.png,RV,unet_resnet18_torch_cross_entropy_all_files,0.15241718601888113,0.30243421978331225,0.17788096243140566,0.5196848177852821,0.11231463093466243,0.11732408043225862,0.44378367211826975,0.2410636347765363,0.1976835282821229,0.169921875,0.1479650247229255,85.2,Healthy,False,,False,1.0
4968_RV.png,RV,pan_resnet18_torch_cross_entropy_correct_clear_strict_files,0.03910904466357557,0.20103092783505155,0.0,0.7989690721649485,0.033841419214816655,0.048881565771796545,0.18841443273023117,0.09948935055865922,0.08608905813547485,0.07948891410614525,0.0592525187501739,94.07,Healthy,False,,False,1.0
4969_RV.png,RV,GT,0.14221314815370825,0.0,0.5517854988539027,0.44821450114609723,0.11553295616853178,0.12047145959933506,0.4396845718773819,0.23465869413407822,0.1994596717877095,0.13113215782122906,0.15058519344544385,84.94,Healthy,False,,False,1.0
4969_RV.png,RV,fpn_resnet18_torch_cross_entropy_correct_files,0.10598645466516259,0.04330230675839741,0.3424524484014569,0.6142452448401456,0.09057110871868339,0.1027416266133119,0.36929831346436137,0.2039869937150838,0.18235749825418995,0.14386565991620112,0.13093681990127456,86.91,Healthy,False,,False,1.0
4969_RV.png,RV,fpn_resnet50_torch_cross_entropy_all_files,0.10608510656549842,0.020175474062992763,0.241175757085675,0.7386487688513322,0.09595214096069794,0.11201872735532947,0.3146075099237549,0.21772433659217877,0.20084093488128493,0.17203866969273743,0.1427276344473222,85.73,Healthy,False,,False,1.0
4969_RV.png,RV,unet_resnet18_torch_cross_entropy_all_files,0.12777565700021018,0.2709969788519637,0.0697549513259483,0.659248069822088,0.10154527478843459,0.11542410303870819,0.3430624368175829,0.24089996508379888,0.20476213337988827,0.18140057611731844,0.14699566670009814,85.3,Healthy,False,,False,1.0
4969_RV.png,RV,pan_resnet18_torch_cross_entropy_correct_clear_strict_files,0.016449132077737696,0.2075619295958279,0.0,0.7924380704041721,0.014161608969602349,0.020662349592840714,0.3258794791623265,0.04184488477653631,0.036025663407821235,0.03315947974860335,0.024857452931861413,97.51,Healthy,False,,False,1.0
4970_RV.png,RV,GT,0.1438087354113141,0.0,0.532182056788356,0.467817943211644,0.11778770968890338,0.12160595665879949,0.44777474097305875,0.2346914280726257,0.19970757681564244,0.13179774790502793,0.15170113063056784,84.83,Healthy,False,,False,1.0
4970_RV.png,RV,fpn_resnet18_torch_cross_entropy_correct_files,0.098952145249911,0.04893801473775466,0.4094928478543563,0.541569137407889,0.08193078925809481,0.09427338369158289,0.3803820057461182,0.19589079958100558,0.1709718706354749,0.12693130237430167,0.12125000013909326,87.87,Healthy,False,,False,1.0
4970_RV.png,RV,fpn_resnet50_torch_cross_entropy_all_files,0.09892212075850444,0.018861379699085114,0.3219008801977193,0.6592377401031956,0.08684536958004313,0.10007683431381437,0.33823328198203095,0.20644203910614525,0.186113063023743,0.14818653980446927,0.13052188637765444,86.95,Healthy,False,,False,1.0
4970_RV.png,RV,unet_resnet18_torch_cross_entropy_all_files,0.17369168278695907,0.34495616742807755,0.1563402889245586,0.49870354364736386,0.1243152485813428,0.12048694164798164,0.4621479011464148,0.24111819134078213,0.19668219710195534,0.1659283344972067,0.15211353590957946,84.79,Healthy,False,,False,1.0
4970_RV.png,RV,pan_resnet18_torch_cross_entropy_correct_clear_strict_files,0.04917582771088988,0.17679895333624074,0.47422590492804184,0.3489751417357174,0.03542173687393574,0.047107818942100116,0.1976893647940724,0.11447058310055866,0.08380433833798884,0.04365616270949721,0.05828060208000629,94.17,Healthy,False,,False,1.0
4971_RV.png,RV,GT,0.13888900803369605,0.0,0.5399771470924307,0.4600228529075693,0.11339006532471488,0.11995072388394432,0.4277213011214216,0.23498603351955308,0.19954587115921787,0.13075026187150837,0.1498205852262849,85.02,Healthy,False,,False,1.0
4971_RV.png,RV,fpn_resnet18_torch_cross_entropy_correct_files,0.10445520560342794,0.28456453003736704,0.12971707797807253,0.5857183919845604,0.07993308827629395,0.09265098039902099,0.33482611429118525,0.204674406424581,0.1720259034567039,0.14735728002793297,0.12058558198527605,87.94,Healthy,False,,False,1.0
4971_RV.png,RV,fpn_resnet50_torch_cross_entropy_all_files,0.09527200044607816,0.07032234828020889,0.17783180262920945,0.7518458490905817,0.08502275427527312,0.09735191558344218,0.3438767720322227,0.19615267108938547,0.17915131808659218,0.1555953212290503,0.12637292819225146,87.36,Healthy,False,,False,1.0
4971_RV.png,RV,unet_resnet18_torch_cross_entropy_all_files,0.12623154029930128,0.3165137614678899,0.10733944954128441,0.5761467889908257,0.094855474966008,0.10976468225499338,0.32310129565498874,0.23973245460893855,0.19706856668994416,0.16495722765363127,0.14021347384227809,85.98,Healthy,False,,False,1.0
4971_RV.png,RV,pan_resnet18_torch_cross_entropy_correct_clear_strict_files,0.07985656871533779,0.6645182081856268,0.0016650553228058868,0.3338167364915673,0.04425704396014464,0.055189276369920326,0.23542339819476896,0.16707402234636873,0.100644749476257,0.06775925279329609,0.07009179588952229,92.99,Healthy,False,,False,1.0
4972_RV.png,RV,GT,0.13526462299961825,0.0,0.5344685438863521,0.4655314561136479,0.11068442972767786,0.12019151194843948,0.3954114844603588,0.24021255237430167,0.20302134252793297,0.1308266410614525,0.15047131951400838,84.95,Healthy,False,,False,1.0
4972_RV.png,RV,fpn_resnet18_torch_cross_entropy_correct_files,0.101036702796138,0.16675157072508065,0.1697656647987774,0.663482764476142,0.08391665201185539,0.0932331299665293,0.37977336062789147,0.19667641410614525,0.16978777496508382,0.14066864525139663,0.12106004457954894,87.89,Healthy,False,,False,1.0
4972_RV.png,RV,fpn_resnet50_torch_cross_entropy_all_files,0.09417396190320962,0.05224084532701767,0.2004463472399344,0.747312807433048,0.08445962349287776,0.09789472027889377,0.3486210985233931,0.19578168645251395,0.17794114437849165,0.1548424406424581,0.12588276088292813,87.41,Healthy,False,,False,1.0
4972_RV.png,RV,unet_resnet18_torch_cross_entropy_all_files,0.11436757698065136,0.24703720372037205,0.03949144914491449,0.7134713471347135,0.09390241182450258,0.10741983809047673,0.3219437779689245,0.23140712290502793,0.1977372119413408,0.1767305342178771,0.13949155975103011,86.05,Healthy,False,,False,1.0
4972_RV.png,RV,pan_resnet18_torch_cross_entropy_correct_clear_strict_files,0.11746867802164337,0.03490707269872567,0.13948223609741847,0.8256106912038559,0.10915052135384722,0.11831855675069317,0.3848355540955107,0.2265625,0.20769433048184355,0.1790000872905028,0.15131845562409954,84.87,Healthy,False,,False,1.0
4973_RV.png,RV,GT,0.13507160841200466,0.0,0.3983995427264933,0.6016004572735068,0.11677536962293528,0.11821073380786044,0.47714102020298443,0.22218706354748605,0.19349140188547484,0.13778805865921787,0.14789239178342864,85.21,Healthy,False,,False,1.0
4973_RV.png,RV,fpn_resnet18_torch_cross_entropy_correct_files,0.10051770801611029,0.055557926178792405,0.331768721997013,0.6126733518241946,0.08543752117798947,0.09895200372286907,0.3356675863636444,0.20796962290502793,0.1861452513966481,0.1470844972067039,0.1297749580289168,87.02,Healthy,False,,False,1.0
4973_RV.png,RV,fpn_resnet50_torch_cross_entropy_all_files,0.11952750028952189,0.07281013385007357,0.2516596691427136,0.6755301970072128,0.10346932998202821,0.11186801298069818,0.3627221547467934,0.2267370810055866,0.20333504277234637,0.1668776187150838,0.14593521999775647,85.41,Healthy,False,,False,1.0
4973_RV.png,RV,unet_resnet18_torch_cross_entropy_all_files,0.1051586365449531,0.28584247664885587,0.04233796957213362,0.6718195537790105,0.08350548804810781,0.09808743343106058,0.3179374429560605,0.22048489874301677,0.18543165153631289,0.1639424755586592,0.12865053705827567,87.13,Healthy,False,,False,1.0
4973_RV.png,RV,pan_resnet18_torch_cross_entropy_correct_clear_strict_files,0.08728119651887468,0.042606516290726815,0.18497223450783823,0.772421249201435,0.07930047224235769,0.0937366629673409,0.3031692994421977,0.18794736382681565,0.17133652671089386,0.14827383030726257,0.12044575124726713,87.96,Healthy,False,,False,1.0
4997_RV.png,RV,GT,0.9998541667560252,0.5194651429159749,0.3705047853150243,0.11003007176900077,0.5259100208884676,0.4634541646634004,0.13546899348436822,1.0,0.45600384078212297,0.015101256983240224,0.47921079197840954,52.08,Degraded,False,,False,0.5
4997_RV.png,RV,fpn_resnet18_torch_cross_entropy_correct_files,1.0,0.49524540732511807,0.3246505363660929,0.18010405630878903,0.5578043947276993,0.4761415268315409,0.16740975103563152,1.0,0.4639842658868715,0.09839821927374302,0.49577748282252065,50.42,Degraded,False,,False,0.5
4997_RV.png,RV,fpn_resnet50_torch_cross_entropy_all_files,1.0,0.0458087954602969,0.7923935095628005,0.16179769497690258,0.6998943137902489,0.6646142630273578,0.08019851941332257,1.0,0.6548971063198324,0.09175322974860335,0.6713114155732149,32.87,Unreliable,False,,False,0.0
4997_RV.png,RV,unet_resnet18_torch_cross_entropy_all_files,1.0,0.0,0.714900297242465,0.2850997027575351,0.756933898937562,0.7370250719120314,0.04211642626584683,1.0,0.7559329172486035,0.28215563896648044,0.7505608581543194,24.94,Unreliable,False,,False,0.0
4997_RV.png,RV,pan_resnet18_torch_cross_entropy_correct_clear_strict_files,0.7378046949726134,0.06625042147732162,0.05079819084493123,0.8829513876777472,0.6923122718674806,0.7756641742066099,0.10797024095608988,0.9774681389664804,0.9416042903282122,0.9014381110335196,0.817034649953512,18.3,Unreliable,True,,False,0.0
4998_RV.png,RV,GT,0.9998541667560252,0.5194651429159749,0.3705047853150243,0.11003007176900077,0.5259100208884676,0.4634541646634004,0.13546899348436822,1.0,0.45600384078212297,0.015101256983240224,0.47921079197840954,52.08,Degraded,False,,False,0.5
4998_RV.png,RV,fpn_resnet18_torch_cross_entropy_correct_files,1.0,0.4590144246235143,0.35998507353855785,0.1810005018379278,0.5700654104991357,0.49127765570768567,0.1711232530529873,1.0,0.47598452775837996,0.10730185055865922,0.5087967309653983,49.12,Unreliable,False,,False,0.0
4998_RV.png,RV,fpn_resnet50_torch_cross_entropy_all_files,1.0,0.053293472246646906,0.8176226607704284,0.12908386698292465,0.6863016689328009,0.6520204150726594,0.07026962895087568,1.0,0.6389532777583798,0.062249039804469275,0.6570779363049901,34.29,Unreliable,False,,False,0.0
4998_RV.png,RV,unet_resnet18_torch_cross_entropy_all_files,1.0,0.014574745971356636,0.743453588570105,0.24197166545853832,0.7374607000853552,0.7176358032128847,0.07240689957119976,1.0,0.7236202644902235,0.2227762744413408,0.7259770567855615,27.4,Unreliable,False,,False,0.0
4998_RV.png,RV,pan_resnet18_torch_cross_entropy_correct_clear_strict_files,0.035969340705060845,0.004054376341521584,0.0,0.9959456236584784,0.03587163243159778,0.02447244283576223,0.770182812026242,0.02099336592178771,0.02099336592178771,0.02099336592178771,0.026500568948923088,97.35,Healthy,False,,False,1.0
4999_RV.png,RV,GT,0.9998541667560252,0.5194651429159749,0.3705047853150243,0.11003007176900077,0.5259100208884676,0.4634541646634004,0.13546899348436822,1.0,0.45600384078212297,0.015101256983240224,0.47921079197840954,52.08,Degraded,False,,False,0.5
4999_RV.png,RV,fpn_resnet18_torch_cross_entropy_correct_files,1.0,0.5258703885598109,0.3086131687419309,0.16551644269825816,0.5427383622926703,0.46359423415742007,0.17628856849218,1.0,0.4499642108938548,0.07655377094972067,0.481885463292569,51.81,Degraded,False,,False,0.5
4999_RV.png,RV,fpn_resnet50_torch_cross_entropy_all_files,1.0,0.04566725142938025,0.8502721505685352,0.10406059800208456,0.6803104103490133,0.6502299766190461,0.0627838515027512,1.0,0.6364614612430168,0.040993802374301676,0.6537467005876245,34.63,Unreliable,False,,False,0.0
4999_RV.png,RV,unet_resnet18_torch_cross_entropy_all_files,0.996632967749407,0.044577763623374275,0.7280661737491285,0.22735606262749722,0.7201574141192317,0.676285085862629,0.08178007621875778,0.9914346194134078,0.674166593924581,0.1520818784916201,0.6885993875643905,31.14,Unreliable,False,,False,0.0
4999_RV.png,RV,pan_resnet18_torch_cross_entropy_correct_clear_strict_files,0.9937120136568544,0.04801512450523789,0.28798715452979795,0.6639977209649641,0.8644442252179992,0.8801057306375166,0.028187140544984227,0.998854312150838,0.9100291332053073,0.7746595670391061,0.8873766400387777,11.26,Unreliable,True,,False,0.0
