file,camera,condition,kind,position,added_coverage,coverage,transparent_ratio,semi_ratio,opaque_ratio,effective_occlusion,spatial_occlusion,soiling_centroid_r,roi_coverage,roi_occlusion,roi_opaque,severity,health_score,state,override,roi_edge_ratio,image_flag,camera_weight,sharpness,edge_density,contrast,edge_density_retained,sharpness_retained,contrast_retained
0779_FV.png,FV,baseline,baseline,,0.0,0.04262300316938233,0.4947555722045327,0.0,0.5052444277954673,0.028494064393546282,0.03769200183803538,0.5636686505390668,0.02126614874301676,0.01381666812150838,0.01014752094972067,0.02538248711807785,97.46,Healthy,False,,False,1.0,0.019589708866719426,0.11519072974860335,0.155913768923404,1.0,1.0,1.0
0779_FV.png,FV,transparent/centre/10%,transparent,centre,0.1,0.1408658720591405,0.8471238311136299,0.0,0.15287616888637007,0.06091421112716649,0.10923668939887347,0.26396014849199934,0.2898153805865922,0.10243791462988826,0.01014752094972067,0.09202043600976728,90.8,Healthy,False,,False,1.0,0.012417966668400579,0.08926545041899442,0.15855036349089852,0.7749360613810742,0.6339025634779708,1.0169105947839014
0779_FV.png,FV,transparent/centre/25%,transparent,centre,0.25,0.2839111934281221,0.9241486938672215,0.0,0.07585130613277845,0.1081191671789304,0.19022512393910154,0.07834184310089125,0.6109571403631285,0.20841469535614526,0.01014752094972067,0.17286916547786768,82.71,Healthy,False,,False,1.0,0.007426176463286459,0.05527671089385475,0.1465879884677483,0.4798711755233494,0.3790855961061599,0.9401862932308614
0779_FV.png,FV,transparent/centre/40%,transparent,centre,0.4,0.4230287160409066,0.949093208024307,0.0,0.05090679197569307,0.15402794964114927,0.24211225616657658,0.0343249068020673,0.8036836592178771,0.27201444657821233,0.01014752094972067,0.2276478403736027,77.24,Degraded,False,,False,0.5,0.0034785197477027437,0.026940031424581005,0.12558266615896893,0.23387325944870702,0.1775687311827453,0.8054623207823558
0779_FV.png,FV,transparent/centre/60%,transparent,centre,0.6,0.6095791986332537,0.9646722937798354,0.0,0.03532770622016462,0.21558960889662385,0.2878772813286529,0.03228118882497389,0.898033781424581,0.30314998690642464,0.01014752094972067,0.2723000618301529,72.77,Degraded,False,,False,0.5,0.0011094024287810022,0.013257245111731843,0.11147616004030916,0.11508951406649616,0.056631899755577496,0.7149859875113033
0779_FV.png,FV,transparent/periphery/10%,transparent,periphery,0.1,0.14246253822019622,0.8488372093023255,0.0,0.1511627906976744,0.06144111096031487,0.046264434895819245,0.23646566663926485,0.02126614874301676,0.01381666812150838,0.01014752094972067,0.037838331005443586,96.22,Healthy,False,,False,1.0,0.019589708866719426,0.11519072974860335,0.155913768923404,1.0,1.0,1.0
0779_FV.png,FV,transparent/periphery/25%,transparent,periphery,0.25,0.2884656836525335,0.925346285303112,0.0,0.07465371469688793,0.10962214895298616,0.07118153661297447,0.10781289044218384,0.04470364874301676,0.02155104312150838,0.01014752094972067,0.06286152291839153,93.71,Healthy,False,,False,1.0,0.018042334534587614,0.11237561103351955,0.15267027079136128,0.9755612389883489,0.921010856125554,0.9791968460871717
0779_FV.png,FV,transparent/periphery/40%,transparent,periphery,0.4,0.4363089868354875,0.9506426970403916,0.0,0.04935730295960843,0.158410439003361,0.10099378863679007,0.08797594639119183,0.08355883379888268,0.034373254189944136,0.01014752094972067,0.09157056996802297,90.84,Healthy,False,,False,1.0,0.017349565631023314,0.10803290851955308,0.14955819465356215,0.9378611347920811,0.8856469357999573,0.9592366067876651
0779_FV.png,FV,transparent/periphery/60%,transparent,periphery,0.6,0.6320043748652813,0.9659258136435694,0.0,0.034074186356430516,0.22298991705319296,0.1549999662345179,0.06009867775757936,0.2316471717877095,0.08324240572625699,0.01014752094972067,0.14669392727681604,85.33,Healthy,False,,False,1.0,0.015515790460079915,0.08659217877094973,0.15049684053229395,0.7517287108079947,0.7920378279045989,0.9652568953434046
0779_FV.png,FV,opaque/centre/10%,opaque,centre,0.1,0.1408658720591405,0.13921790875602152,0.0,0.8607820912439784,0.12772646713661875,0.2565598408222029,0.12914721264123846,0.2898153805865922,0.28507081442039106,0.282733938547486,0.22931421815580294,77.07,Degraded,False,,False,0.5,0.012302260103563214,0.08995286312849161,0.14456163867058638,0.7809036658141517,0.6279960660601386,0.9271896874073091
0779_FV.png,FV,opaque/centre/25%,opaque,centre,0.25,0.2839111934281221,0.05992182886708095,0.0,0.940078171132919,0.27251283320426944,0.505216061185115,0.022296767470417544,0.6109571403631285,0.609348812849162,0.6085566515363129,0.4770581934564801,52.29,Unreliable,True,,False,0.0,0.007268082531727636,0.05626964036312849,0.1184424262520964,0.48849104859335035,0.3710153418397779,0.7596662377540485
0779_FV.png,FV,opaque/centre/40%,opaque,centre,0.4,0.4230287160409066,0.03285587574779671,0.0,0.9671441242522033,0.41371640015647326,0.6653664973077604,0.04975754147279918,0.8036836592178771,0.8030403282122905,0.8027234636871509,0.6449410005241863,35.51,Unreliable,True,,False,0.0,0.003300494437356766,0.0303880062849162,0.09136354475078982,0.26380600549398503,0.16848103561987648,0.5859876608824339
0779_FV.png,FV,opaque/centre/60%,opaque,centre,0.6,0.6095791986332537,0.014314432955936953,0.0,0.9856855670440631,0.6037329256512403,0.8078673431243425,0.038178806748474535,0.898033781424581,0.898033781424581,0.898033781424581,0.7826935932025072,21.73,Unreliable,True,,False,0.0,0.0009084157011405958,0.014392021648044692,0.06127157511766872,0.12494079757506867,0.04637208788150422,0.39298373415480514
0779_FV.png,FV,opaque/periphery/10%,opaque,periphery,0.1,0.14246253822019622,0.14687587559540488,0.0,0.8531241244045952,0.12844325049297067,0.06368365732244732,0.19124228750206776,0.02126614874301676,0.01381666812150838,0.01014752094972067,0.06316473959322874,93.68,Healthy,False,,False,1.0,0.019589708866719426,0.11519072974860335,0.155913768923404,1.0,1.0,1.0
0779_FV.png,FV,opaque/periphery/25%,opaque,periphery,0.25,0.2884656836525335,0.05868515366626538,0.0,0.9413148463337346,0.27712348616089605,0.139604672055777,0.07641709664176854,0.04470364874301676,0.037254168121508384,0.03358502094972067,0.13992011471360527,86.01,Healthy,False,,False,1.0,0.017992757852012833,0.11199371508379888,0.15266331618220544,0.9722459031921947,0.918480104754409,0.9791522406029745
0779_FV.png,FV,opaque/periphery/40%,opaque,periphery,0.4,0.4363089868354875,0.03385938429166095,0.0,0.9661406157083391,0.42641097388652494,0.23018519397721135,0.03293628755891481,0.08355883379888268,0.0761093531773743,0.0724402060055866,0.22742259163007061,77.26,Degraded,False,,False,0.5,0.017319738194537047,0.10816384427374302,0.14519048154180056,0.9389978213507626,0.8841243283590198,0.9312229608991655
0779_FV.png,FV,opaque/periphery/60%,opaque,periphery,0.6,0.6320043748652813,0.017526574075828485,0.0,0.9824734259241715,0.6245828709654242,0.396268309918387,0.028244269700311315,0.2316471717877095,0.2241976911662011,0.2205285439944134,0.39593443073162377,60.41,Degraded,False,,False,0.5,0.015449911763366101,0.08767239874301676,0.127903122380701,0.7611063749171166,0.7886749041795947,0.8203452668990138
0782_FV.png,FV,baseline,baseline,,0.0,0.04435937761953042,0.5265004949158643,0.0,0.4734995050841357,0.028711370658065966,0.03890041794280783,0.5828874211490508,0.022662796787709497,0.012822756634078213,0.00797616969273743,0.025412639233893426,97.46,Healthy,False,,False,1.0,0.01978622659493844,0.11012788058659218,0.14847929629257206,1.0,1.0,1.0
0782_FV.png,FV,transparent/centre/10%,transparent,centre,0.1,0.13607587357597337,0.8456438838369024,0.0,0.1543561161630977,0.05897781432369214,0.0978453231356747,0.2482606575987988,0.2418928945530726,0.08516868889664805,0.00797616969273743,0.08111441679646927,91.89,Healthy,False,,False,1.0,0.015452199239311905,0.09028020251396648,0.16336917795452438,0.8197760824333697,0.7809573576431581,1.1002825446627418
0782_FV.png,FV,transparent/centre/25%,transparent,centre,0.25,0.2702477227548878,0.9222781856047738,0.0,0.07772181439522621,0.10325452455273389,0.16459591047120797,0.16790034314241056,0.4965192912011173,0.16919539979050283,0.00797616969273743,0.1480332904233837,85.2,Healthy,False,,False,1.0,0.011187906362774353,0.0625872905027933,0.1599021841251585,0.5683146735361142,0.565439110337307,1.0769325294354717
0782_FV.png,FV,transparent/centre/40%,transparent,centre,0.4,0.4102513950870582,0.948801774716133,0.0,0.05119822528386701,0.14945573642235016,0.22486933709556509,0.12895344261014194,0.7006481319832403,0.23655791724860337,0.00797616969273743,0.2069206889548159,79.31,Degraded,False,,False,0.5,0.004410728045802879,0.0331158344972067,0.14636307654568195,0.30070345784206876,0.22291911116246882,0.9857473748884141
0782_FV.png,FV,transparent/centre/60%,transparent,centre,0.6,0.6027175258061168,0.9651509331496616,0.0,0.03484906685033842,0.21296955955963948,0.2834394170763416,0.07589263438822906,0.8773022870111732,0.2948537884078212,0.00797616969273743,0.2668642083539228,73.31,Degraded,False,,False,0.5,0.001628786724597513,0.01318086592178771,0.12035101992054907,0.11968691172099476,0.08231921921960485,0.810557585640779
0782_FV.png,FV,transparent/periphery/10%,transparent,periphery,0.1,0.14380373779548303,0.8539388219619164,0.0,0.1460611780380836,0.06152800951613032,0.04808034208867471,0.3410301969078378,0.022760998603351956,0.012855163233240225,0.00797616969273743,0.038024570774737594,96.2,Healthy,False,,False,1.0,0.01978624513936872,0.11012788058659218,0.14850864960033622,1.0,1.0000009372393563,1.0001976929342817
0782_FV.png,FV,transparent/periphery/25%,transparent,periphery,0.25,0.28930393338708776,0.9273976571877975,0.0,0.07260234281220249,0.1095430740613599,0.06923768679184586,0.21930952943132867,0.05107585544692737,0.022199065991620113,0.00797616969273743,0.06251385465260978,93.75,Healthy,False,,False,1.0,0.01969852513909037,0.10701815642458101,0.14972247877305592,0.9717626077479442,0.9955675502134144,1.0083727665171192
0782_FV.png,FV,transparent/periphery/40%,transparent,periphery,0.4,0.42870486424345966,0.9510055865921788,0.0,0.04899441340782123,0.1555453812439626,0.0962993432569643,0.1718087085816555,0.07814682262569832,0.03113248516061453,0.00797616969273743,0.08800641141452388,91.2,Healthy,False,,False,1.0,0.019588814040766647,0.1064725907821229,0.15010257573353306,0.9668086792826711,0.9900227285266058,1.0109326989115195
0782_FV.png,FV,transparent/periphery/60%,transparent,periphery,0.6,0.6204844285132644,0.966148798610441,0.0,0.03385120138955901,0.2188326374529982,0.1450121777957017,0.09408733118653621,0.19211548533519554,0.0687421438547486,0.00797616969273743,0.13665030211650941,86.33,Healthy,False,,False,1.0,0.01873153682194068,0.09407733938547486,0.14749103008230144,0.8542554245516695,0.9466957599046418,0.9933440807240675
0782_FV.png,FV,opaque/centre/10%,opaque,centre,0.1,0.13607587357597337,0.15239073041947784,0.0,0.8476092695805222,0.12218228339227692,0.21928203308712985,0.10139227870596942,0.2418928945530726,0.23205285439944134,0.22720626745810055,0.19526043670359858,80.47,Healthy,False,,False,1.0,0.01535849564481255,0.08948367667597765,0.1402274347747504,0.8125433468740711,0.7762215585230103,0.9444241606482177
0782_FV.png,FV,opaque/centre/25%,opaque,centre,0.25,0.2702477227548878,0.049672835767986645,0.0,0.9503271642320134,0.2612536623530069,0.42760183438432714,0.08728542132806948,0.4965192912011173,0.488346063198324,0.4843204434357542,0.40199507430052983,59.8,Degraded,False,,False,0.5,0.011038152242362884,0.06294736382681564,0.11390730582498383,0.5715842663231943,0.5578705060007035,0.7671595210185694
0782_FV.png,FV,opaque/centre/40%,opaque,centre,0.4,0.4102513950870582,0.017873648773558286,0.0,0.9821263512264418,0.4053384932261438,0.6155419743912379,0.08204138646415449,0.7006481319832403,0.6964372381284917,0.6943632157821229,0.5848390355366111,41.52,Unreliable,True,,False,0.0,0.004185172310751677,0.033072189245810055,0.07892641603575373,0.30030714356484695,0.21151947748451924,0.5315651273038945
0782_FV.png,FV,opaque/centre/60%,opaque,centre,0.6,0.6027175258061168,0.003887571691590394,0.0,0.9961124283084096,0.6011476437199128,0.7964728146493177,0.05014382491450127,0.8773022870111732,0.8748897957402234,0.8737015537709497,0.7692420558068586,23.08,Unreliable,True,,False,0.0,0.0014471269059169668,0.01274441340782123,0.04243622836324044,0.11572376894877638,0.07313809426842204,0.2858056942809163
0782_FV.png,FV,opaque/periphery/10%,opaque,periphery,0.1,0.14380373779548303,0.15852439904513407,0.0,0.841475600954866,0.12853014904878615,0.06696705702185955,0.23592110351711199,0.022760998603351956,0.012920958449720672,0.008074371508379889,0.06381754520108197,93.62,Healthy,False,,False,1.0,0.019786242680416583,0.11011696927374302,0.1484285504621984,0.9999009214306946,1.000000812963405,0.9996582295872843
0782_FV.png,FV,opaque/periphery/25%,opaque,periphery,0.25,0.28930393338708776,0.06575879244449963,0.0,0.9342412075555003,0.27655766759007194,0.13310648708436326,0.15684808559373878,0.05107585544692737,0.04123581529329609,0.03638922835195531,0.13939357251964898,86.06,Healthy,False,,False,1.0,0.019695572797848785,0.10654896997206705,0.14729677424749543,0.9675022292678095,0.9954183382741182,0.9920357782222612
0782_FV.png,FV,opaque/periphery/40%,opaque,periphery,0.4,0.42870486424345966,0.032616387337057726,0.0,0.9673836126629423,0.41933638562681125,0.21797442067098194,0.12762172400319635,0.07814682262569832,0.06830678247206705,0.06346019553072625,0.21851595487816478,78.15,Degraded,False,,False,0.5,0.019580084757649215,0.10505412011173185,0.14380442083754783,0.9539284652729615,0.9895815487455321,0.9685149675964749
0782_FV.png,FV,opaque/periphery/60%,opaque,periphery,0.6,0.6204844285132644,0.014686866737431246,0.0,0.9853131332625688,0.6143787371967333,0.3685773106907187,0.06512577584821214,0.19211548533519554,0.18227544518156424,0.17742885824022347,0.3677969924388613,63.22,Degraded,False,,False,0.5,0.018700903640518435,0.09340083798882681,0.13624149745550146,0.848112553254731,0.9451475525556933,0.9175790891885927
0777_FV.png,FV,baseline,baseline,,0.0,0.04425160265365916,0.4530939924228757,0.0,0.5469060075771243,0.03081801199096287,0.0360226469131262,0.5980941336546678,0.01854923184357542,0.010156686452513965,0.00602304469273743,0.024114872252232307,97.59,Healthy,False,,False,1.0,0.019328865607907385,0.13219055516759776,0.1487323432226861,1.0,1.0,1.0
0777_FV.png,FV,transparent/centre/10%,transparent,centre,0.1,0.14417097101252585,0.8321335622127471,0.0,0.16786643778725288,0.06379140354938888,0.11037942171059956,0.27666007041621254,0.28898612081005587,0.09940085981145251,0.00602304469273743,0.09201159150257754,90.8,Healthy,False,,False,1.0,0.013873633444300842,0.10372293994413408,0.15640297946354428,0.7846471316549732,0.7177675982508347,1.0515734242778216
0777_FV.png,FV,transparent/centre/25%,transparent,centre,0.25,0.28592299279105227,0.9153566941225744,0.0,0.08464330587742566,0.11056957073630261,0.18761239075212371,0.12752868786802984,0.6352457227653632,0.21366652845670392,0.00602304469273743,0.17492119982920948,82.51,Healthy,False,,False,1.0,0.006247760576334463,0.060405027932960896,0.14130154491404875,0.45695418902187374,0.32323472587954266,0.9500391229800518
0777_FV.png,FV,transparent/centre/40%,transparent,centre,0.4,0.42166356647320397,0.9426047938202885,0.0,0.057395206179711465,0.15536396005141265,0.2398222198799077,0.06499805709981833,0.8342353351955307,0.27933310055865923,0.00602304469273743,0.2302890942028598,76.97,Degraded,False,,False,0.5,0.0008272059206304756,0.018745635474860335,0.11380837959317894,0.14180767643417252,0.0427964029245497,0.765189178945308
0777_FV.png,FV,transparent/centre/60%,transparent,centre,0.6,0.6144610054206816,0.9606135017149985,0.0,0.039386498285001556,0.2189871149040803,0.29143085199041435,0.020033988511829887,0.9753949895251397,0.32591578648743025,0.00602304469273743,0.2834917046633205,71.65,Degraded,False,,False,0.5,0.00022143344358718472,0.002193173882681564,0.09044595684312191,0.016591002888980605,0.011456101360474922,0.6081122295485103
0777_FV.png,FV,transparent/periphery/10%,transparent,periphery,0.1,0.13507795722531354,0.8208333333333333,0.0,0.17916666666666667,0.060790708999608825,0.045107140094473516,0.257197048794008,0.01854923184357542,0.010156686452513965,0.00602304469273743,0.03583202930923029,96.42,Healthy,False,,False,1.0,0.019328865607907385,0.13219055516759776,0.1487323432226861,1.0,1.0,1.0
0777_FV.png,FV,transparent/periphery/25%,transparent,periphery,0.25,0.2847574264934816,0.9150102329754128,0.0,0.08498976702458717,0.11018493385810428,0.07023512549887209,0.1222725339126628,0.04843531773743017,0.020019094797486033,0.00602304469273743,0.06213365572608732,93.79,Healthy,False,,False,1.0,0.0188429481671644,0.12728046438547486,0.15000030324512528,0.9628559636813867,0.9748605298106994,1.008525112930822
0777_FV.png,FV,transparent/periphery/40%,transparent,periphery,0.4,0.4329599795626731,0.9441022993380415,0.0,0.05589770066195859,0.1590917763709375,0.10482879565177072,0.0551369588662032,0.15655551675977653,0.05569876047486034,0.00602304469273743,0.1014556757967566,89.85,Healthy,False,,False,1.0,0.016795721178064667,0.10791288407821228,0.15055258116434425,0.8163433759801899,0.8689450027110532,1.0122383464296856
0777_FV.png,FV,transparent/periphery/60%,transparent,periphery,0.6,0.6280765761090842,0.9614673301683541,0.0,0.03853266983164598,0.22348025323125315,0.15501426098126037,0.0677342306481475,0.2990027060055866,0.10270633292597767,0.00602304469273743,0.1546308874341451,84.54,Healthy,False,,False,1.0,0.015068134350287464,0.09073847765363129,0.14910818854311672,0.6864217911679736,0.779566408911402,1.002526991186227
0777_FV.png,FV,opaque/centre/10%,opaque,centre,0.1,0.14417097101252585,0.13849050335013013,0.0,0.8615094966498699,0.1307935430820447,0.26141728389740476,0.12316648856415827,0.28898612081005587,0.28059357541899443,0.2764599336592179,0.22990067826143262,77.01,Degraded,False,,False,0.5,0.013784443403127424,0.10343924581005587,0.15040716457731793,0.7825010317787867,0.7131532539337563,1.011260639873899
0777_FV.png,FV,opaque/centre/25%,opaque,centre,0.25,0.28592299279105227,0.060463492949881334,0.0,0.9395365070501187,0.2743400978756357,0.4981018550302318,0.02636911354925774,0.6352457227653632,0.6280374912709498,0.6244871682960894,0.48294758238014013,51.71,Unreliable,True,,False,0.0,0.0060403699811948635,0.060372293994413406,0.1200787283273639,0.45670656211308297,0.3125051466405646,0.8073477881510867
0777_FV.png,FV,opaque/centre/40%,opaque,centre,0.4,0.42166356647320397,0.029819379756901056,0.0,0.9701806202430989,0.41323915664093375,0.6619776499078481,0.01457334999452079,0.8342353351955307,0.8336797311452514,0.8334060754189944,0.6560369344227351,34.4,Unreliable,True,,False,0.0,0.0006269107019285273,0.017927287011173184,0.08222000109603028,0.13561700371440363,0.03243391074497719,0.5528051217005857
0777_FV.png,FV,opaque/centre/60%,opaque,centre,0.6,0.6144610054206816,0.015441482174410144,0.0,0.9845585178255899,0.6081039190170924,0.8211878939223308,0.06011522142827682,0.9753949895251397,0.9753949895251397,0.9753949895251397,0.8189455396918828,18.11,Unreliable,True,,False,0.0,3.9777548029778095e-05,0.003033344972067039,0.04159693609771268,0.02294676021460999,0.002057934947486272,0.27967646576664645
0777_FV.png,FV,opaque/periphery/10%,opaque,periphery,0.1,0.13507795722531354,0.11217494089834515,0.0,0.8878250591016549,0.12492587477347299,0.06410302291309772,0.10148052866731859,0.01854923184357542,0.010156686452513965,0.00602304469273743,0.060771343886976796,93.92,Healthy,False,,False,1.0,0.01932889486559313,0.13219055516759776,0.14872696238206695,1.0,1.000001513678368,0.9999638219871847
0777_FV.png,FV,opaque/periphery/25%,opaque,periphery,0.25,0.2847574264934816,0.052090050183632844,0.0,0.9479099498163671,0.2748192973072225,0.1405021649067438,0.06462340857321118,0.04843531773743017,0.040042772346368716,0.03590913058659218,0.14061354760273737,85.94,Healthy,False,,False,1.0,0.01882260044152642,0.12759689245810055,0.14142869562928442,0.965249690466364,0.9738078179728328,0.9508940191813796
0777_FV.png,FV,opaque/periphery/40%,opaque,periphery,0.4,0.4329599795626731,0.031539837368391936,0.0,0.9684601626316081,0.4238108030432457,0.2462928503556601,0.04770226152889963,0.15655551675977653,0.1481629713687151,0.14402932960893855,0.26029628456715775,73.97,Degraded,False,,False,0.5,0.016742603913811705,0.10698542248603352,0.13451698734139644,0.8093272802311184,0.866196922956635,0.9044232372510528
0777_FV.png,FV,opaque/periphery/60%,opaque,periphery,0.6,0.6280765761090842,0.01993682752133819,0.0,0.9800631724786618,0.619686933682471,0.39927658180238973,0.034688761788733403,0.2990027060055866,0.29061016061452516,0.2864765188547486,0.4219331188912683,57.81,Degraded,False,,False,0.5,0.014998013722821257,0.09059663058659218,0.12921214532341185,0.6853487412298803,0.7759386415665083,0.8687562000549667
0780_FV.png,FV,baseline,baseline,,0.0,0.04525750233512426,0.4624272358440642,0.0,0.5375727641559358,0.03123554019207894,0.04192861705096997,0.587243452798952,0.02332838687150838,0.0149870155377095,0.010878578910614525,0.027944053387998474,97.21,Healthy,False,,False,1.0,0.01560554542182712,0.10772739175977654,0.1576099751098664,1.0,1.0,1.0
0780_FV.png,FV,transparent/centre/10%,transparent,centre,0.1,0.14526069566744637,0.8325135335659916,0.0,0.1674864664340084,0.06423659399174524,0.10934465070100834,0.23985071503295283,0.2746377444134078,0.09791910352653631,0.010878578910614525,0.0912420148184406,90.88,Healthy,False,,False,1.0,0.009644281130865138,0.08329696229050279,0.17100333479147692,0.7732198926364833,0.6180034641644695,1.0849778681347695
0780_FV.png,FV,transparent/centre/25%,transparent,centre,0.25,0.2870686007616098,0.9152495237565527,0.0,0.08475047624344731,0.11103320267281915,0.182466619786179,0.09758345441680115,0.5801108589385475,0.19872523131983244,0.010878578910614525,0.16754003926563243,83.25,Healthy,False,,False,1.0,0.006003977779668105,0.048806302374301676,0.14817993771223253,0.45305378304466726,0.38473360702090414,0.9401685242887678
0780_FV.png,FV,transparent/centre/40%,transparent,centre,0.4,0.42496467376118663,0.9427500634023088,0.0,0.05724993659769122,0.15653890676267954,0.2365022561872051,0.057015457311804976,0.7989372381284916,0.27093793645251396,0.010878578910614525,0.22628752346597097,77.37,Degraded,False,,False,0.5,0.0028320462750645744,0.021277060055865923,0.12455343508654187,0.19750835612275905,0.18147691724401097,0.7902636555821955
0780_FV.png,FV,transparent/centre/60%,transparent,centre,0.6,0.6076711825707922,0.9599632147666437,0.0,0.040036785233356326,0.21683205466984934,0.291481169399507,0.056599821965184094,0.9524703212290503,0.32160385387569834,0.010878578910614525,0.2811355087710863,71.89,Degraded,False,,False,0.5,0.0006712050829146336,0.006143069134078212,0.1014984969125968,0.05702420743441709,0.04301067760027371,0.6439852353370683
0780_FV.png,FV,transparent/periphery/10%,transparent,periphery,0.1,0.14526069566744637,0.8325135335659916,0.0,0.1674864664340084,0.06423659399174524,0.05386982867869223,0.135892644311165,0.030737168296089384,0.017431913407821232,0.010878578910614525,0.04240469216425973,95.76,Healthy,False,,False,1.0,0.01555877607551343,0.10693086592178772,0.15791061694256303,0.9926060974374558,0.9970030303299573,1.0019075051086523
0780_FV.png,FV,transparent/periphery/25%,transparent,periphery,0.25,0.2909963995178068,0.916393465110218,0.0,0.08360653488978204,0.1123293762623642,0.07379081771613057,0.1233833876602396,0.052254277234636874,0.0245325593575419,0.010878578910614525,0.06564908193656518,93.44,Healthy,False,,False,1.0,0.015450926537309529,0.10441035265363129,0.15995577009431486,0.9692089537121442,0.9900920550779769,1.0148835439052208
0780_FV.png,FV,transparent/periphery/40%,transparent,periphery,0.4,0.4362171785312268,0.944226862612324,0.0,0.05577313738767592,0.1602522333367928,0.10135013608464181,0.05804738939458318,0.1006459497206704,0.04050181127793296,0.010878578910614525,0.09468143533760358,90.53,Healthy,False,,False,1.0,0.015085554079128498,0.09894378491620112,0.16178802539492637,0.9184644991390661,0.9666790664060148,1.0265087935084536
0780_FV.png,FV,transparent/periphery/60%,transparent,periphery,0.6,0.6305753586511365,0.9614174574136086,0.0,0.03858254258639134,0.22439043277636297,0.15338521736243363,0.055848141451617934,0.2507092353351955,0.09002269553072627,0.010878578910614525,0.1493417732539295,85.07,Healthy,False,,False,1.0,0.014044509795674254,0.08137657122905027,0.15125664649675782,0.7553934974171983,0.899969172242485,0.9596895525890425
0780_FV.png,FV,opaque/centre/10%,opaque,centre,0.1,0.14526069566744637,0.14407408425160068,0.0,0.8559259157483994,0.13123873352440105,0.2462196281116923,0.08618498470061284,0.2746377444134078,0.2662963730796089,0.262187936452514,0.21975605772267154,78.02,Degraded,False,,False,0.5,0.009511789355814678,0.08457358589385475,0.145421405901589,0.7850703940038488,0.6095134196662396,0.9226662576414911
0780_FV.png,FV,opaque/centre/25%,opaque,centre,0.25,0.2870686007616098,0.050029895574064544,0.0,0.9499701044259354,0.27744605264208333,0.474534879031258,0.013020805179446126,0.5801108589385475,0.5786048795391061,0.5778631284916201,0.4570362313176448,54.3,Unreliable,True,,False,0.0,0.005865456304989433,0.05200331703910614,0.11644874189980353,0.4827306796313177,0.3758571806651213,0.738841192117629
0780_FV.png,FV,opaque/centre/40%,opaque,centre,0.4,0.42496467376118663,0.02045781163408884,0.0,0.9795421883659111,0.4191397961057312,0.642092158731067,0.046494813461658256,0.7989372381284916,0.7987252313198325,0.7986208100558659,0.6378596789789724,36.21,Unreliable,True,,False,0.0,0.0026611163834205772,0.022390013966480448,0.07970708424564787,0.20783956244302645,0.17052376648742662,0.5057236015048276
0780_FV.png,FV,opaque/centre/60%,opaque,centre,0.6,0.6076711825707922,0.00431569612769731,0.0,0.9956843038723027,0.6059140913772044,0.8126594221384706,0.07769479905644469,0.9524703212290503,0.9524703212290503,0.9524703212290503,0.8065601825463227,19.34,Unreliable,True,,False,0.0,0.000517527216366623,0.007365136173184358,0.05425792406397341,0.06836827711941659,0.03316303290769764,0.34425437873555537
0780_FV.png,FV,opaque/periphery/10%,opaque,periphery,0.1,0.14526069566744637,0.14407408425160068,0.0,0.8559259157483994,0.13123873352440105,0.07811410683194651,0.10915192149656064,0.030737168296089384,0.022395796962290503,0.01828736033519553,0.07176417089182047,92.82,Healthy,False,,False,1.0,0.015556761162371827,0.10681084148044692,0.15709198285667916,0.9914919477362503,0.9968739151284607,0.996713455142505
0780_FV.png,FV,opaque/periphery/25%,opaque,periphery,0.25,0.2909963995178068,0.05726944760702871,0.0,0.9427305523929713,0.27983071347027405,0.14026808148025688,0.031156741436182377,0.052254277234636874,0.04391290590083799,0.039804469273743016,0.14359480084549447,85.64,Healthy,False,,False,1.0,0.015446833246574662,0.10648350209497207,0.15466983062815434,0.988453357642054,0.9898297578865477,0.9813454416215562
0780_FV.png,FV,opaque/periphery/40%,opaque,periphery,0.4,0.4362171785312268,0.027442762760564413,0.0,0.9725572372394355,0.42819660548774163,0.22636294061148934,0.02233686035066604,0.1006459497206704,0.09230457838687152,0.08819614175977654,0.2332896951845179,76.67,Degraded,False,,False,0.5,0.015074011326132694,0.10137700768156424,0.14487620465417328,0.9410513521725918,0.9659394092723614,0.9192070778082625
0780_FV.png,FV,opaque/periphery/60%,opaque,periphery,0.6,0.6305753586511365,0.014559450032600507,0.0,0.9854405499673995,0.6244242022656693,0.3858022641119468,0.0269807532506346,0.2507092353351955,0.24236786400139665,0.23825942737430167,0.4000150855138435,60.0,Degraded,False,,False,0.5,0.014001981673469336,0.08124563547486034,0.1243134039233845,0.7541780613795199,0.8972439793027088,0.7887407115998107
0778_FV.png,FV,baseline,baseline,,0.0,0.046135668723704906,0.5320124589029244,0.0,0.46798754109707563,0.029690685847949483,0.03850739962058219,0.5665725310711938,0.021855359636871508,0.013470124825418994,0.009340083798882681,0.025847475570727096,97.42,Healthy,False,,False,1.0,0.017035918159820345,0.12682218924581007,0.1450288159087223,1.0,1.0,1.0
0778_FV.png,FV,transparent/centre/10%,transparent,centre,0.1,0.14549221226079945,0.8516008669648001,0.0,0.14839913303519986,0.06247834521519068,0.11378114280107493,0.29142219884862114,0.27087334148044695,0.09564605883379888,0.009340083798882681,0.09113626993839924,90.89,Healthy,False,,False,1.0,0.010980801635534342,0.09938023743016759,0.14526125880211774,0.7836186870859502,0.6445676442278789,1.0016027359248505
0778_FV.png,FV,transparent/centre/25%,transparent,centre,0.25,0.2743311964617878,0.9212961615691296,0.0,0.07870383843087041,0.10499521000151683,0.18722844034734118,0.14787195176569476,0.5595757681564246,0.19091785963687152,0.009340083798882681,0.164034238959406,83.6,Healthy,False,,False,1.0,0.005472675582555075,0.057317126396648044,0.12111079539166951,0.4519487223608362,0.3212433595426939,0.835080908802936
0778_FV.png,FV,transparent/centre/40%,transparent,centre,0.4,0.4139237272574864,0.9478384138403233,0.0,0.052161586159676754,0.15106074516409737,0.23354429533949955,0.13431770732908685,0.7093444483240223,0.24034152409217877,0.009340083798882681,0.2115181217879506,78.85,Degraded,False,,False,0.5,0.003201175777081605,0.03515625,0.10750133609431929,0.27720898219048434,0.1879074404473051,0.7412412176210422
0778_FV.png,FV,transparent/centre/60%,transparent,centre,0.6,0.6085812822825939,0.9645225398949253,0.0,0.035477460105074674,0.2152977383223829,0.2894903596646851,0.09635960080233778,0.9162229399441341,0.30861142632681565,0.009340083798882681,0.27488099992684667,72.51,Degraded,False,,False,0.5,0.0009047329304158332,0.010551239525139665,0.08520166912595258,0.08319710918007399,0.05310737712685597,0.5874809677793721
0778_FV.png,FV,transparent/periphery/10%,transparent,periphery,0.1,0.14613886205602702,0.8522575182322253,0.0,0.1477424817677747,0.06269173964761579,0.049098941335386,0.34347712550435916,0.021855359636871508,0.013470124825418994,0.009340083798882681,0.03892525422506814,96.11,Healthy,False,,False,1.0,0.017035918159820345,0.12682218924581007,0.1450288159087223,1.0,1.0,1.0
0778_FV.png,FV,transparent/periphery/25%,transparent,periphery,0.25,0.29610173956778246,0.9270827716365597,0.0,0.07291722836344028,0.11217948922649508,0.07352481378679188,0.22310761788113606,0.023426588687150838,0.013988630412011174,0.009340083798882681,0.06130674306879056,93.87,Healthy,False,,False,1.0,0.016845030762298187,0.12625480097765363,0.14454332639532289,0.995526112019272,0.9887950038423893,0.9966524617169531
0778_FV.png,FV,transparent/periphery/40%,transparent,periphery,0.4,0.4372829531937315,0.9506248345489233,0.0,0.04937516545107669,0.15876928972305826,0.10282702947700388,0.16314235213184186,0.0522760998603352,0.023508969099162013,0.009340083798882681,0.08788248339968344,91.21,Healthy,False,,False,1.0,0.015587039835642648,0.11802767108938547,0.14377549385723776,0.930654736298718,0.9149515564359241,0.9913581170498327
0778_FV.png,FV,transparent/periphery/60%,transparent,periphery,0.6,0.625046902068481,0.9654571231511994,0.0,0.034542876848800676,0.22073139285172563,0.15499946964564293,0.09517854535154746,0.20709671787709497,0.07459977304469274,0.009340083798882681,0.14255916796708767,85.74,Healthy,False,,False,1.0,0.01274213349324922,0.09541943086592179,0.14335298228594803,0.7523875075281768,0.7479569562209962,0.9884448231044719
0778_FV.png,FV,opaque/centre/10%,opaque,centre,0.1,0.14549221226079945,0.16425690691102637,0.0,0.8357430930889737,0.12948048474784649,0.26745141097510555,0.16460550119817635,0.27087334148044695,0.26318992231145255,0.2594055516759777,0.22435553764146662,77.56,Degraded,False,,False,0.5,0.010880154687136689,0.09763442737430168,0.1379358996414234,0.7698528779144799,0.638659717959776,0.9510930553845036
0778_FV.png,FV,opaque/centre/25%,opaque,centre,0.25,0.2743311964617878,0.06166516311148619,0.0,0.9383348368885138,0.2629970222176097,0.49820413818782927,0.06706371929047722,0.5595757681564246,0.5593345190293296,0.5592156948324022,0.45209415573336353,54.79,Unreliable,True,,False,0.0,0.005329139065419331,0.060143156424581005,0.11657034901205907,0.47423212595715386,0.31281783672735897,0.8037737071881335
0778_FV.png,FV,opaque/centre/40%,opaque,centre,0.4,0.4139237272574864,0.028891867652873274,0.0,0.9711081323471267,0.40591117746146044,0.6420550430129526,0.11445821363559724,0.7093444483240223,0.7093444483240223,0.7093444483240223,0.5981276454719329,40.19,Unreliable,True,,False,0.0,0.0030533777089162607,0.03402147346368715,0.10423530091051658,0.2682612062290286,0.17923176668679539,0.7187213124329707
0778_FV.png,FV,opaque/centre/60%,opaque,centre,0.6,0.6085812822825939,0.01410178207171576,0.0,0.9858982179282842,0.602831288270092,0.8136206218674557,0.10323436118881625,0.9162229399441341,0.9162229399441341,0.9162229399441341,0.7914247490189179,20.86,Unreliable,True,,False,0.0,0.000739763557973584,0.01123865223463687,0.06199895075393313,0.08861739654134043,0.04342375626799708,0.4274940146581201
0778_FV.png,FV,opaque/periphery/10%,opaque,periphery,0.1,0.14613886205602702,0.16795498620633142,0.0,0.8320450137936686,0.1296938791802716,0.07060298057453311,0.30040997948046283,0.021855359636871508,0.013470124825418994,0.009340083798882681,0.06547710785660901,93.45,Healthy,False,,False,1.0,0.017035918159820345,0.12682218924581007,0.1450288159087223,1.0,1.0,1.0
0778_FV.png,FV,opaque/periphery/25%,opaque,periphery,0.25,0.29610173956778246,0.0827716365597196,0.0,0.9172283634402804,0.27968082643440495,0.14463925011044265,0.18656114379118316,0.023426588687150838,0.015041353875698323,0.010911312849162011,0.1333125645137336,86.67,Healthy,False,,False,1.0,0.016841761765483788,0.12587290502793297,0.1446713061563382,0.9925148412630129,0.9886031153404763,0.9975349053900494
0778_FV.png,FV,opaque/periphery/40%,opaque,periphery,0.4,0.4372829531937315,0.03591087093446768,0.0,0.9640891290655323,0.4267618013587629,0.23563927862842884,0.12324485063176235,0.0522760998603352,0.043890865048882684,0.03976082402234637,0.2162766700157106,78.37,Degraded,False,,False,0.5,0.015542518523768065,0.11917335893854748,0.14104351675844437,0.9396885485674954,0.9123381773707683,0.9725206392584341
0778_FV.png,FV,opaque/periphery/60%,opaque,periphery,0.6,0.625046902068481,0.015154417963062303,0.0,0.9848455820369377,0.6187005133281708,0.39669602561737205,0.06656607849199819,0.20709671787709497,0.19871148306564249,0.19458144203910616,0.3841035549099199,61.59,Degraded,False,,False,0.5,0.012665014993621658,0.09511391410614525,0.12027792599764449,0.7499784909231695,0.7434301382999376,0.8293381232136968
0776_FV.png,FV,baseline,baseline,,0.0,0.046538826929371474,0.4357148983617806,0.0,0.5642851016382194,0.032952794564948394,0.03526229894346666,0.6339816529892592,0.016563372905027934,0.009399004888268158,0.005870286312849162,0.02422413000783178,97.58,Healthy,False,,False,1.0,0.018915618564484555,0.12466174930167598,0.14586048554540548,1.0,1.0,1.0
0776_FV.png,FV,transparent/centre/10%,transparent,centre,0.1,0.1388420977000024,0.8108558778713739,0.0,0.18914412212862605,0.0634128739192566,0.10534587548862014,0.3130225370870854,0.2688765712290503,0.09266236033519552,0.005870286312849162,0.08769256895644123,91.23,Healthy,False,,False,1.0,0.015210902452900564,0.09946752793296089,0.1595899098149361,0.7978993435448577,0.8041451248895521,1.0941270983583606
0776_FV.png,FV,transparent/centre/25%,transparent,centre,0.25,0.26436799961680013,0.9006643515023404,0.0,0.09933564849765968,0.10483642155179985,0.17471296296496386,0.18477477896295397,0.5206005586592178,0.17573127618715087,0.005870286312849162,0.15415732582988945,84.58,Healthy,False,,False,1.0,0.010815556819367887,0.07323673184357542,0.15794574910715667,0.5874835886214442,0.5717791772178615,1.0828549522275457
0776_FV.png,FV,transparent/centre/40%,transparent,centre,0.4,0.4130735025267242,0.9364249545823509,0.0,0.0635750454176491,0.1539092375120748,0.22662877653533323,0.11104232334801042,0.704543470670391,0.23643243715083798,0.005870286312849162,0.2087343790745576,79.13,Degraded,False,,False,0.5,0.00750627622376551,0.05061758030726257,0.14250826691023516,0.40603938730853395,0.396829540528962,0.9770176369382316
0776_FV.png,FV,transparent/centre/60%,transparent,centre,0.6,0.6130719058605631,0.9571646222361122,0.0,0.0428353777638878,0.21990871061224165,0.2809194741133919,0.030158715840330808,0.9012635300279329,0.30135005673882687,0.005870286312849162,0.2707884781132208,72.92,Degraded,False,,False,0.5,0.0029488043905817034,0.01861469972067039,0.11348196390989994,0.14932166301969366,0.15589256996957518,0.7780171818677629
0776_FV.png,FV,transparent/periphery/10%,transparent,periphery,0.1,0.1413209219150414,0.8141735397130268,0.0,0.18582646028697322,0.06423088591021946,0.045423251309646785,0.15710405449811868,0.016563372905027934,0.009399004888268158,0.005870286312849162,0.036655843121267136,96.33,Healthy,False,,False,1.0,0.018915618564484555,0.12466174930167598,0.14586048554540548,1.0,1.0,1.0
0776_FV.png,FV,transparent/periphery/25%,transparent,periphery,0.25,0.2807458027638291,0.9064592723188262,0.0,0.09354072768117384,0.11024109659031942,0.06474795217372005,0.12064756934280582,0.01854923184357542,0.010054338337988827,0.005870286312849162,0.056518449964407365,94.35,Healthy,False,,False,1.0,0.018914351257520123,0.12466174930167598,0.14615759694534583,1.0,0.9999330020871318,1.0020369560599596
0776_FV.png,FV,transparent/periphery/40%,transparent,periphery,0.4,0.4177756843710333,0.9371405094494659,0.0,0.0628594905505341,0.1554609575206968,0.08957550236843764,0.11135673184734363,0.05511304120111732,0.022120395425977653,0.005870286312849162,0.08235909613713138,91.76,Healthy,False,,False,1.0,0.01885689596212239,0.12127924231843576,0.14688950060662848,0.9728665207877462,0.9968955494549663,1.0070547897696573
0776_FV.png,FV,transparent/periphery/60%,transparent,periphery,0.6,0.6086651072560494,0.9568544896513732,0.0,0.043145510348626744,0.2184544670727521,0.140747902673605,0.09239563294498865,0.1888202688547486,0.06624378055167598,0.005870286312849162,0.13425822314457753,86.57,Healthy,False,,False,1.0,0.01835108006522631,0.11190642458100558,0.14743914088047258,0.8976805251641138,0.9701549014993246,1.0108230500478874
0776_FV.png,FV,opaque/centre/10%,opaque,centre,0.1,0.1388420977000024,0.14535836471839692,0.0,0.8546416352816031,0.12532025131525376,0.2477505621329223,0.14174142587536662,0.2688765712290503,0.2617122032122905,0.2581834846368715,0.21660612531936901,78.34,Degraded,False,,False,0.5,0.015151418786286586,0.10001309357541899,0.14628279897749832,0.8022757111597374,0.8010004396438017,1.0028953244637415
0776_FV.png,FV,opaque/centre/25%,opaque,centre,0.25,0.26436799961680013,0.028416125622829535,0.0,0.9715838743771704,0.2593347490439961,0.4697424361508795,0.08297038166716811,0.5206005586592178,0.5201984767807263,0.5200004364525139,0.4268025462707532,57.32,Unreliable,True,,False,0.0,0.010683862404315753,0.07422966131284917,0.12833012627348875,0.5954485776805252,0.56481697217005,0.8798141991207095
0776_FV.png,FV,opaque/centre/40%,opaque,centre,0.4,0.4130735025267242,0.015055467511885896,0.0,0.9849445324881141,0.40890676267952514,0.6280388050457961,0.039036822461404504,0.704543470670391,0.704543470670391,0.704543470670391,0.5929010585857528,40.71,Unreliable,True,,False,0.0,0.007356658719108981,0.05061758030726257,0.11143492099787192,0.40603938730853395,0.3889198068796778,0.7639829291750363
0776_FV.png,FV,opaque/centre/60%,opaque,centre,0.6,0.6130719058605631,0.010144021668359508,0.0,0.9898559783316405,0.6089051660133642,0.7925560704338528,0.0340948952548551,0.9012635300279329,0.9012635300279329,0.9012635300279329,0.7809437829453383,21.91,Unreliable,True,,False,0.0,0.0027585611342407293,0.017981843575418995,0.061423624552554526,0.14424507658643326,0.14583510049309875,0.4211121629197767
0776_FV.png,FV,opaque/periphery/10%,opaque,periphery,0.1,0.1413209219150414,0.13927804767822846,0.0,0.8607219523217715,0.1281333775077638,0.06610548425194786,0.08928909357292868,0.016563372905027934,0.009399004888268158,0.005870286312849162,0.06203126048322076,93.8,Healthy,False,,False,1.0,0.018915627443624516,0.12466174930167598,0.14585628935565692,1.0,1.0000004694078564,0.9999712314837506
0776_FV.png,FV,opaque/periphery/25%,opaque,periphery,0.25,0.2807458027638291,0.04625140403509021,0.0,0.9537485959649098,0.27204592810212275,0.12698052838097865,0.0545523297413154,0.01854923184357542,0.011384863826815644,0.007856145251396648,0.12426188247565666,87.57,Healthy,False,,False,1.0,0.018914335477708395,0.12448716829608938,0.1452801108786335,0.9985995623632385,0.9999321678658414,0.9960210288303797
0776_FV.png,FV,opaque/periphery/40%,opaque,periphery,0.4,0.4177756843710333,0.01927155987846592,0.0,0.980728440121534,0.4123813876625605,0.20445269981608968,0.05843671214016193,0.05511304120111732,0.04794867318435754,0.04441995460893855,0.20422969551733805,79.58,Degraded,False,,False,0.5,0.018852511863069195,0.12191209846368715,0.14335156587088752,0.9779431072210066,0.9966637780731185,0.9827991819365159
0776_FV.png,FV,opaque/periphery/60%,opaque,periphery,0.6,0.6086651072560494,0.009056687914797619,0.0,0.9909433120852024,0.6049717390089494,0.36179956850763917,0.04826723607582989,0.1888202688547486,0.18165590083798885,0.17812718226256982,0.3626937525901721,63.73,Degraded,False,,False,0.5,0.01833731816405233,0.11280115223463687,0.14150616200419544,0.9048577680525164,0.9694273598052973,0.9701473395969564
0260_FV.png,FV,baseline,baseline,,0.0,0.04930105938799786,0.5488624402882357,0.0,0.4511375597117642,0.0311711945457884,0.0474816061769718,0.47024000926484155,0.039204347067039104,0.01719950244413408,0.006361295391061453,0.030475641194481692,96.95,Healthy,False,,False,1.0,0.014518383567020794,0.0582773219273743,0.20612648690833832,1.0,1.0,1.0
0260_FV.png,FV,transparent/centre/10%,transparent,centre,0.1,0.1272503013707379,0.8252140907807648,0.0,0.17478590921923523,0.056894444400092614,0.09919142186199496,0.301456255268745,0.2385103875698324,0.08297049581005586,0.006361295391061453,0.08001395820264862,92.0,Healthy,False,,False,1.0,0.008350337895615595,0.04220495810055866,0.2090547192128415,0.7242089496348998,0.5751561705935218,1.0142059972419037
0260_FV.png,FV,transparent/centre/25%,transparent,centre,0.25,0.26416841634666816,0.9158053792686612,0.0,0.08419462073133878,0.1020774223421496,0.1743334364935956,0.1523104189821961,0.5532253840782123,0.18682644465782122,0.006361295391061453,0.15765383551385204,84.23,Healthy,False,,False,1.0,0.003535395334311739,0.026110771648044692,0.19132533993560788,0.4480434375585096,0.2435116359883589,0.9281938619595631
0260_FV.png,FV,transparent/centre/40%,transparent,centre,0.4,0.4046510885271553,0.9450352161303688,0.0,0.054964783869631266,0.14843670416171037,0.2339939309042046,0.11614529176461305,0.7756088512569832,0.26021298882681565,0.006361295391061453,0.21881438605050074,78.12,Degraded,False,,False,0.5,0.0014557978922367344,0.015254015363128492,0.16275651487221318,0.2617487361917244,0.10027272564582529,0.7895953465921574
0260_FV.png,FV,transparent/centre/60%,transparent,centre,0.6,0.6004821931806388,0.9629605009505829,0.0,0.03703949904941702,0.21306096869735994,0.2894005467951065,0.10701541709088044,0.9305713163407822,0.3113506023044693,0.006361295391061453,0.27527869556952766,72.47,Degraded,False,,False,0.5,0.0003436115786297875,0.002738739525139665,0.14326170594389748,0.046994944766897584,0.023667344029284203,0.6950184233606234
0260_FV.png,FV,transparent/periphery/10%,transparent,periphery,0.1,0.14930425272031997,0.8510319751898193,0.0,0.14896802481018073,0.0641722483454547,0.05722812089156995,0.4562142551526656,0.039204347067039104,0.01719950244413408,0.006361295391061453,0.04329991174876102,95.67,Healthy,False,,False,1.0,0.014518383567020794,0.0582773219273743,0.20612648690833832,1.0,1.0,1.0
0260_FV.png,FV,transparent/periphery/25%,transparent,periphery,0.25,0.2959101396284558,0.9248367776398856,0.0,0.07516322236011438,0.11255219102513953,0.07640787587330591,0.30381948058871483,0.039204347067039104,0.01719950244413408,0.006361295391061453,0.06356782104718726,93.64,Healthy,False,,False,1.0,0.014518393641349664,0.0582773219273743,0.20612648690833832,1.0,1.0000006939015507,1.0
0260_FV.png,FV,transparent/periphery/40%,transparent,periphery,0.4,0.43438101244601274,0.9487971182297698,0.0,0.05120288177023028,0.1582475790549333,0.10663998241836511,0.16881350266115358,0.08747599511173185,0.03312914629888268,0.006361295391061453,0.0927179269615426,90.73,Healthy,False,,False,1.0,0.013530246107024241,0.055091218575418995,0.2092217614496856,0.9453285901516569,0.9319388790470342,1.0150163842976847
0260_FV.png,FV,transparent/periphery/60%,transparent,periphery,0.6,0.6276335012493913,0.9645628227632349,0.0,0.035437177236765115,0.22202090036004823,0.1615022105368312,0.07600735042857021,0.26925846717877094,0.09311736208100559,0.006361295391061453,0.15230387810146606,84.77,Healthy,False,,False,1.0,0.00845180313760931,0.039848114525139665,0.21477145873894418,0.6837670848155776,0.5821449129370012,1.041940130840391
0260_FV.png,FV,opaque/centre/10%,opaque,centre,0.1,0.1272503013707379,0.10019134853665422,0.0,0.8998086514633458,0.11870821724239786,0.22673387881829155,0.20155026317487332,0.2385103875698324,0.237252967877095,0.23663364175977653,0.19853381596904482,80.15,Healthy,False,,False,1.0,0.008257828812482828,0.04779155027932961,0.17888716005641667,0.8200711477251451,0.5687843122729505,0.867851399107022
0260_FV.png,FV,opaque/centre/25%,opaque,centre,0.25,0.26416841634666816,0.02987307343608341,0.0,0.9701269265639166,0.2588810962709862,0.4589006290363324,0.08097213119991271,0.5532253840782123,0.5531084148044693,0.5530508030726257,0.4365778835139833,56.34,Unreliable,True,,False,0.0,0.0033930682151895454,0.03157733938547486,0.13824315908022308,0.5418460962366598,0.23370840145710592,0.6706714947395284
0260_FV.png,FV,opaque/centre/40%,opaque,centre,0.4,0.4046510885271553,0.008720184662734035,0.0,0.991279815337266,0.4022869049424801,0.6434314666402937,0.06831745305120264,0.7756088512569832,0.7756088512569832,0.7756088512569832,0.6239590519776255,37.6,Unreliable,True,,False,0.0,0.0013114881606103115,0.02186627094972067,0.10436397971632089,0.37521063471260063,0.0903329323513273,0.5063103790379455
0260_FV.png,FV,opaque/centre/60%,opaque,centre,0.6,0.6004821931806388,0.000804339444540463,0.0,0.9991956605554595,0.6001585888664468,0.813368678768113,0.07594183489835249,0.9305713163407822,0.9305713163407822,0.9305713163407822,0.7962867068266808,20.37,Unreliable,True,,False,0.0,0.0002017235250280594,0.004877356843575419,0.058232632746607726,0.0836921924733196,0.013894351536922063,0.28250921858724054
0260_FV.png,FV,opaque/periphery/10%,opaque,periphery,0.1,0.14930425272031997,0.18123730082344133,0.0,0.8187626991765586,0.1311743878781105,0.07701649925151162,0.449656087735542,0.039204347067039104,0.01719950244413408,0.006361295391061453,0.06933706711654027,93.07,Healthy,False,,False,1.0,0.014518383567020794,0.0582773219273743,0.20612648690833832,1.0,1.0,1.0
0260_FV.png,FV,opaque/periphery/25%,opaque,periphery,0.25,0.2959101396284558,0.08780283818054281,0.0,0.9121971618194572,0.27850236705758374,0.13572512594591635,0.2676279150645834,0.039204347067039104,0.01719950244413408,0.006361295391061453,0.13114804887870365,86.89,Healthy,False,,False,1.0,0.014518308606615472,0.05826641061452514,0.20611969152148513,0.9998127691443549,0.9999948368628658,0.9999670329274267
0260_FV.png,FV,opaque/periphery/40%,opaque,periphery,0.4,0.43438101244601274,0.05070665858006653,0.0,0.9492933414199335,0.4196235859525311,0.23081162163842578,0.12687129325308208,0.08747599511173185,0.06547115048882682,0.05463294343575419,0.22131902247281776,77.87,Degraded,False,,False,0.5,0.013493348700823974,0.060295914804469275,0.18722145810306,1.034637708294327,0.9293974524460673,0.9082843302244552
0260_FV.png,FV,opaque/periphery/60%,opaque,periphery,0.6,0.6276335012493913,0.029598819608741,0.0,0.970401180391259,0.6151867700241895,0.3999695576120458,0.0445341038664199,0.26925846717877094,0.24725362255586592,0.2364154155027933,0.40344834731321694,59.66,Degraded,False,,False,0.5,0.008363476845892358,0.0443763093575419,0.15597914387706627,0.7614678899082569,0.5760611577235359,0.7567156759743744
0258_FV.png,FV,baseline,baseline,,0.0,0.04930105938799786,0.5488624402882357,0.0,0.4511375597117642,0.0311711945457884,0.0474816061769718,0.47024000926484155,0.039204347067039104,0.01719950244413408,0.006361295391061453,0.030475641194481692,96.95,Healthy,False,,False,1.0,0.016414213262847616,0.06815206005586592,0.20825484209622022,1.0,1.0,1.0
0258_FV.png,FV,transparent/centre/10%,transparent,centre,0.1,0.13645109012382145,0.8369997659723848,0.0,0.16300023402761527,0.05993070468861019,0.10891634767652882,0.16036385262339792,0.26744718924581007,0.09251964036312851,0.006361295391061453,0.0876619718547931,91.23,Healthy,False,,False,1.0,0.013024252214481504,0.0589101780726257,0.19554822493248816,0.8643932116554595,0.7934740462987012,0.938985249822613
0258_FV.png,FV,transparent/centre/25%,transparent,centre,0.25,0.27767222040379685,0.9198999468108046,0.0,0.0801000531891954,0.10653367768100207,0.18259620569742407,0.05348415719426432,0.5808528282122905,0.19594350122206705,0.006361295391061453,0.16511636550235467,83.49,Healthy,False,,False,1.0,0.007175962828800899,0.03354137569832402,0.1729138668708968,0.49215497918667944,0.43717982177331466,0.8302993828638338
0258_FV.png,FV,transparent/centre/40%,transparent,centre,0.4,0.4143308771285556,0.9463193287025886,0.0,0.053680671297411345,0.15163103440017245,0.2360691366303231,0.048420335219726114,0.8135583973463687,0.2727363390363129,0.006361295391061453,0.22540458692367382,77.46,Degraded,False,,False,0.5,0.0019238193850421442,0.012329783519553073,0.15203004607580345,0.180915786103106,0.11720448334837773,0.7300192617157052
0258_FV.png,FV,transparent/centre/60%,transparent,centre,0.6,0.6015519595085461,0.9630263699220979,0.0,0.03697363007790209,0.21341399158556934,0.29309917573467004,0.02869261371134332,0.9842986208100558,0.32908061277932965,0.006361295391061453,0.28358619530780366,71.64,Degraded,False,,False,0.5,0.000220828949999998,0.0024986906424581006,0.14106850406673874,0.036663464617355104,0.013453520218348104,0.6773840293305675
0258_FV.png,FV,transparent/periphery/10%,transparent,periphery,0.1,0.14930425272031997,0.8510319751898193,0.0,0.14896802481018073,0.0641722483454547,0.05971183093863161,0.19958119340593725,0.043601606145251395,0.018650597939944134,0.006361295391061453,0.044625462961203545,95.54,Healthy,False,,False,1.0,0.016413603021900404,0.06802112430167598,0.20880701207903993,0.9980787704130644,0.9999628224065669,1.0026514148591301
0258_FV.png,FV,transparent/periphery/25%,transparent,periphery,0.25,0.2991553636008015,0.9256521449062646,0.0,0.07434785509373541,0.11362311493601362,0.08560611875436488,0.13194015389289385,0.09608502094972067,0.035970124825418996,0.006361295391061453,0.07415682003728115,92.58,Healthy,False,,False,1.0,0.01638160139935566,0.06387482541899442,0.2114021626703818,0.9372398334934359,0.9980131936286114,1.015112832635639
0258_FV.png,FV,transparent/periphery/40%,transparent,periphery,0.4,0.4457812088359505,0.9501065563495048,0.0,0.049893443650495174,0.1620096438636128,0.1156777306382378,0.10679248138559704,0.15513704608938547,0.055457293121508384,0.006361295391061453,0.10548912959915854,89.45,Healthy,False,,False,1.0,0.01612710177301495,0.05762264315642458,0.21139239846878993,0.845501120717259,0.9825083611846007,1.0150659468033885
0258_FV.png,FV,transparent/periphery/60%,transparent,periphery,0.6,0.6374609814706892,0.9651091435083721,0.0,0.034890856491627945,0.22526396883307653,0.16429905052726776,0.06784105749825405,0.29373254189944137,0.10119380673882683,0.006361295391061453,0.157346428503634,84.27,Healthy,False,,False,1.0,0.014302050929405874,0.05094491969273743,0.20886689222507596,0.7475184117835414,0.8713211349445259,1.0029389478904551
0258_FV.png,FV,opaque/centre/10%,opaque,centre,0.1,0.13645109012382145,0.12116779780014042,0.0,0.8788322021998596,0.12537365979834106,0.2518201957483482,0.021756771611058937,0.26744718924581007,0.26472034305167597,0.2633772695530726,0.21904629388467717,78.1,Degraded,False,,False,0.5,0.012955676327163023,0.06028500349162011,0.19466073200723477,0.8845661223182837,0.7892962105279367,0.9347236782004591
0258_FV.png,FV,opaque/centre/25%,opaque,centre,0.25,0.27767222040379685,0.04709400112128574,0.0,0.9529059988787143,0.26891083417823586,0.4796242491320318,0.1114256919424663,0.5808528282122905,0.5807358589385475,0.5806782472067039,0.4568548685684993,54.31,Unreliable,True,,False,0.0,0.007037937329155407,0.04083013268156425,0.16047927725395156,0.5991034261927634,0.42877092044888127,0.7705908570414182
0258_FV.png,FV,opaque/centre/40%,opaque,centre,0.4,0.4143308771285556,0.0194799564543011,0.0,0.9805200435456989,0.40892320834098406,0.6452093533812245,0.07072610488659373,0.8135583973463687,0.8134414280726256,0.8133838163407822,0.6416163397457129,35.84,Unreliable,True,,False,0.0,0.0017550607948701965,0.022280900837988827,0.11127275457149352,0.3269292347102145,0.10692323578143399,0.5343105276759041
0258_FV.png,FV,opaque/centre/60%,opaque,centre,0.6,0.6015519595085461,0.002176480736818357,0.0,0.9978235192631817,0.6006747511196621,0.8237713654376134,0.01932693916367313,0.9842986208100558,0.9842986208100558,0.9842986208100558,0.821053283291205,17.89,Unreliable,True,,False,0.0,6.035312980221682e-05,0.0013530027932960895,0.02210201795976752,0.01985270573166827,0.0036768822748770888,0.10612967140305771
0258_FV.png,FV,opaque/periphery/10%,opaque,periphery,0.1,0.14930425272031997,0.18123730082344133,0.0,0.8187626991765586,0.1311743878781105,0.08454289333351664,0.07794714719571058,0.043601606145251395,0.02159676152234637,0.010758554469273743,0.07335388897242669,92.66,Healthy,False,,False,1.0,0.01641371342001014,0.06796656773743016,0.20680310088624984,0.9972782580851745,0.9999695481696582,0.9930290158185151
0258_FV.png,FV,opaque/periphery/25%,opaque,periphery,0.25,0.2991553636008015,0.08995930348922543,0.0,0.9100406965107746,0.2811244521439235,0.16308923819866275,0.0568700495548579,0.09608502094972067,0.07408017632681564,0.06324196927374302,0.16289617763350211,83.71,Healthy,False,,False,1.0,0.016381344374644502,0.06291462988826815,0.20002447197676207,0.9231508165225744,0.9979975349609043,0.9604793337018523
0258_FV.png,FV,opaque/periphery/40%,opaque,periphery,0.4,0.4457812088359505,0.05660022564874013,0.0,0.9433997743512599,0.42887622643919493,0.2551634856091447,0.0613759092823866,0.15513704608938547,0.13313220146648044,0.12229399441340782,0.25846479420109403,74.15,Degraded,False,,False,0.5,0.016119153240274662,0.06028500349162011,0.19279089027934854,0.8845661223182837,0.9820241142327059,0.9257450551390932
0258_FV.png,FV,opaque/periphery/60%,opaque,periphery,0.6,0.6374609814706892,0.03530413655775276,0.0,0.9646958634422472,0.6223826250788353,0.40429415739835833,0.03918542953245628,0.29373254189944137,0.2717276972765363,0.2608894902234637,0.4166941136537726,58.33,Degraded,False,,False,0.5,0.01425654464307032,0.05517850907821229,0.1751108811219148,0.8096381684277938,0.8685487640969658,0.8408490259304902
0267_MVL.png,MVL,baseline,baseline,,0.0,0.032151626764886435,0.5641251099108152,0.0,0.4358748900891848,0.01999947497657588,0.03399196249355313,0.3509367125634046,0.09471387987012987,0.060741426542207794,0.04400872564935065,0.04049400185792182,95.95,Healthy,False,,False,1.0,0.015490244093768374,0.030831473214285716,0.1366936410326374,1.0,1.0,1.0
0267_MVL.png,MVL,transparent/centre/10%,transparent,centre,0.1,0.1297534813091661,0.8919945219123506,0.0,0.1080054780876494,0.052208086976188166,0.10189889986093377,0.06633730413452889,0.3609476461038961,0.14859856939935062,0.04400872564935065,0.10567152381087683,89.43,Healthy,False,,False,1.0,0.004161856476306448,0.013988940746753246,0.1178933293990979,0.45372274784039485,0.26867597767427925,0.862463890115776
0267_MVL.png,MVL,transparent/centre/25%,transparent,centre,0.25,0.2661303350457174,0.9473412650236737,0.0,0.05265873497632633,0.09721244870925011,0.1735184374276089,0.036514461045286856,0.6493379667207793,0.24376737520292208,0.04400872564935065,0.17872621592222654,82.13,Healthy,False,,False,1.0,0.0033518461897927405,0.008890523538961038,0.09468828787931861,0.288358700123406,0.21638433645736846,0.6927044093931959
0267_MVL.png,MVL,transparent/centre/40%,transparent,centre,0.4,0.40929210687861456,0.965760183138617,0.0,0.03423981686138301,0.14445583341410617,0.22700037934325057,0.06991408098774067,0.8248655641233766,0.30169148234577925,0.04400872564935065,0.23211345676551873,76.79,Degraded,False,,False,0.5,0.0024635587304800625,0.0068359375,0.09210596021466802,0.22171945701357465,0.15903937443252664,0.6738130575706628
0267_MVL.png,MVL,transparent/centre/60%,transparent,centre,0.6,0.6023957222706859,0.9767360785207632,0.0,0.023263921479236782,0.20818002649348974,0.2818804034710534,0.04036693743291005,0.9536957183441559,0.3442054332386364,0.04400872564935065,0.2847003022848175,71.53,Degraded,False,,False,0.5,0.0009507519307750896,0.003614549512987013,0.08822891648242714,0.11723570547099958,0.06137746603732158,0.6454500430006201
0267_MVL.png,MVL,transparent/periphery/10%,transparent,periphery,0.1,0.13215243449323125,0.8939551372165515,0.0,0.10604486278344845,0.05299974152692967,0.04369104050028303,0.0882926437549932,0.09471387987012987,0.060741426542207794,0.04400872564935065,0.05330380522504693,94.67,Healthy,False,,False,1.0,0.015490244093768374,0.030831473214285716,0.1366936410326374,1.0,1.0,1.0
0267_MVL.png,MVL,transparent/periphery/25%,transparent,periphery,0.25,0.2821516267648864,0.9503313628100711,0.0,0.04966863718992886,0.10249947497657588,0.06682871680737476,0.05601468432190859,0.09830306412337662,0.061925857345779226,0.04400872564935065,0.07556880047349689,92.44,Healthy,False,,False,1.0,0.015489513605592404,0.030831473214285716,0.13736636649894818,1.0,0.9999528420487407,1.0049214101053183
0267_MVL.png,MVL,transparent/periphery/40%,transparent,periphery,0.4,0.4297235953604084,0.9673881375525126,0.0,0.032611862447487386,0.15119822461309812,0.10116190366293785,0.0434843938130058,0.12723214285714285,0.07147245332792208,0.04400872564935065,0.10429701981397962,89.57,Healthy,False,,False,1.0,0.015345457087806715,0.030742694805194804,0.13860098833124485,0.9971205265322911,0.9906530197274357,1.013953445706754
0267_MVL.png,MVL,transparent/periphery/60%,transparent,periphery,0.6,0.625795612419631,0.9776059682998606,0.0,0.0223940317001394,0.21590199024264162,0.15757140941333345,0.04326089661985442,0.24415330762987014,0.11005643770292209,0.04400872564935065,0.15606459497796135,84.39,Healthy,False,,False,1.0,0.01253511236331672,0.024084314123376624,0.14058101689590596,0.7811600164541341,0.8092262644434064,1.0284386006101074
0267_MVL.png,MVL,opaque/centre/10%,opaque,centre,0.1,0.1297534813091661,0.1250933764940239,0.0,0.8749066235059761,0.11887850957965818,0.24273355762941481,0.07533291784711764,0.3609476461038961,0.3309859476461039,0.3162286931818182,0.24087799922116346,75.91,Degraded,False,,False,0.5,0.0040160579605080056,0.012048498376623376,0.11529351405761884,0.39078568490333193,0.25926369760200485,0.8434446049329464
0267_MVL.png,MVL,opaque/centre/25%,opaque,centre,0.25,0.2661303350457174,0.04124681316013112,0.0,0.9587531868398689,0.258775726147782,0.46665025129036364,0.05081122030684438,0.6493379667207793,0.6304313362418831,0.6211191152597403,0.4698003277281969,53.02,Unreliable,True,,False,0.0,0.003230820153680452,0.008915888798701298,0.09749996660957942,0.2891814068284656,0.20857128745829065,0.7132736085821287
0267_MVL.png,MVL,opaque/centre/40%,opaque,centre,0.4,0.40929210687861456,0.014909614777391854,0.0,0.9850903852226082,0.40520350715647313,0.6338213445578706,0.07723221119170841,0.8248655641233766,0.8158753551136364,0.8114473417207793,0.6380575975597578,36.19,Unreliable,True,,False,0.0,0.0023309764874942006,0.006113027597402597,0.07354813207796444,0.19827231591937472,0.15048029413764613,0.5380508670509688
0267_MVL.png,MVL,opaque/centre/60%,opaque,centre,0.6,0.6023957222706859,0.0033454457689161827,0.0,0.9966545542310838,0.6010454831830958,0.803119855483034,0.0424107168394926,0.9536957183441559,0.9511889965503247,0.9499543425324676,0.8017252002199688,19.83,Unreliable,True,,False,0.0,0.0008036861025516722,0.002130681818181818,0.03710576446313431,0.06910736322501028,0.051883372378553415,0.27145201622272114
0267_MVL.png,MVL,opaque/periphery/10%,opaque,periphery,0.1,0.13215243449323125,0.1372471120347167,0.0,0.8627528879652833,0.12000028270492069,0.06338310796849222,0.0905969663686164,0.09471387987012987,0.060741426542207794,0.04400872564935065,0.07931158781890699,92.07,Healthy,False,,False,1.0,0.015490244093768374,0.030831473214285716,0.1366936410326374,1.0,1.0,1.0
0267_MVL.png,MVL,opaque/periphery/25%,opaque,periphery,0.25,0.2821516267648864,0.06428295378097133,0.0,0.9357170462190286,0.2699994749765759,0.13349727859604293,0.02908960622454296,0.09830306412337662,0.06433061079545455,0.0475979099025974,0.14678127038996747,85.32,Healthy,False,,False,1.0,0.015489632809605778,0.030831473214285716,0.1358838875736498,1.0,0.9999605374738516,0.9940761439020104
0267_MVL.png,MVL,opaque/periphery/40%,opaque,periphery,0.4,0.4297235953604084,0.03745195154271966,0.0,0.9625480484572804,0.41894062388937353,0.23853851899054362,0.015177971947777967,0.12723214285714285,0.09468724634740261,0.07865767045454546,0.2351186414029362,76.49,Degraded,False,,False,0.5,0.015338372216095079,0.030869521103896104,0.13388193324337128,1.0012340600575895,0.9901956433511341,0.9794305882261576
0267_MVL.png,MVL,opaque/periphery/60%,opaque,periphery,0.6,0.625795612419631,0.023155557850172957,0.0,0.976844442149827,0.6160868792607671,0.41040206179562927,0.024720915273356316,0.24415330762987014,0.21410663555194806,0.1993075284090909,0.3935893365376981,60.64,Degraded,False,,False,0.5,0.012456421058523764,0.025986708603896104,0.11617974980731209,0.8428630193336075,0.8041462086149374,0.8499279771146974
0265_MVL.png,MVL,baseline,baseline,,0.0,0.03227682465833091,0.5653153153153153,0.0,0.4346846846846847,0.02005161384123292,0.03407422598068597,0.35114910042647035,0.0951070413961039,0.06090515929383117,0.04405945616883117,0.040599815664108134,95.94,Healthy,False,,False,1.0,0.013151173377833263,0.026037439123376624,0.12574615949788198,1.0,1.0,1.0
0265_MVL.png,MVL,transparent/centre/10%,transparent,centre,0.1,0.12729394849924072,0.8897807671563184,0.0,0.11021923284368158,0.05140726470873317,0.1036423981166939,0.13318220595682334,0.3839158887987013,0.15621207893668834,0.04405945616883117,0.10899973042230346,89.1,Healthy,False,,False,1.0,0.006160084239595332,0.018288352272727272,0.11636735992578418,0.702386751095957,0.4684056747345721,0.925414822929397
0265_MVL.png,MVL,transparent/centre/25%,transparent,centre,0.25,0.26572243223159187,0.9471996352306407,0.0,0.05280036476935938,0.09708866434040904,0.17934330506812612,0.10479476012756543,0.7097326501623377,0.2637316101866883,0.04405945616883117,0.18842223489723586,81.16,Healthy,False,,False,1.0,0.0023415035953139366,0.007711038961038961,0.09672249359461135,0.2961519727228446,0.17804522288943572,0.7691884506122074
0265_MVL.png,MVL,transparent/centre/40%,transparent,centre,0.4,0.40886401085586893,0.9656848219048183,0.0,0.03431517809518165,0.14432538528642047,0.23080978636958932,0.1138182773985112,0.8657797280844156,0.315227145900974,0.04405945616883117,0.23863140985719256,76.14,Degraded,False,,False,0.5,0.0012925090009339322,0.00291700487012987,0.0906938315849584,0.11203117389186555,0.09828088823712862,0.7212453401925648
0265_MVL.png,MVL,transparent/centre/60%,transparent,centre,0.6,0.6045806274433783,0.9767934321538554,0.0,0.023206567846144596,0.20891186876029855,0.28441708595394444,0.08460152232997865,0.9490031452922078,0.3426908735795455,0.04405945616883117,0.28507503584609106,71.49,Degraded,False,,False,0.5,0.0005527884746837315,0.0011287540584415585,0.08880469600145773,0.04335119337554798,0.04203339571322774,0.7062219343800596
0265_MVL.png,MVL,transparent/periphery/10%,transparent,periphery,0.1,0.13227763238667573,0.8939333801483833,0.0,0.10606661985161664,0.05305188039158671,0.04569012694975014,0.24496529399627776,0.0951070413961039,0.06090515929383117,0.04405945616883117,0.05398466591993352,94.6,Healthy,False,,False,1.0,0.013151173377833263,0.026037439123376624,0.12574615949788198,1.0,1.0,1.0
0265_MVL.png,MVL,transparent/periphery/25%,transparent,periphery,0.25,0.2817962262931731,0.9502113937656754,0.0,0.049788606234324614,0.10239301638073084,0.06923949017638369,0.12309848700624468,0.1053038758116883,0.06427011465097403,0.04405945616883117,0.07719779782752398,92.28,Healthy,False,,False,1.0,0.012878254556732142,0.025745738636363636,0.12737266783001885,0.9887968826108134,0.9792475687712295,1.0129348549381683
0265_MVL.png,MVL,transparent/periphery/40%,transparent,periphery,0.4,0.4306969080158961,0.9674243276696298,0.0,0.0325756723303702,0.15153024134922943,0.10153017263024332,0.09472542569718408,0.15178571428571427,0.0796091213474026,0.04405945616883117,0.10776177273280285,89.22,Healthy,False,,False,1.0,0.01169640633681405,0.02251166801948052,0.12793643571455954,0.8645884072089625,0.8893811982228695,1.0174182354787102
0265_MVL.png,MVL,transparent/periphery/60%,transparent,periphery,0.6,0.6269789344447675,0.9776224677123256,0.0,0.02237753228767432,0.21630331007075698,0.16017887798295916,0.083262691282602,0.2951755275974026,0.12692775974025974,0.04405945616883117,0.16371576031221874,83.63,Healthy,False,,False,1.0,0.010453217994108832,0.019518567370129872,0.13204087217745894,0.7496346809547005,0.794850595744413,1.0500588861299018
0265_MVL.png,MVL,opaque/centre/10%,opaque,centre,0.1,0.12729394849924072,0.11412164091500365,0.0,0.8858783590849963,0.11756086233078092,0.24998115596467307,0.09408434633468682,0.3839158887987013,0.3575400771103896,0.3445490056818182,0.253278636332792,74.67,Degraded,False,,False,0.5,0.006044371798243393,0.018224939123376624,0.1258301757551269,0.69995129079396,0.45960703464159186,1.000668141735544
0265_MVL.png,MVL,opaque/centre/25%,opaque,centre,0.25,0.26572243223159187,0.027783266205638726,0.0,0.9722167337943612,0.2607760653936868,0.4885321922618731,0.09575234550063058,0.7097326501623377,0.6983886718750001,0.6928013392857143,0.504147946046668,49.59,Unreliable,True,,False,0.0,0.002233818488207088,0.00870028409090909,0.11011043097565294,0.334145153433999,0.16985697200010022,0.8756564130096363
0265_MVL.png,MVL,opaque/centre/40%,opaque,centre,0.4,0.40886401085586893,0.014490606294079299,0.0,0.9855093937059207,0.40489447029175146,0.646039244622131,0.12028353149801274,0.8657797280844156,0.8574863027597402,0.8534014813311688,0.6582746355780609,34.17,Unreliable,True,,False,0.0,0.001178024761924247,0.005035004058441558,0.07425849226447778,0.19337554797856793,0.08957563922850006,0.5905428250135032
0265_MVL.png,MVL,opaque/centre/60%,opaque,centre,0.6,0.6045806274433783,0.0040414431626129765,0.0,0.995958556837387,0.6029435640205486,0.8105162509872019,0.08304367480006522,0.9490031452922078,0.9459695870535714,0.9444754464285714,0.8024257793237537,19.76,Unreliable,True,,False,0.0,0.0004303751691183953,0.0010019277597402597,0.03980673066063148,0.038480272771553824,0.03272522966230579,0.31656418629073096
0265_MVL.png,MVL,opaque/periphery/10%,opaque,periphery,0.1,0.13227763238667573,0.13794156260495222,0.0,0.8620584373950477,0.12005242156957772,0.06927392588694103,0.24900037031705388,0.0951070413961039,0.06090515929383117,0.04405945616883117,0.0811599679544881,91.88,Healthy,False,,False,1.0,0.013151261202403496,0.026012073863636364,0.12573356773189354,0.9990258158792011,1.0000066780786558,0.9998998636138176
0265_MVL.png,MVL,opaque/periphery/25%,opaque,periphery,0.25,0.2817962262931731,0.06304550340379793,0.0,0.9369544965962021,0.2698930163807308,0.1408450076023494,0.12268614484891756,0.1053038758116883,0.07117846996753248,0.05437043425324675,0.15169279518193704,84.83,Healthy,False,,False,1.0,0.012869612889544193,0.025859882305194804,0.12321468560921496,0.9931807111544081,0.9785904664017546,0.9798683800859169
0265_MVL.png,MVL,opaque/periphery/40%,opaque,periphery,0.4,0.4306969080158961,0.03897078129102434,0.0,0.9610292187089756,0.41945122936254076,0.23916041315816713,0.08585371531573029,0.15178571428571427,0.11862900771103896,0.10229809253246754,0.24503509584062796,75.5,Degraded,False,,False,0.5,0.011685759018133948,0.022524350649350648,0.12056660586188929,0.8650754992693619,0.888571588435651,0.9588094486807771
0265_MVL.png,MVL,opaque/periphery/60%,opaque,periphery,0.6,0.6269789344447675,0.022493478050822892,0.0,0.9775065219491771,0.6175299667215922,0.4194044347410304,0.07178932105079137,0.2951755275974026,0.26699827516233765,0.25311992694805197,0.4178796305037218,58.21,Degraded,False,,False,0.5,0.010402588810379292,0.0213575487012987,0.1125701941797719,0.8202630297126157,0.7910008112213925,0.8952177516138613
0264_MVL.png,MVL,baseline,baseline,,0.0,0.03227682465833091,0.5653153153153153,0.0,0.4346846846846847,0.02005161384123292,0.03407422598068597,0.35114910042647035,0.0951070413961039,0.06090515929383117,0.04405945616883117,0.040599815664108134,95.94,Healthy,False,,False,1.0,0.01328295845366893,0.027305702110389612,0.13172948271609355,1.0,1.0,1.0
0264_MVL.png,MVL,transparent/centre/10%,transparent,centre,0.1,0.11814238635262189,0.881242949441083,0.0,0.11875705055891704,0.04838724920034894,0.09805981819030189,0.14830961336255308,0.36475243506493504,0.14988813920454547,0.04405945616883117,0.10388937589901344,89.61,Healthy,False,,False,1.0,0.006640535450848541,0.01847859172077922,0.12718438496077908,0.676730143985137,0.4999289483597185,0.9654967311675384
0264_MVL.png,MVL,transparent/centre/25%,transparent,centre,0.25,0.2602702659041711,0.9460935681588952,0.0,0.053906431841104815,0.09528944945236019,0.1725577063476282,0.09878078074308431,0.7113687094155844,0.2642715097402597,0.04405945616883117,0.1860627506361004,81.39,Healthy,False,,False,1.0,0.00427500302693967,0.009955864448051948,0.1087660109655611,0.36460752438457966,0.32184118032522024,0.8256770521142647
0264_MVL.png,MVL,transparent/centre/40%,transparent,centre,0.4,0.4089286291234532,0.9656902443360262,0.0,0.03430975566397377,0.14434670931472324,0.22977071649220887,0.11076150809784714,0.8939732142857143,0.3245309963474026,0.04405945616883117,0.2420476262810407,75.8,Degraded,False,,False,0.5,0.00229151590133763,0.005301339285714286,0.09474812210596655,0.19414770088248956,0.17251547607639192,0.7192628419423001
0264_MVL.png,MVL,transparent/centre/60%,transparent,centre,0.6,0.6088737035960066,0.9769570581446253,0.0,0.023042941855374695,0.21032858389066592,0.28487507304825643,0.09873680503493837,0.980570211038961,0.353108005275974,0.04405945616883117,0.2898042991920663,71.02,Degraded,False,,False,0.5,0.0012575323754577018,0.0025745738636363635,0.09467115305293262,0.09428704133766837,0.09467261226811673,0.7186785456143489
0264_MVL.png,MVL,transparent/periphery/10%,transparent,periphery,0.1,0.13227763238667573,0.8939333801483833,0.0,0.10606661985161664,0.0530518803915867,0.04412937901300896,0.2230733284215897,0.0951070413961039,0.06090515929383117,0.04405945616883117,0.053516441538911164,94.65,Healthy,False,,False,1.0,0.01328295845366893,0.027305702110389612,0.13172948271609355,1.0,1.0,1.0
0264_MVL.png,MVL,transparent/periphery/25%,transparent,periphery,0.25,0.2822768246583309,0.950296162760752,0.0,0.049703837239248004,0.10255161384123293,0.06586006309265437,0.08974509989010615,0.09993912337662338,0.0624997463474026,0.04405945616883117,0.07552340161912724,92.45,Healthy,False,,False,1.0,0.013275535270806558,0.027305702110389612,0.13227167818975763,1.0,0.9994411498847742,1.0041159766400407
0264_MVL.png,MVL,transparent/periphery/40%,transparent,periphery,0.4,0.43227601692998613,0.9675433269491288,0.0,0.03245667305087121,0.15205134729087916,0.09744982743824275,0.10138990041465834,0.1436434659090909,0.07692217938311688,0.04405945616883117,0.10561922417198333,89.44,Healthy,False,,False,1.0,0.013219378201789247,0.02651937905844156,0.13662261473830523,0.9712029725963771,0.9952133967668836,1.037145306588332
0264_MVL.png,MVL,transparent/periphery/60%,transparent,periphery,0.6,0.627108170979936,0.9776270793485191,0.0,0.0223729206514809,0.21634595812736263,0.15429731579035774,0.08437891790930695,0.2900897930194805,0.12524946732954545,0.04405945616883117,0.16129276910713428,83.87,Healthy,False,,False,1.0,0.01163196958934315,0.020786830357142856,0.1405769865406751,0.761263353460288,0.8757062389313011,1.067164188624728
0264_MVL.png,MVL,opaque/centre/10%,opaque,centre,0.1,0.11814238635262189,0.100092298225823,0.0,0.899907701774177,0.11021954056411748,0.23700647439073047,0.08211523335503036,0.36475243506493504,0.3440613585633117,0.33387023133116883,0.24179234791177906,75.82,Degraded,False,,False,0.5,0.0065545275059617665,0.018364448051948052,0.1319127829789462,0.6725499303297724,0.49345388896788417,1.001391490037562
0264_MVL.png,MVL,opaque/centre/25%,opaque,centre,0.25,0.2602702659041711,0.027604934440220344,0.0,0.9723950655597796,0.2554564876740655,0.4681499714428227,0.08709322246497839,0.7113687094155844,0.7004411018668831,0.6950588474025974,0.4972583784818197,50.27,Unreliable,True,,False,0.0,0.004179656356853544,0.010577313311688312,0.10667268260931756,0.3873664653971203,0.31466306029881974,0.8097859371331549
0264_MVL.png,MVL,opaque/centre/40%,opaque,centre,0.4,0.4089286291234532,0.014646334959606534,0.0,0.9853536650403935,0.4049157943200543,0.6428259497369787,0.12598757197493662,0.8939732142857143,0.8855608258928573,0.8814174107142857,0.6685468535742529,33.15,Unreliable,True,,False,0.0,0.002165319427598259,0.005567674512987013,0.07338560007572703,0.20390153274500697,0.16301484606391803,0.5570932077057449
0264_MVL.png,MVL,opaque/centre/60%,opaque,centre,0.6,0.6088737035960066,0.009743834653294597,0.0,0.9902561653467054,0.604898751251979,0.8098698094382806,0.11756982469829884,0.980570211038961,0.9722767857142858,0.9681919642857143,0.8133412824927921,18.67,Unreliable,True,,False,0.0,0.0011413779165799385,0.002625304383116883,0.03588998872034299,0.09614491407338596,0.08592798965389181,0.27245221024433786
0264_MVL.png,MVL,opaque/periphery/10%,opaque,periphery,0.1,0.13227763238667573,0.13794156260495222,0.0,0.8620584373950477,0.12005242156957772,0.06454438668469505,0.1943068086605637,0.0951070413961039,0.06090515929383117,0.04405945616883117,0.0797411061938143,92.03,Healthy,False,,False,1.0,0.01328295845366893,0.027305702110389612,0.13172948271609355,1.0,1.0,1.0
0264_MVL.png,MVL,opaque/periphery/25%,opaque,periphery,0.25,0.2822768246583309,0.06464074169456606,0.0,0.935359258305434,0.27005161384123294,0.1303949445018023,0.09601995729207864,0.09993912337662338,0.06573724127435066,0.04889153814935065,0.14642886401265082,85.36,Healthy,False,,False,1.0,0.013275460774606767,0.02731838474025974,0.13147462001092156,1.0004644681839294,0.9994355414805884,0.998065256919582
0264_MVL.png,MVL,opaque/periphery/40%,opaque,periphery,0.4,0.43227601692998613,0.04221049189517448,0.0,0.9577895081048255,0.42005080611288814,0.22612150312479745,0.12299731248094734,0.1436434659090909,0.10944158380681818,0.09259588068181818,0.23762832629403297,76.24,Degraded,False,,False,0.5,0.013223631581354282,0.028256899350649352,0.1261353022557008,1.0348351137947052,0.9955336100371329,0.9575328138769856
0264_MVL.png,MVL,opaque/periphery/60%,opaque,periphery,0.6,0.627108170979936,0.025483490793871598,0.0,0.9745165092061284,0.6164009644276437,0.4010839802706352,0.08775260966433614,0.2900897930194805,0.2603915127840909,0.2457640016233766,0.40940208852312,59.06,Degraded,False,,False,0.5,0.01159539776062068,0.020951704545454544,0.11400343298865433,0.7673014398513701,0.8729529495304471,0.8654359725556441
0263_MVL.png,MVL,baseline,baseline,,0.0,0.03233740428419114,0.566129636568003,0.0,0.43387036343199703,0.020071605117766796,0.0341044755127362,0.35124158779791426,0.09529728084415584,0.06096793831168832,0.04405945616883117,0.04063999951382623,95.94,Healthy,False,,False,1.0,0.01233470672268158,0.026836444805194804,0.12921774424764812,1.0,1.0,1.0
0263_MVL.png,MVL,transparent/centre/10%,transparent,centre,0.1,0.1252867435624051,0.8880149571272,0.0,0.11198504287279995,0.0507448870795774,0.09734898361439519,0.20715400951156987,0.3833198051948052,0.15601537134740262,0.04405945616883117,0.10683430974715283,89.32,Healthy,False,,False,1.0,0.008142668528447692,0.021738027597402596,0.13945195983755965,0.8100189035916824,0.6601428563740886,1.0792013175086657
0263_MVL.png,MVL,transparent/centre/25%,transparent,centre,0.25,0.2622168912151465,0.946493754524312,0.0,0.05350624547568808,0.09593183580498207,0.17559031507558887,0.1655785881008058,0.7359095982142857,0.2723700030438312,0.04405945616883117,0.19040464648170374,80.96,Healthy,False,,False,1.0,0.003949639066413855,0.012961647727272728,0.12735811357385038,0.48298676748582237,0.32020534863233446,0.9856085502449746
0263_MVL.png,MVL,transparent/centre/40%,transparent,centre,0.4,0.4039893702949824,0.9652707660625206,0.0,0.034729233937479384,0.1427167539013279,0.23779805542974639,0.0793421837937695,0.9267451298701299,0.33534572849025973,0.04405945616883117,0.2482927341954262,75.17,Degraded,False,,False,0.5,0.001588402017448735,0.007698356331168831,0.09412350752237694,0.28686200378071836,0.128775012909542,0.7284100807547573
0263_MVL.png,MVL,transparent/centre/60%,transparent,centre,0.6,0.6000008077283449,0.9766162958974186,0.0,0.023383704102581362,0.20740052825433752,0.2898741668947418,0.02269451672994083,0.9999746347402597,0.3595114650974026,0.04405945616883117,0.2929869945836848,70.7,Degraded,False,,False,0.5,0.00013917367801299628,0.00015219155844155844,0.08405155689382271,0.005671077504725898,0.011283095832110693,0.650464511535942
0263_MVL.png,MVL,transparent/periphery/10%,transparent,periphery,0.1,0.13233821201253596,0.89398193359375,0.0,0.10601806640625,0.05307187166812058,0.045410107365076044,0.2809130163429863,0.1136236810064935,0.06701565036525974,0.04405945616883117,0.05635085385606288,94.36,Healthy,False,,False,1.0,0.011695013363595606,0.024896002435064936,0.13096881461025436,0.9276937618147448,0.9481387459411841,1.0135513150519815
0263_MVL.png,MVL,transparent/periphery/25%,transparent,periphery,0.25,0.27872281994119735,0.9496623873416988,0.0,0.050337612658301216,0.10137879228457886,0.07498724151882862,0.13679223280982922,0.1816786728896104,0.08947379768668831,0.04405945616883117,0.08869932921569756,91.13,Healthy,False,,False,1.0,0.011118933607856082,0.023095068993506492,0.14020191236682902,0.860586011342155,0.9014347773190357,1.0850051065597426
0263_MVL.png,MVL,transparent/periphery/40%,transparent,periphery,0.4,0.4210364770120513,0.966676898284925,0.0,0.033323101715075014,0.14834229911796068,0.10677503655863343,0.12980291465453636,0.24358258928571427,0.10990209009740261,0.04405945616883117,0.12049603674193927,87.95,Healthy,False,,False,1.0,0.01004810733099199,0.02066000405844156,0.14661730248523552,0.7698487712665407,0.8146206924008258,1.1346530102262182
0263_MVL.png,MVL,transparent/periphery/60%,transparent,periphery,0.6,0.6183079706633066,0.9773086519745523,0.0,0.02269134802544775,0.21344189202287486,0.15890664727976445,0.10233414672348484,0.3379413555194805,0.14104048295454544,0.04405945616883117,0.16812075497260998,83.19,Healthy,False,,False,1.0,0.009512731990557367,0.018186891233766232,0.15303529170101526,0.6776937618147447,0.77121671430298,1.184321027982971
0263_MVL.png,MVL,opaque/centre/10%,opaque,centre,0.1,0.1252867435624051,0.1223325381986977,0.0,0.8776674618013023,0.1150178911828374,0.2290890756586484,0.1648383068218067,0.3833198051948052,0.3552615158279221,0.34144176136363635,0.24533669638361458,75.47,Degraded,False,,False,0.5,0.00807075278053188,0.021852171266233768,0.1230603017147799,0.8142722117202269,0.6543124990309691,0.9523483205134167
0263_MVL.png,MVL,opaque/centre/25%,opaque,centre,0.25,0.2622168912151465,0.02880157715588276,0.0,0.9711984228441173,0.2571568769991277,0.475601946813079,0.14515533052860544,0.7359095982142857,0.7242087307224027,0.7184456168831169,0.509511139432623,49.05,Unreliable,True,,False,0.0,0.0038597211528577113,0.013139204545454546,0.09860008934067571,0.4896030245746692,0.3129155187581633,0.7630537888953306
0263_MVL.png,MVL,opaque/centre/40%,opaque,centre,0.4,0.4039893702949824,0.006757905049434675,0.0,0.9932420949505654,0.40216018868534137,0.6693216170073534,0.06004221200379309,0.9267451298701299,0.9247057629870129,0.9237012987012987,0.6913268469026137,30.87,Unreliable,True,,False,0.0,0.0014646015600094993,0.008941254058441558,0.07151280682540367,0.3331758034026465,0.11873825563410666,0.5534286892390576
0263_MVL.png,MVL,opaque/centre/60%,opaque,centre,0.6,0.6000008077283449,0.0,0.0,1.0,0.6000008077283449,0.8284470568856618,0.007763514804379645,0.9999746347402597,0.9999746347402597,0.9999746347402597,0.8285242132803059,17.15,Unreliable,True,,False,0.0,2.1384313258597214e-05,0.00019023944805194806,0.0089908526336319,0.007088846880907373,0.0017336701827920104,0.06957908672667099
0263_MVL.png,MVL,opaque/periphery/10%,opaque,periphery,0.1,0.13233821201253596,0.138336181640625,0.0,0.861663818359375,0.12007241284611159,0.06836396597437208,0.2765130607308233,0.1136236810064935,0.07929433847402598,0.06238585633116883,0.0882486490357555,91.18,Healthy,False,,False,1.0,0.011685760033865771,0.025149655032467532,0.1259844104435254,0.9371455576559546,0.9473885595007704,0.9749776331188232
0263_MVL.png,MVL,opaque/periphery/25%,opaque,periphery,0.25,0.27872281994119735,0.054380270669719184,0.0,0.9456197293302808,0.2685676149397434,0.16038770108900557,0.11108037261413793,0.1816786728896104,0.15369685978084416,0.13991477272727273,0.19016533872096236,80.98,Healthy,False,,False,1.0,0.011113279421105375,0.023145799512987012,0.12196493389154078,0.8624763705103969,0.9009763807898089,0.9438714056004012
0263_MVL.png,MVL,opaque/periphery/40%,opaque,periphery,0.4,0.4210364770120513,0.02575490158462188,0.0,0.9742450984153781,0.41377116248263385,0.2593739675827794,0.11322265699532401,0.24358258928571427,0.22081815645292208,0.20960582386363635,0.2902708016007928,70.97,Degraded,False,,False,0.5,0.01001342410594235,0.02130681818181818,0.1155513383640012,0.7939508506616256,0.8118088521334068,0.8942373900487304
0263_MVL.png,MVL,opaque/periphery/60%,opaque,periphery,0.6,0.6183079706633066,0.015996289958066075,0.0,0.9840037100419339,0.6116812461632904,0.41842732069294875,0.0894080196759,0.3379413555194805,0.3171313159496753,0.3068815949675325,0.4358850964367419,56.41,Degraded,False,,False,0.5,0.009486180625042239,0.01963271103896104,0.10561597902886308,0.7315689981096409,0.7690641405846034,0.8173488838069187
0262_MVL.png,MVL,baseline,baseline,,0.0,0.032393945268327354,0.5668869218301957,0.0,0.43311307816980427,0.020090263642531744,0.03413309705165696,0.35131482444008816,0.09547483766233766,0.06102653206168831,0.04405945616883117,0.04067762103293193,95.93,Healthy,False,,False,1.0,0.01849174095696617,0.03737571022727273,0.14159712918510353,1.0,1.0,1.0
0262_MVL.png,MVL,transparent/centre/10%,transparent,centre,0.1,0.13189396142289425,0.8936248392430645,0.0,0.10637516075693551,0.052925268973538823,0.10696329154730394,0.04880695726079968,0.36495535714285715,0.14995510349025973,0.04405945616883117,0.10794860955235672,89.21,Healthy,False,,False,1.0,0.010679990887579089,0.02821885146103896,0.1312682805682042,0.7550050899219545,0.5775546452026057,0.9270546749334381
0262_MVL.png,MVL,transparent/centre/25%,transparent,centre,0.25,0.264696617233692,0.9469950107566256,0.0,0.05300498924337438,0.09675014539110206,0.17200199803262128,0.053854822652094465,0.6014737215909091,0.22800616375811691,0.04405945616883117,0.1718281085303638,82.82,Healthy,False,,False,1.0,0.0061628003152628275,0.018098112824675324,0.11007297013805198,0.4842212419409569,0.33327312607313975,0.7773672444598686
0262_MVL.png,MVL,transparent/centre/40%,transparent,centre,0.4,0.4108106361668444,0.9658474243020055,0.0,0.03415257569799449,0.14496777163904237,0.22606538152777397,0.07272310880861549,0.8017197646103896,0.2940873579545455,0.04405945616883117,0.22894488913186312,77.11,Degraded,False,,False,0.5,0.0029744119287108007,0.006480823863636364,0.10482170086337624,0.17339667458432304,0.1608508325761662,0.7402812575836023
0262_MVL.png,MVL,transparent/centre/60%,transparent,centre,0.6,0.6088333171787664,0.9769555296115474,0.0,0.02304447038845256,0.21031525637297666,0.2867136316941535,0.06436172309079147,0.9776658887987013,0.3521495789366883,0.04405945616883117,0.2899684979948144,71.0,Degraded,False,,False,0.5,0.0012280866539978801,0.002840909090909091,0.09608180930243247,0.07600950118764846,0.06641271132100939,0.6785576081618792
0262_MVL.png,MVL,transparent/periphery/10%,transparent,periphery,0.1,0.13239475299667217,0.8940272100542981,0.0,0.1059727899457019,0.053090530192885524,0.045148959077007264,0.2872356860251505,0.09547483766233766,0.06102653206168831,0.04405945616883117,0.05388245960564316,94.61,Healthy,False,,False,1.0,0.01849173817287638,0.03737571022727273,0.1415980230845195,1.0,0.9999998494414455,1.0000063129769727
0262_MVL.png,MVL,transparent/periphery/25%,transparent,periphery,0.25,0.28239394526832734,0.9503167770261574,0.0,0.04968322297384266,0.10259026364253174,0.06831219841232869,0.18333922445766013,0.10458096590909091,0.06403155438311689,0.04405945616883117,0.07688336036970489,92.31,Healthy,False,,False,1.0,0.018438313837299308,0.037084009740259744,0.14278461578322044,0.992195453003054,0.9971107577273985,1.0083863748153012
0262_MVL.png,MVL,transparent/periphery/40%,transparent,periphery,0.4,0.43239313753998254,0.9675521183591123,0.0,0.032447881640887695,0.15208999709217796,0.09774713703435797,0.09308430009766294,0.12278053977272728,0.07003741375811688,0.04405945616883117,0.10296610574120753,89.7,Healthy,False,,False,1.0,0.01802522433735085,0.03617086038961039,0.14388821688329398,0.9677638276213099,0.9747716226016258,1.0161803259103892
0262_MVL.png,MVL,transparent/periphery/60%,transparent,periphery,0.6,0.6323826370715001,0.9778136834777722,0.0,0.022186316522227828,0.21808653193757876,0.1559552296032082,0.032221035086582035,0.2139940137987013,0.10013786018668831,0.04405945616883117,0.15226767253691142,84.77,Healthy,False,,False,1.0,0.016298166799985605,0.030818790584415584,0.14856653901018835,0.8245673566338649,0.8813754658317228,1.0492199938317537
0262_MVL.png,MVL,opaque/centre/10%,opaque,centre,0.1,0.13189396142289425,0.13543389062404312,0.0,0.8645661093759569,0.11992581015152984,0.25553926943982824,0.05496126410207932,0.36495535714285715,0.3315607244318182,0.3151126217532468,0.24526381365013472,75.47,Degraded,False,,False,0.5,0.010577695881136297,0.028079342532467532,0.14789440802910986,0.7512724804886325,0.5720227157492973,1.044473209875422
0262_MVL.png,MVL,opaque/centre/25%,opaque,centre,0.25,0.264696617233692,0.041363421369829574,0.0,0.9586365786301704,0.25736094956544214,0.46174639815251134,0.01826556517887015,0.6014737215909091,0.582626572646104,0.573343648538961,0.4487828333738276,55.12,Unreliable,True,,False,0.0,0.006031999474322921,0.01863078327922078,0.13289433244804355,0.498473023413641,0.3261996525021923,0.938538324984801
0262_MVL.png,MVL,opaque/centre/40%,opaque,centre,0.4,0.4108106361668444,0.018973653165552495,0.0,0.9810263468344474,0.40558826855352004,0.6294095649052722,0.05149592525942925,0.8017197646103896,0.7895090553977273,0.783494825487013,0.6263029721967286,37.37,Unreliable,True,,False,0.0,0.0028028958087266114,0.008078835227272728,0.08715201745774807,0.21615201900237532,0.1515755501469271,0.615492827851179
0262_MVL.png,MVL,opaque/centre/60%,opaque,centre,0.6,0.6088333171787664,0.009678146890256846,0.0,0.9903218531097432,0.6048854237342897,0.8154711136875645,0.053139511747007075,0.9776658887987013,0.9694574370941559,0.9654144683441559,0.8138899360642187,18.61,Unreliable,True,,False,0.0,0.0010410388121824357,0.0021814123376623375,0.03562657470069874,0.058364438411944344,0.0562975013875185,0.25160520489173005
0262_MVL.png,MVL,opaque/periphery/10%,opaque,periphery,0.1,0.13239475299667217,0.1387041669208712,0.0,0.8612958330791288,0.12009107137087655,0.06751449712847604,0.27191311579089533,0.09547483766233766,0.06102653206168831,0.04405945616883117,0.0806922833744811,91.93,Healthy,False,,False,1.0,0.018491724170254523,0.03737571022727273,0.14157521982888208,1.0,0.99999909220491,0.9998452697710218
0262_MVL.png,MVL,opaque/periphery/25%,opaque,periphery,0.25,0.28239394526832734,0.06502867439898173,0.0,0.9349713256010183,0.2700902636425318,0.1377061314779349,0.15797684563156342,0.10458096590909091,0.07013266030844155,0.053165584415584416,0.15039198265951664,84.96,Healthy,False,,False,1.0,0.01843663859708135,0.03719815340909091,0.1409583101316825,0.9952494061757721,0.9970201637578067,0.9954884745397209
0262_MVL.png,MVL,opaque/periphery/40%,opaque,periphery,0.4,0.43239313753998254,0.04246992453112157,0.0,0.9575300754688785,0.4200894559141869,0.22690291518105396,0.0702958395790674,0.12278053977272728,0.08833223417207792,0.07136515827922078,0.2294306049974034,77.06,Degraded,False,,False,0.5,0.018018295520390616,0.036475243506493504,0.13942709647566132,0.9759077027485578,0.9743969246769489,0.9846745995350977
0262_MVL.png,MVL,opaque/periphery/60%,opaque,periphery,0.6,0.6323826370715001,0.029019753102188614,0.0,0.9709802468978114,0.6200870731155699,0.40329715845923336,0.012129889535039838,0.2139940137987013,0.17954570819805193,0.16257863230519481,0.37883355275166175,62.12,Degraded,False,,False,0.5,0.016273748016871488,0.033900669642857144,0.12802459264112478,0.9070240922972514,0.8800549420816365,0.9041468098817457
0261_MVL.png,MVL,baseline,baseline,,0.0,0.032414138476947435,0.5667829553949664,0.0,0.43321704460503363,0.020105045071241643,0.0341577846087388,0.3513521150316906,0.0955382508116883,0.06107295048701298,0.04409750405844156,0.04070802909879932,95.93,Healthy,False,,False,1.0,0.021741457343806263,0.040115158279220776,0.14941454004065266,1.0,1.0,1.0
0261_MVL.png,MVL,transparent/centre/10%,transparent,centre,0.1,0.11752851281057154,0.8805195697742345,0.0,0.11948043022576543,0.0481927886013376,0.09787213032927143,0.1725719410076157,0.36278662743506496,0.1492649147727273,0.04409750405844156,0.10352544158827362,89.65,Healthy,False,,False,1.0,0.015107157205776213,0.03311434659090909,0.14447132954251668,0.8254821372115081,0.6948548557201462,0.9669161348233509
0261_MVL.png,MVL,transparent/centre/25%,transparent,centre,0.25,0.2595877354528125,0.9459051590018047,0.0,0.05409484099819528,0.09507233207327713,0.17628145414962415,0.06827722388144512,0.686713676948052,0.256160841112013,0.04409750405844156,0.18387047231167558,81.61,Healthy,False,,False,1.0,0.0043668165794404174,0.016297179383116884,0.12179940217318914,0.4062598798608916,0.20085206388818466,0.8151777072033953
0261_MVL.png,MVL,transparent/centre/40%,transparent,centre,0.4,0.40345223094568833,0.9651944983883561,0.0,0.03480550161164388,0.14254761558592613,0.22590543328767812,0.03632362268117515,0.8341238839285714,0.30480620941558445,0.04409750405844156,0.23245839842831506,76.75,Degraded,False,,False,0.5,0.0027991638224735913,0.01277140827922078,0.10642418959317489,0.31836863736958587,0.12874775495539728,0.7122746525486678
0261_MVL.png,MVL,transparent/centre/60%,transparent,centre,0.6,0.6002794740073019,0.9766069674502469,0.0,0.023393032549753084,0.20750060579625862,0.2785451801524946,0.04849029596476582,0.9418501420454546,0.34035587459415584,0.04409750405844156,0.28195608562228835,71.8,Degraded,False,,False,0.5,0.00042454795159899264,0.006087662337662338,0.09653363885163059,0.15175466329434084,0.01952711563376125,0.6460792826813625
0261_MVL.png,MVL,transparent/periphery/10%,transparent,periphery,0.1,0.13241494620529223,0.8939518711684509,0.0,0.10604812883154908,0.05310531162159542,0.04338693869825606,0.2931228814579237,0.0955382508116883,0.06107295048701298,0.04409750405844156,0.05337685529076064,94.66,Healthy,False,,False,1.0,0.021741450317612834,0.040115158279220776,0.14942096672718622,1.0,0.9999996768296937,1.0000430124573674
0261_MVL.png,MVL,transparent/periphery/25%,transparent,periphery,0.25,0.281767955801105,0.9501633986928104,0.0,0.049836601307189546,0.10239180478821362,0.0644500738923547,0.17414113971022702,0.1036424512987013,0.06374733664772728,0.04409750405844156,0.07555149826326141,92.44,Healthy,False,,False,1.0,0.021732515171029147,0.040165888798701296,0.15064604058186534,1.0012646221941195,0.9995887040764696,1.008242173357945
0261_MVL.png,MVL,transparent/periphery/40%,transparent,periphery,0.4,0.42722367613324286,0.967131135143311,0.0,0.0328688648566891,0.15039219249781913,0.09578027582878992,0.08551317932149385,0.13682021103896103,0.07469599736201299,0.04409750405844156,0.1037301394427879,89.63,Healthy,False,,False,1.0,0.02119963372605206,0.039506392045454544,0.15227739321770478,0.984824533670566,0.9750787810961274,1.0191604724431318
0261_MVL.png,MVL,transparent/periphery/60%,transparent,periphery,0.6,0.6168177118671448,0.9772341860419436,0.0,0.022765813958056425,0.2129582242900068,0.14960479421064646,0.05683604425589878,0.25948660714285715,0.11517590807629871,0.04409750405844156,0.15483926878071547,84.52,Healthy,False,,False,1.0,0.018528499875067092,0.03561282467532467,0.15833034192308182,0.8877647802718938,0.8522197745104477,1.0596715813601765
0261_MVL.png,MVL,opaque/centre/10%,opaque,centre,0.1,0.11752851281057154,0.10034019449503453,0.0,0.8996598055049655,0.10962731414170786,0.23603025897017502,0.12886049909690833,0.36278662743506496,0.34216352982954545,0.3320058847402597,0.24056268386538304,75.94,Degraded,False,,False,0.5,0.01497558144910962,0.03293678977272727,0.14267009708293318,0.8210559595320899,0.6888030186888959,0.9548608659111459
0261_MVL.png,MVL,opaque/centre/25%,opaque,centre,0.25,0.2595877354528125,0.025608314145248615,0.0,0.9743916858547513,0.2551338405867339,0.4800148010618298,0.04589627920069893,0.686713676948052,0.6769162185470778,0.6720906047077922,0.49131107991340023,50.87,Unreliable,True,,False,0.0,0.0041897448909661815,0.014382102272727272,0.11258153431890572,0.35852039203288016,0.19270763797992418,0.7534844620093505
0261_MVL.png,MVL,opaque/centre/40%,opaque,centre,0.4,0.40345223094568833,0.007357504654747843,0.0,0.9926424953452522,0.401463401828697,0.6329060342720659,0.03227601527684723,0.8341238839285714,0.8300536475243506,0.8280489042207793,0.6423322898399692,35.77,Unreliable,True,,False,0.0,0.002593526049244742,0.011008522727272728,0.09386340466251225,0.274423016123933,0.1192894297853308,0.6282079684947256
0261_MVL.png,MVL,opaque/centre/60%,opaque,centre,0.6,0.6002794740073019,0.00046422756569829246,0.0,0.9995357724343017,0.6000927676004008,0.7939480518069324,0.04563222160151771,0.9418501420454546,0.9418501420454546,0.9418501420454546,0.7949523026403817,20.5,Unreliable,True,,False,0.0,0.0002033105644772442,0.004058441558441558,0.06558710604319433,0.10116977552956054,0.009351285024835908,0.4389606662467348
0261_MVL.png,MVL,opaque/periphery/10%,opaque,periphery,0.1,0.13241494620529223,0.1387440143959496,0.0,0.8612559856040504,0.12010585279958645,0.06212491821333654,0.28625380956153873,0.0955382508116883,0.06107295048701298,0.04409750405844156,0.07909841149868209,92.09,Healthy,False,,False,1.0,0.021741499139771202,0.040115158279220776,0.1493689610528858,1.0,1.0000019224086167,0.9996949494489997
0261_MVL.png,MVL,opaque/periphery/25%,opaque,periphery,0.25,0.281767955801105,0.06292282995069373,0.0,0.9370771700493062,0.2698890988982585,0.12625884588832248,0.15880424808102644,0.1036424512987013,0.06928761668019481,0.05236657873376623,0.14655943010805222,85.34,Healthy,False,,False,1.0,0.021735456261092422,0.04007711038961039,0.1485626634895221,0.9990515333544104,0.9997239797397689,0.9942985699323588
0261_MVL.png,MVL,opaque/periphery/40%,opaque,periphery,0.4,0.42722367613324286,0.03627202601527641,0.0,0.9637279739847235,0.41684117637556134,0.2225901624069128,0.06406652132201852,0.13682021103896103,0.10547344257305195,0.09003398944805195,0.234018778663963,76.6,Degraded,False,,False,0.5,0.02117633300527444,0.039544439935064936,0.14841402321939257,0.9857730003161557,0.9740070626547572,0.9933037519575546
0261_MVL.png,MVL,opaque/periphery/60%,opaque,periphery,0.6,0.6168177118671448,0.013762939585802303,0.0,0.9862370604141977,0.611129931181545,0.39244620476131337,0.04126339513730695,0.25948660714285715,0.24162515219155845,0.23282771915584416,0.3977229016594809,60.23,Degraded,False,,False,0.5,0.018472645324355785,0.03948102678571429,0.14067255951290794,0.9841922225735062,0.8496507401615512,0.941491768302026
0266_MVL.png,MVL,baseline,baseline,,0.0,0.032470679461083646,0.5675373134328359,0.0,0.4324626865671642,0.020123703596006595,0.03418600553895004,0.3514389637513701,0.09571580762987013,0.06113154423701299,0.04409750405844156,0.040745530435292186,95.93,Healthy,False,,False,1.0,0.012276698457846352,0.024781858766233768,0.1254657651793563,1.0,1.0,1.0
0266_MVL.png,MVL,transparent/centre/10%,transparent,centre,0.1,0.12458805854415043,0.8872897014489934,0.0,0.11271029855100652,0.05052243869341864,0.10417603836394346,0.08218954366524961,0.35936231737012986,0.1481348924512987,0.04409750405844156,0.10566350009772812,89.43,Healthy,False,,False,1.0,0.004432012985761712,0.01455965909090909,0.11405278692663716,0.5875127942681678,0.3610101690596708,0.909035120166812
0266_MVL.png,MVL,transparent/centre/25%,transparent,centre,0.25,0.2635456043423476,0.946717543214417,0.0,0.05328245678558294,0.0963784288068237,0.17546521321443653,0.06874878516664924,0.6335354099025974,0.238612012987013,0.04409750405844156,0.17699789780118327,82.3,Healthy,False,,False,1.0,0.003784108105258777,0.011820211038961038,0.09491458232246322,0.4769703172978505,0.30823499642448715,0.7564978557041483
0266_MVL.png,MVL,transparent/centre/40%,transparent,centre,0.4,0.40942134341378306,0.9657019412878788,0.0,0.034298058712121215,0.14451742270039739,0.23604870378200624,0.08978908242449327,0.8867948457792207,0.3221876268262987,0.04409750405844156,0.24304488867524057,75.7,Degraded,False,,False,0.5,0.0022331784546004182,0.006087662337662338,0.08748246946451288,0.24564994882292732,0.1819038288077473,0.6972616740467379
0266_MVL.png,MVL,transparent/centre/60%,transparent,centre,0.6,0.6053560466543892,0.9768031436176955,0.0,0.023196856382304475,0.20917587476979746,0.2877716788357389,0.08403910202788584,0.9806209415584416,0.35315023843344157,0.04409750405844156,0.2903443614550375,70.97,Degraded,False,,False,0.5,0.000942135987702453,0.003246753246753247,0.08608508496394726,0.13101330603889458,0.0767418040719498,0.6861240980030416
0266_MVL.png,MVL,transparent/periphery/10%,transparent,periphery,0.1,0.13247148718942844,0.8939971342337124,0.0,0.10600286576628762,0.05312397014636038,0.04440603479988847,0.2218970154470722,0.09571580762987013,0.06113154423701299,0.04409750405844156,0.05371161917867985,94.63,Healthy,False,,False,1.0,0.012276698457846352,0.024781858766233768,0.1254657651793563,1.0,1.0,1.0
0266_MVL.png,MVL,transparent/periphery/25%,transparent,periphery,0.25,0.2824706794610837,0.9502873809728061,0.0,0.04971261902719396,0.1026237035960066,0.06670119188239647,0.12307607799499054,0.09717431006493507,0.061612850040584415,0.04409750405844156,0.07544260865975469,92.46,Healthy,False,,False,1.0,0.012223774580580743,0.024743810876623376,0.12574080784377112,0.9984646878198566,0.9956890789940528,1.002192173012468
0266_MVL.png,MVL,transparent/periphery/40%,transparent,periphery,0.4,0.4302001550838422,0.9673585490185034,0.0,0.03264145098149661,0.15137443055151692,0.09964478669173121,0.08691687452005385,0.13915381493506493,0.07546608664772728,0.04409750405844156,0.10549219983206534,89.45,Healthy,False,,False,1.0,0.011654601248561871,0.024173092532467532,0.13030395824105095,0.9754350051177072,0.9493269944341687,1.0385618583266787
0266_MVL.png,MVL,transparent/periphery/60%,transparent,periphery,0.6,0.6250928887596523,0.9775355670702555,0.0,0.022464432929744538,0.21568903266453426,0.15856991196815817,0.0362754399885651,0.2392578125,0.10850040584415585,0.04409750405844156,0.15567784572747007,84.43,Healthy,False,,False,1.0,0.008832777593129773,0.020304890422077924,0.1369298386900331,0.8193449334698055,0.7194749975702562,1.091372124453939
0266_MVL.png,MVL,opaque/centre/10%,opaque,centre,0.1,0.12458805854415043,0.11825342798794126,0.0,0.8817465720120587,0.114716971987981,0.2512780335487415,0.02675008254255776,0.35936231737012986,0.3325531402191559,0.31934862012987014,0.2428197577486791,75.72,Degraded,False,,False,0.5,0.004353089008201911,0.01455965909090909,0.12086062909692474,0.5875127942681678,0.3545814066500705,0.9632956761085513
0266_MVL.png,MVL,opaque/centre/25%,opaque,centre,0.25,0.2635456043423476,0.0371306853009685,0.0,0.9628693146990315,0.2569892329811638,0.4737531352332266,0.03452585022297134,0.6335354099025974,0.6171355012175324,0.6090579342532467,0.4660769109513301,53.39,Unreliable,True,,False,0.0,0.003708820799305686,0.012467025162337662,0.11135059411423641,0.5030706243602866,0.30210245955298215,0.8874978282327303
0266_MVL.png,MVL,opaque/centre/40%,opaque,centre,0.4,0.40942134341378306,0.015792692550505052,0.0,0.9842073074494949,0.4050892135956835,0.6609375741728989,0.0885999150134582,0.8867948457792207,0.8771503398944805,0.8724000608766234,0.670668172288367,32.93,Unreliable,True,,False,0.0,0.002120398275965353,0.008953936688311688,0.07429345207802601,0.3613101330603889,0.17271730532813992,0.5921412265076593
0266_MVL.png,MVL,opaque/centre/60%,opaque,centre,0.6,0.6053560466543892,0.005503999573023064,0.0,0.994496000426977,0.6031236874414397,0.8202299022071479,0.09543523196012611,0.9806209415584416,0.9767376471185064,0.9748249797077922,0.8177011357419788,18.23,Unreliable,True,,False,0.0,0.0008340646805320976,0.003246753246753247,0.04662597907551848,0.13101330603889458,0.06793884230324364,0.3716231197320284
0266_MVL.png,MVL,opaque/periphery/10%,opaque,periphery,0.1,0.13247148718942844,0.13911161245083992,0.0,0.8608883875491601,0.1201245113243514,0.06515579117815741,0.2593302842452228,0.09571580762987013,0.06113154423701299,0.04409750405844156,0.08003670844555784,92.0,Healthy,False,,False,1.0,0.012276698457846352,0.024781858766233768,0.1254657651793563,1.0,1.0,1.0
0266_MVL.png,MVL,opaque/periphery/25%,opaque,periphery,0.25,0.2824706794610837,0.06523977009522175,0.0,0.9347602299047783,0.27012370359600657,0.13271687324636344,0.12893953631982105,0.09717431006493507,0.06259004667207793,0.045556006493506496,0.1458881917215422,85.41,Healthy,False,,False,1.0,0.012222361905836952,0.024743810876623376,0.1250542265236126,0.9984646878198566,0.9955740093970726,0.9967199127574331
0266_MVL.png,MVL,opaque/periphery/40%,opaque,periphery,0.4,0.4302001550838422,0.03814271364331916,0.0,0.9618572863566809,0.4192061241963103,0.23421741879677016,0.07305541539448819,0.13915381493506493,0.10788352272727275,0.09248173701298701,0.23918047198883324,76.08,Degraded,False,,False,0.5,0.011647240111297434,0.024109679383116884,0.12285622156175993,0.9728761514841351,0.9487273920826316,0.979201150099663
0266_MVL.png,MVL,opaque/periphery/60%,opaque,periphery,0.6,0.6250928887596523,0.021941102740699582,0.0,0.9780588972593004,0.6159036864721656,0.414794189955577,0.01913354439447943,0.2392578125,0.21266106939935067,0.1995611810064935,0.39427379068806306,60.57,Degraded,False,,False,0.5,0.008767882893104338,0.021395596590909092,0.10901898890578197,0.8633572159672467,0.7141889917073397,0.8689142313039477
0678_MVL.png,MVL,baseline,baseline,,0.0,0.07679073374042841,0.4012832649626591,0.0,0.5987167350373409,0.056144793383089406,0.1155167968393807,0.311906777944059,0.24114752435064934,0.17631265219155845,0.14437905844155843,0.12202353794336442,87.8,Healthy,False,,False,1.0,0.021511857215552807,0.09349634740259741,0.1507190839291558,1.0,1.0,1.0
0678_MVL.png,MVL,transparent/centre/10%,transparent,centre,0.1,0.16096410455235696,0.7143717382577278,0.0,0.2856282617422722,0.08392200575102582,0.1740742223026731,0.18275840624717182,0.47633421266233766,0.2539242593344156,0.14437905844155843,0.17896857214987594,82.1,Healthy,False,,False,1.0,0.017127861910231645,0.0810546875,0.14310296318168855,0.8669289202387411,0.7962056338793664,0.9494681061686445
0678_MVL.png,MVL,transparent/centre/25%,transparent,centre,0.25,0.27083535265419534,0.8302441061123454,0.0,0.16975589388765452,0.1201795176246325,0.2267740029597656,0.05870808697879412,0.6897321428571429,0.3243455762987013,0.14437905844155843,0.23382428669479993,76.62,Degraded,False,,False,0.5,0.01284768120617286,0.05941812094155844,0.11939385171916712,0.6355127509495387,0.5972371923742663,0.7921614742250368
0678_MVL.png,MVL,transparent/centre/40%,transparent,centre,0.4,0.412030305967497,0.8884162239516967,0.0,0.1115837760483033,0.16677385221802205,0.2774331726856013,0.03346333055023597,0.8424056412337663,0.37472783076298705,0.14437905844155843,0.2831532397762818,71.68,Degraded,False,,False,0.5,0.008099748356902246,0.03792106331168831,0.10829044534326902,0.40558871405317415,0.37652482887652433,0.7184919289595072
0678_MVL.png,MVL,transparent/centre/60%,transparent,centre,0.6,0.6002027398145455,0.9233993876795747,0.0,0.07660061232042525,0.22887075538754809,0.3311605060178477,0.05310242661260404,0.978515625,0.4196441254058442,0.14437905844155843,0.33586702858395645,66.41,Degraded,False,,False,0.5,0.0025796595944144697,0.012137276785714286,0.09301800261024705,0.1298155181768855,0.11991803257923299,0.6171614117159134
0678_MVL.png,MVL,transparent/periphery/10%,transparent,periphery,0.1,0.1767915414687732,0.7399428897772702,0.0,0.26005711022272987,0.0891450599334432,0.12653695402590556,0.18966091755640052,0.24225091314935066,0.17667677049512986,0.14437905844155843,0.1353753123858566,86.46,Healthy,False,,False,1.0,0.021293675346465694,0.09319196428571429,0.15082337496354287,0.9967444384156267,0.9898575996065384,1.000691956397745
0678_MVL.png,MVL,transparent/periphery/25%,transparent,periphery,0.25,0.32679073374042844,0.8593108903059964,0.0,0.14068910969400367,0.13864479338308938,0.14890190604650905,0.1903792717104848,0.2572544642857143,0.18162794237012986,0.14437905844155843,0.15891518677693145,84.11,Healthy,False,,False,1.0,0.019668081040179985,0.08673650568181818,0.1516760400296555,0.9276994031470428,0.9142902373840696,1.0063492696183685
0678_MVL.png,MVL,transparent/periphery/40%,transparent,periphery,0.4,0.47678992601208364,0.9035720033543119,0.0,0.0964279966456881,0.18814452683273564,0.18193047563285733,0.1335107167471808,0.30424360795454547,0.19713435978084418,0.14437905844155843,0.18987624465201558,81.01,Healthy,False,,False,1.0,0.01812698379449665,0.07906351461038962,0.15247825503494358,0.8456321215409658,0.8426508047566931,1.0116718537555247
0678_MVL.png,MVL,transparent/periphery/60%,transparent,periphery,0.6,0.6765855707408485,0.9320471801728666,0.0,0.06795281982713337,0.254077089593228,0.23787206080704135,0.055508022275319015,0.4244876217532468,0.2368148843344156,0.14437905844155843,0.24231069885384704,75.77,Degraded,False,,False,0.5,0.014619334105077887,0.06854961444805195,0.15369657105095164,0.7331795984807379,0.6795942330124937,1.0197552097861433
0678_MVL.png,MVL,opaque/centre/10%,opaque,centre,0.1,0.16096410455235696,0.13458450421517462,0.0,0.8654154957848254,0.14644971083325253,0.3076844247493762,0.10778538945878835,0.47633421266233766,0.4307543628246753,0.408304586038961,0.30854198580465875,69.15,Degraded,False,,False,0.5,0.01705624669974089,0.08017958603896104,0.1385055469265854,0.8575691806836679,0.7928765298520778,0.9189648936009239
0678_MVL.png,MVL,opaque/centre/25%,opaque,centre,0.25,0.27083535265419534,0.03452080941232609,0.0,0.965479190587674,0.26457121740816125,0.48336309466715616,0.06372426776228408,0.6897321428571429,0.6700607497970779,0.6603718547077922,0.49240459354142635,50.76,Unreliable,True,,False,0.0,0.012721632399036646,0.058872767857142856,0.1282942826543751,0.6296798697775365,0.5913776886655358,0.8512145861679912
0678_MVL.png,MVL,opaque/centre/40%,opaque,centre,0.4,0.412030305967497,0.015761306384897374,0.0,0.9842386936151026,0.4076792349197118,0.6398159931590627,0.07666067350733169,0.8424056412337663,0.8287418831168831,0.8220119724025974,0.6457453216703857,35.43,Unreliable,True,,False,0.0,0.007941052912443965,0.03915127840909091,0.09536782043221496,0.4187466087900163,0.3691477138804492,0.6327521236596805
0678_MVL.png,MVL,opaque/centre/60%,opaque,centre,0.6,0.6002027398145455,0.000336439794098846,0.0,0.9996635602059012,0.600067445316791,0.8086610743687976,0.05766445953986683,0.978515625,0.9780907568993507,0.9778814935064936,0.8138548586654168,18.61,Unreliable,True,,False,0.0,0.0023562452380848533,0.012555803571428572,0.036304734602283666,0.1342919153553988,0.10953239483113142,0.24087682631715296
0678_MVL.png,MVL,opaque/periphery/10%,opaque,periphery,0.1,0.1767915414687732,0.17430039977155912,0.0,0.8256996002284409,0.15614560111143422,0.14891121255612272,0.11692506674884379,0.24225091314935066,0.17741604099025976,0.14548244724025974,0.16248346049637097,83.75,Healthy,False,,False,1.0,0.021284379524322942,0.0933695211038961,0.1501764158573103,0.998643516006511,0.9894254741024684,0.9963994733931598
0678_MVL.png,MVL,opaque/periphery/25%,opaque,periphery,0.25,0.32679073374042844,0.09429531860200702,0.0,0.905704681397993,0.30614479338308936,0.21668379443673938,0.16608308922385204,0.2572544642857143,0.1924195921266234,0.1604859983766234,0.233816413196598,76.62,Degraded,False,,False,0.5,0.01962611081329032,0.08629261363636363,0.14690576425781152,0.9229517091698317,0.9123392097963947,0.9746991583817168
0678_MVL.png,MVL,opaque/periphery/40%,opaque,periphery,0.4,0.47678992601208364,0.0646297974707133,0.0,0.9353702025292867,0.4561439856547446,0.31677036894082505,0.11077289682189033,0.30424360795454547,0.23940873579545457,0.20747514204545456,0.3276378006968527,67.24,Degraded,False,,False,0.5,0.018059816576754376,0.07920302353896104,0.14373882017545028,0.8471242539338035,0.8395284700800892,0.9536869282128431
0678_MVL.png,MVL,opaque/periphery/60%,opaque,periphery,0.6,0.6765855707408485,0.04524019865335944,0.0,0.9547598013466405,0.6560776307712191,0.48651397569841204,0.016299814447830973,0.4244876217532468,0.3600861150568182,0.3283659699675325,0.4868119279636166,51.32,Degraded,False,,False,0.5,0.014493873060092066,0.07076907467532467,0.13538501743902606,0.7569180683667932,0.6737620520097714,0.8982606177639894
0268_MVR.png,MVR,baseline,baseline,,0.0,0.042596632544610394,0.612043898320983,0.0,0.38795610167901695,0.025129056489184027,0.03840330334032863,0.5174258941588243,0.10227272727272728,0.05754261363636365,0.03551136363636364,0.04207675340339925,95.79,Healthy,False,,False,1.0,0.013207246514855305,0.03932883522727273,0.16497010996324807,1.0,1.0,1.0
0268_MVR.png,MVR,transparent/centre/10%,transparent,centre,0.1,0.13858189693061315,0.8807519317264445,0.0,0.11924806827355552,0.056804193736564944,0.11009328639049785,0.17628504709723286,0.40441101866883117,0.15724824979707797,0.03551136363636364,0.11296854395695002,88.7,Healthy,False,,False,1.0,0.011263494468566015,0.034255783279220776,0.1571082382468362,0.8710093518219928,0.8528268519783447,0.9523436595989218
0268_MVR.png,MVR,transparent/centre/25%,transparent,centre,0.25,0.2724490366712216,0.9393441661289377,0.0,0.06065583387106236,0.10098034985096574,0.18394470548627542,0.10001702299887763,0.7373807832792207,0.26712827211850654,0.03551136363636364,0.192328825448575,80.77,Healthy,False,,False,1.0,0.0033719760693172807,0.017134232954545456,0.13217245985223072,0.435665914221219,0.2553125714375464,0.8011903482496072
0268_MVR.png,MVR,transparent/centre/40%,transparent,centre,0.4,0.41653281550915383,0.9603257585204654,0.0,0.03967424147953458,0.14852799686748336,0.2337764968201277,0.044501469496147326,0.8735161323051948,0.31205293729707795,0.03551136363636364,0.2395125230251145,76.05,Degraded,False,,False,0.5,0.0008986591215523819,0.007432021103896104,0.1156673380729253,0.1889712995807804,0.06804288240865226,0.7011411830827633
0268_MVR.png,MVR,transparent/centre/60%,transparent,centre,0.6,0.6023421954786278,0.9725643934117397,0.0,0.027435606588260268,0.20984509225740977,0.2817218420721315,0.034452690955510935,0.9774502840909091,0.34635120738636366,0.03551136363636364,0.28601056325340785,71.4,Degraded,False,,False,0.5,0.00014667964937944029,0.003018465909090909,0.10204681403973312,0.07674943566591422,0.0111059976971322,0.6185775960412891
0268_MVR.png,MVR,transparent/periphery/10%,transparent,periphery,0.1,0.14259743165599853,0.8841099498444899,0.0,0.1158900501555101,0.05812932019594212,0.047871371624523096,0.1283011072113427,0.10227272727272728,0.05754261363636365,0.03551136363636364,0.05481725300068502,94.52,Healthy,False,,False,1.0,0.013207246514855305,0.03932883522727273,0.16497010996324807,1.0,1.0,1.0
0268_MVR.png,MVR,transparent/periphery/25%,transparent,periphery,0.25,0.29259863032308076,0.943521186382816,0.0,0.05647881361718398,0.10762971575607923,0.07066193296639166,0.03830696683922585,0.10227272727272728,0.05754261363636365,0.03551136363636364,0.07650454007128672,92.35,Healthy,False,,False,1.0,0.013206236112042436,0.03932883522727273,0.1649660437551785,1.0,0.9999234963312199,0.9999753518496747
0268_MVR.png,MVR,transparent/periphery/40%,transparent,periphery,0.4,0.44259583343322223,0.9626620445599972,0.0,0.03733795544000289,0.15712879278242592,0.09800460474356434,0.045330995642636235,0.11695921266233766,0.06238915381493507,0.03551136363636364,0.10149568078377111,89.85,Healthy,False,,False,1.0,0.012530751703505982,0.038834212662337664,0.16596431295435168,0.9874234118026444,0.948778512569716,1.0060265643959692
0268_MVR.png,MVR,transparent/periphery/60%,transparent,periphery,0.6,0.6373752387345272,0.9740723791851856,0.0,0.02592762081481435,0.22140599653185658,0.1519076205784297,0.06836623773962348,0.2544135551948052,0.10774908685064936,0.03551136363636364,0.1550937198733456,84.49,Healthy,False,,False,1.0,0.009486040140061752,0.029981737012987012,0.1797499891287037,0.7623347307320218,0.7182451035037472,1.0895912548567028
0268_MVR.png,MVR,opaque/centre/10%,opaque,centre,0.1,0.13858189693061315,0.15915119363395225,0.0,0.8408488063660478,0.123804729141195,0.2618576947862858,0.03835759037574429,0.40441101866883117,0.3682207538555195,0.35039569805194803,0.26298702872045204,73.7,Degraded,False,,False,0.5,0.011211352722884538,0.03473772321428571,0.15042020166853143,0.8832634633989035,0.8488788870771953,0.9118027605245698
0268_MVR.png,MVR,opaque/centre/25%,opaque,centre,0.25,0.2724490366712216,0.044127999061418434,0.0,0.9558720009385816,0.2643938740120986,0.49859433545937315,0.06548372022944937,0.7373807832792207,0.7225273944805194,0.7152115462662337,0.5179074206336493,48.21,Unreliable,True,,False,0.0,0.0032547639355558497,0.014026988636363636,0.10671131568740007,0.3566591422121896,0.24643773642711536,0.6468524250312565
0268_MVR.png,MVR,opaque/centre/40%,opaque,centre,0.4,0.41653281550915383,0.020978618499937648,0.0,0.9790213815000623,0.410678165879542,0.6526914818081876,0.06471375862343667,0.8735161323051948,0.8654521357548701,0.8614803165584416,0.6651917486082669,33.48,Unreliable,True,,False,0.0,0.0007689659792513521,0.005707183441558442,0.0806940627131696,0.145114479200258,0.058223035239512735,0.4891435347357565
0268_MVR.png,MVR,opaque/centre/60%,opaque,centre,0.6,0.6023421954786278,0.003887153157814438,0.0,0.9961128468421856,0.6007734599125772,0.8024105696327286,0.06606954133376652,0.9774502840909091,0.9774502840909091,0.9774502840909091,0.8119353224999554,18.81,Unreliable,True,,False,0.0,2.1679649300594262e-05,0.00019023944805194806,0.0411164919825507,0.004837149306675267,0.0016414965281528842,0.2492360100366703
0268_MVR.png,MVR,opaque/periphery/10%,opaque,periphery,0.1,0.14259743165599853,0.18282944324581804,0.0,0.8171705567541819,0.12512985560057216,0.06709441935303913,0.13882652065896905,0.10227272727272728,0.05754261363636365,0.03551136363636364,0.08068432794062884,91.93,Healthy,False,,False,1.0,0.013207246514855305,0.03932883522727273,0.16497010996324807,1.0,1.0,1.0
0268_MVR.png,MVR,opaque/periphery/25%,opaque,periphery,0.25,0.29259863032308076,0.08910160997391815,0.0,0.9108983900260819,0.2751310542676544,0.13615672644961052,0.07130714035850906,0.10227272727272728,0.05754261363636365,0.03551136363636364,0.14640337966972494,85.36,Healthy,False,,False,1.0,0.013205648749442528,0.03932883522727273,0.1649656711556146,1.0,0.9998790235791404,0.9999730932613523
0268_MVR.png,MVR,opaque/periphery/40%,opaque,periphery,0.4,0.44259583343322223,0.05890477738056549,0.0,0.9410952226194346,0.4251282573777959,0.21901330759255805,0.015808995238512712,0.11695921266233766,0.07222909902597403,0.050197849025974024,0.2221341091014958,77.79,Degraded,False,,False,0.5,0.012515850483252669,0.039087865259740256,0.16294427611648543,0.9938729442115446,0.9476502516383741,0.9877199945662039
0268_MVR.png,MVR,opaque/periphery/60%,opaque,periphery,0.6,0.6373752387345272,0.035982723277812954,0.0,0.9640172767221871,0.6220091258520526,0.38411915963434307,0.039545335856669195,0.2544135551948052,0.21027825689935065,0.18853997564935066,0.38594978840565897,61.41,Degraded,False,,False,0.5,0.009425568798429306,0.030438311688311688,0.1398619380559788,0.7739438890680426,0.7136664548380749,0.847801690179737
0767_MVR.png,MVR,baseline,baseline,,0.0,0.06424056449228457,0.0,0.5016171165567856,0.49838288344321435,0.053284347805240564,0.10778849424380577,0.13530520054961534,0.1985465706168831,0.16559354707792207,0.10162591314935066,0.11455927144588274,88.54,Healthy,False,,False,1.0,0.012771073891357483,0.05099685470779221,0.08902680490777097,1.0,1.0,1.0
0767_MVR.png,MVR,transparent/centre/10%,transparent,centre,0.1,0.15564692062426583,0.5872673597740983,0.207033756898986,0.20569888332691566,0.08344844532879438,0.17121883232203378,0.08001585024026742,0.4637910917207792,0.2531242390422078,0.10162591314935066,0.17764987891213158,82.24,Healthy,False,,False,1.0,0.011600575934275992,0.048599837662337664,0.10853264907936083,0.9529967669733898,0.9083477265076668,1.2191007999421895
0767_MVR.png,MVR,transparent/centre/25%,transparent,centre,0.25,0.27471451745658826,0.7661551887135482,0.11730055995927569,0.1165442513271762,0.1227407522834608,0.23006727352695394,0.01881322720170378,0.679104099025974,0.32417753145292205,0.10162591314935066,0.23551342032429326,76.45,Degraded,False,,False,0.5,0.008956835585741185,0.0388088474025974,0.11176484955917654,0.7610047251927381,0.7013376997060918,1.2554067246933267
0767_MVR.png,MVR,transparent/centre/40%,transparent,centre,0.4,0.4062802163993639,0.8418811404069511,0.07931512642231248,0.07880373317073651,0.16615743293457677,0.27519141780720735,0.05714501679010317,0.8203125,0.3707763037743507,0.10162591314935066,0.28071517673227553,71.93,Degraded,False,,False,0.5,0.007797057875159311,0.03160511363636364,0.0966033749430164,0.6197463317582691,0.6105248424281517,1.0851043687695467
0767_MVR.png,MVR,transparent/centre/60%,transparent,centre,0.6,0.6000327635669136,0.8929382387214916,0.05370401198601631,0.053357749292492096,0.23009577349986815,0.33098369811921774,0.07327585070597908,0.9628018465909091,0.4177977881493507,0.10162591314935066,0.3354429567454661,66.46,Degraded,False,,False,0.5,0.0027232967947894544,0.015891335227272728,0.0665887716822291,0.3116140263616016,0.21323945174511752,0.7479631752617991
0767_MVR.png,MVR,transparent/periphery/10%,transparent,periphery,0.1,0.16424136360367272,0.6088648859047341,0.19620006811657664,0.19493504597868924,0.08628461151199865,0.11753454515756735,0.14400189052246556,0.1985465706168831,0.16559354707792207,0.10162591314935066,0.12738316583203863,87.26,Healthy,False,,False,1.0,0.012771073891357483,0.05099685470779221,0.08902680490777097,1.0,1.0,1.0
0767_MVR.png,MVR,transparent/periphery/25%,transparent,periphery,0.25,0.3142425622707549,0.7955701352863391,0.10254551927576035,0.10188434543790052,0.13578500707213578,0.1370068726438412,0.16141845056800688,0.1985465706168831,0.16559354707792207,0.10162591314935066,0.14807498274596193,85.19,Healthy,False,,False,1.0,0.012771073891357483,0.05099685470779221,0.08902680490777097,1.0,1.0,1.0
0767_MVR.png,MVR,transparent/periphery/40%,transparent,periphery,0.4,0.46423976538089645,0.8616220124108134,0.06941276712941845,0.06896522045976813,0.1852840840984825,0.17023160294469322,0.07762201413310815,0.228515625,0.17548333502435065,0.10162591314935066,0.17684804012269298,82.32,Healthy,False,,False,1.0,0.012537135897197673,0.049411525974025976,0.09326000696376913,0.9689132056702313,0.9816821986819666,1.0475497470720603
0767_MVR.png,MVR,transparent/periphery/60%,transparent,periphery,0.6,0.6608611224318558,0.9027926408261235,0.048760875216899736,0.04844648395697677,0.25016913192529905,0.22601367446140289,0.013751894409325971,0.3336038961038961,0.21016246448863635,0.10162591314935066,0.22691982771146513,77.31,Degraded,False,,False,0.5,0.008725856933609675,0.038580560064935064,0.10441668647180394,0.7565282268092514,0.6832516206420737,1.1728679534211792
0767_MVR.png,MVR,opaque/centre/10%,opaque,centre,0.1,0.15564692062426583,0.0,0.1640354254909511,0.8359645745090489,0.14696617361494016,0.3051900688874633,0.07930290740157121,0.4637910917207792,0.43739676339285716,0.3861607142857143,0.3106055781078639,68.94,Degraded,False,,False,0.5,0.01158197209545896,0.0485744724025974,0.09573057686291853,0.9524993782641133,0.9068910096352023,1.0753006014547244
0767_MVR.png,MVR,opaque/centre/25%,opaque,centre,0.25,0.27471451745658826,0.0,0.03447022034761108,0.965529779652389,0.27149489767378676,0.4941857539651295,0.04867230271945839,0.679104099025974,0.6688844358766234,0.6490462662337663,0.49725796984232423,50.27,Unreliable,True,,False,0.0,0.00889198493448046,0.038377637987012984,0.08240488772516526,0.752549117135041,0.6962597671992092,0.9256188381750213
0767_MVR.png,MVR,opaque/centre/40%,opaque,centre,0.4,0.4062802163993639,0.0,0.007729905687283027,0.992270094312717,0.4052124437625361,0.634605515995182,0.06131917070490956,0.8203125,0.8169231939935067,0.810343952922078,0.6387146655247181,36.13,Unreliable,True,,False,0.0,0.007730801011251037,0.031643161525974024,0.06831309280600029,0.6204924148221835,0.6053368007276718,0.76733173651206
0767_MVR.png,MVR,opaque/centre/60%,opaque,centre,0.6,0.6000327635669136,0.0,5.327118361911104e-05,0.9999467288163809,0.6000218956520349,0.805736365408354,0.06503030919223868,0.9628018465909091,0.9627673498376623,0.962700385551948,0.8068344182531816,19.32,Unreliable,True,,False,0.0,0.0025840315877209224,0.015003551136363636,0.032089412895630665,0.2942054215369311,0.20233471434767936,0.3604466422093246
0767_MVR.png,MVR,opaque/periphery/10%,opaque,periphery,0.1,0.16424136360367272,0.0,0.19620006811657664,0.8037999318834234,0.15328514691662867,0.13732198186126512,0.15025012500714333,0.1985465706168831,0.16559354707792207,0.10162591314935066,0.15341955746453695,84.66,Healthy,False,,False,1.0,0.012771073891357483,0.05099685470779221,0.08902680490777097,1.0,1.0,1.0
0767_MVR.png,MVR,opaque/periphery/25%,opaque,periphery,0.25,0.3142425622707549,0.0,0.10254551927576035,0.8974544807242396,0.30328634558371087,0.1963290348499738,0.17356820203338882,0.1985465706168831,0.16559354707792207,0.10162591314935066,0.21612203296127425,78.39,Degraded,False,,False,0.5,0.012771133421827775,0.05099685470779221,0.08902608670580855,1.0,1.0000046613519582,0.9999919327447148
0767_MVR.png,MVR,opaque/periphery/40%,opaque,periphery,0.4,0.46423976538089645,0.0,0.06941276712941845,0.9305872328705815,0.4532835486938524,0.2970100357616466,0.07165958599790455,0.228515625,0.19556260146103896,0.13159496753246752,0.30331311592106525,69.67,Degraded,False,,False,0.5,0.012524301574116908,0.049221286525974024,0.08942059005847028,0.965182790350659,0.980677246147047,1.004423220075204
0767_MVR.png,MVR,opaque/periphery/60%,opaque,periphery,0.6,0.6608611224318558,0.0,0.044891444325540056,0.95510855567446,0.6507743389351042,0.4672743061552748,0.01284059260994351,0.3336038961038961,0.3034106128246753,0.24480012175324675,0.45677883865698377,54.32,Degraded,False,,False,0.5,0.008624875815196976,0.03792106331168831,0.0835064415275631,0.7435961203680677,0.6753446020724736,0.9379921206211231
0766_MVR.png,MVR,baseline,baseline,,0.0,0.06987429977864615,0.0,0.4904505946935041,0.5095494053064958,0.05822253653936822,0.1175161653357637,0.11975346749050739,0.2125862418831169,0.17841289569805194,0.11207640016233766,0.12408676884176036,87.59,Healthy,False,,False,1.0,0.01627227007002542,0.06711647727272728,0.08300717188400918,1.0,1.0,1.0
0766_MVR.png,MVR,transparent/centre/10%,transparent,centre,0.1,0.15308576862528867,0.5435611003810618,0.2238607297593569,0.23257816985958135,0.08568232125876027,0.17552512840890377,0.09107731453100494,0.46910511363636365,0.2630641233766234,0.11207640016233766,0.18358788425094857,81.64,Healthy,False,,False,1.0,0.01395206975831242,0.057325487012987016,0.1058949441895377,0.8541194255479969,0.8574138518025853,1.2757324672801882
0766_MVR.png,MVR,transparent/centre/25%,transparent,centre,0.25,0.26275581553312716,0.7340713481950062,0.13042486542380097,0.1355037863811928,0.12187343673834698,0.2333086135926576,0.12430963986567924,0.7093141233766234,0.3423330965909091,0.11207640016233766,0.243487853735665,75.65,Degraded,False,,False,0.5,0.008349084519768336,0.035549411525974024,0.10367474293820834,0.5296674225245653,0.5130866488719291,1.2489853657835637
0766_MVR.png,MVR,transparent/centre/40%,transparent,centre,0.4,0.39999920088861185,0.8253139015692581,0.08567490086004535,0.08901119757069653,0.16716375390565694,0.2882538135970631,0.11327262130011413,0.8831676136363636,0.39970474837662345,0.11207640016233766,0.2965071696014654,70.35,Degraded,False,,False,0.5,0.005112204716517448,0.019822950487012988,0.08255076850432255,0.29535147392290245,0.3141666586479818,0.9945016392038464
0766_MVR.png,MVR,transparent/centre/60%,transparent,centre,0.6,0.6000007991113882,0.8835429888057962,0.057116410396425316,0.059340600797778476,0.23316428131917308,0.33831786299761335,0.07085906726740758,0.9606077516233766,0.4252599939123377,0.11207640016233766,0.34154864085997105,65.85,Degraded,False,,False,0.5,0.0023364053485021674,0.012822138798701298,0.06900061051238755,0.19104308390022673,0.14358201642719645,0.8312608289896466
0766_MVR.png,MVR,transparent/periphery/10%,transparent,periphery,0.1,0.16987509889003427,0.5886724997647944,0.20173581710414903,0.20959168313105656,0.09122280024612632,0.1281115241538997,0.02518042912472476,0.2125862418831169,0.17841289569805194,0.11207640016233766,0.1371654555992286,86.28,Healthy,False,,False,1.0,0.01627227007002542,0.06711647727272728,0.08300717188400918,1.0,1.0,1.0
0766_MVR.png,MVR,transparent/periphery/25%,transparent,periphery,0.25,0.3198762975571165,0.7815583701816183,0.10713482725024358,0.1113068025681381,0.14072319580626344,0.15081384219665192,0.09170159670581446,0.2352627840909091,0.1858961546266234,0.11207640016233766,0.16181957325152396,83.82,Healthy,False,,False,1.0,0.01210617021435917,0.05730012175324675,0.08092976645476316,0.8537414965986394,0.7439754971040902,0.9749731814481175
0766_MVR.png,MVR,transparent/periphery/40%,transparent,periphery,0.4,0.4688146780779773,0.8509553922989074,0.07309901648286089,0.07594559121823172,0.1898728613781475,0.1847617978063229,0.12322530744326998,0.277635450487013,0.19987913453733766,0.11207640016233766,0.19234205157027617,80.77,Healthy,False,,False,1.0,0.009709130414058294,0.04780083198051948,0.0851046682851289,0.7122071050642479,0.5966672364873752,1.0252688575398121
0766_MVR.png,MVR,transparent/periphery/60%,transparent,periphery,0.6,0.661788091642094,0.8944159004051174,0.05178378443648834,0.053800315158394264,0.25355408785430605,0.24146367626826581,0.09295781783291347,0.4088118912337662,0.24316735998376626,0.11207640016233766,0.24577227323027806,75.42,Degraded,False,,False,0.5,0.008017898809346443,0.040521002435064936,0.09885046629862738,0.6037414965986394,0.49273388254020767,1.190866572791529
0766_MVR.png,MVR,opaque/centre/10%,opaque,centre,0.1,0.15308576862528867,0.0,0.18056063057890065,0.8194393694210993,0.14368773923397185,0.29874426744396315,0.07448605542594117,0.46910511363636365,0.44208553165584413,0.38963575487012986,0.30956381466571814,69.04,Degraded,False,,False,0.5,0.013902299426615597,0.05695769074675325,0.08600647273503101,0.8486394557823128,0.8543552538637209,1.0361330326397933
0766_MVR.png,MVR,opaque/centre/25%,opaque,centre,0.25,0.26275581553312716,0.0,0.04002311365226118,0.9599768863477388,0.2591802715380497,0.4847747626018329,0.12712922444515204,0.7093141233766234,0.6999611911525974,0.6818054991883117,0.5031709867030036,49.68,Unreliable,True,,False,0.0,0.008220540459655982,0.03572696834415585,0.06876933597707102,0.532312925170068,0.5051870712740167,0.8284746295557025
0766_MVR.png,MVR,opaque/centre/40%,opaque,centre,0.4,0.39999920088861185,0.0,0.0,1.0,0.39999920088861185,0.6577665695130114,0.11260768327227014,0.8831676136363636,0.8831676136363636,0.8831676136363636,0.6705967765750325,32.94,Unreliable,True,,False,0.0,0.004995972301132542,0.019911728896103896,0.043883677409520275,0.2966742252456538,0.30702368382733813,0.5286733232020183
0766_MVR.png,MVR,opaque/centre/60%,opaque,centre,0.6,0.6000007991113882,0.0,0.0,1.0,0.6000007991113882,0.8094758101207395,0.06595702870771988,0.9606077516233766,0.9606077516233766,0.9606077516233766,0.807086083418989,19.29,Unreliable,True,,False,0.0,0.0021830071189046043,0.01165533685064935,0.028568597498313014,0.17365835222978077,0.13415504471781384,0.3441702307149267
0766_MVR.png,MVR,opaque/periphery/10%,opaque,periphery,0.1,0.16987509889003427,0.0,0.20173581710414903,0.798264182895851,0.15822333565075639,0.14962331326950915,0.10100013787294491,0.2125862418831169,0.17841289569805194,0.11207640016233766,0.16371915295530043,83.63,Healthy,False,,False,1.0,0.01627227007002542,0.06711647727272728,0.08300717188400918,1.0,1.0,1.0
0766_MVR.png,MVR,opaque/periphery/25%,opaque,periphery,0.25,0.3198762975571165,0.0,0.10713482725024358,0.8928651727497564,0.3082245343178386,0.21841821642936446,0.08375864938525797,0.2352627840909091,0.2010894379058442,0.13475294237012986,0.2384286003864986,76.16,Degraded,False,,False,0.5,0.012028412725362167,0.05710988230519481,0.07139818759894358,0.850907029478458,0.7391969696667758,0.8601448040985239
0766_MVR.png,MVR,opaque/periphery/40%,opaque,periphery,0.4,0.4688146780779773,0.0,0.07084050658803075,0.9291594934119692,0.45752291451905486,0.321728562741359,0.12899248413526726,0.277635450487013,0.24460480925324674,0.18048650568181818,0.33161736687942284,66.84,Degraded,False,,False,0.5,0.009631732952353545,0.047610592532467536,0.06851017856809832,0.7093726379440665,0.5919108342539019,0.8253525209102611
0766_MVR.png,MVR,opaque/periphery/60%,opaque,periphery,0.6,0.661788091642094,0.0,0.041815843652456365,0.9581841563475436,0.6523791943358985,0.4960516246428443,0.09162683292480349,0.4088118912337662,0.38175781250000007,0.32924107142857145,0.4972323706936229,50.28,Degraded,False,,False,0.5,0.007921937323182799,0.03983614042207792,0.06724862981899361,0.5935374149659863,0.4868366422811235,0.8101544516293616
0347_MVR.png,MVR,baseline,baseline,,0.0,0.10449979622659603,0.0,0.44765619025770437,0.5523438097422957,0.08859460280168452,0.14501794660836853,0.25801740227417397,0.27052049512987014,0.2356701501623377,0.1680194805194805,0.164351824887951,83.56,Healthy,False,,False,1.0,0.028626292560917997,0.15014965503246752,0.10565360316610044,1.0,1.0,1.0
0347_MVR.png,MVR,transparent/centre/10%,transparent,centre,0.1,0.19161891976122553,0.45464781683973476,0.24413028066224612,0.3012219024980191,0.11734391356811226,0.20499556601268923,0.19737890011917525,0.481838474025974,0.305405083198052,0.1680194805194805,0.21886387715346123,78.11,Degraded,False,,False,0.5,0.0235100555578101,0.12261566558441558,0.10641000656987111,0.8166230255933778,0.8212748999116696,1.0071592769304945
0347_MVR.png,MVR,transparent/centre/25%,transparent,centre,0.25,0.3078057200393163,0.6605007983176915,0.15197891922063425,0.18752028246167426,0.1556855576598822,0.2661439514859194,0.10079467938313083,0.7089209618506493,0.3803423041801948,0.1680194805194805,0.27868577441581843,72.13,Degraded,False,,False,0.5,0.019326376176043672,0.09679383116883117,0.10411999958036801,0.6446490413041642,0.675126760998348,0.9854846068683392
0347_MVR.png,MVR,transparent/centre/40%,transparent,centre,0.4,0.42828774402864017,0.7560056348014292,0.1092255879691392,0.13476877722943156,0.1954446255763591,0.308769503873431,0.08307645906375276,0.8160765016233766,0.4157036323051948,0.1680194805194805,0.31754569175701497,68.25,Degraded,False,,False,0.5,0.01451449791685564,0.06711647727272728,0.09374643955719722,0.4469972126024158,0.507033800691031,0.8872999760340999
0347_MVR.png,MVR,transparent/centre/60%,transparent,centre,0.6,0.6109725984705008,0.8289615663808833,0.07656641358157906,0.09447202003753769,0.25573062754217313,0.3597020257259693,0.07380003316511562,0.955078125,0.4615741680194805,0.1680194805194805,0.3692594631882349,63.07,Degraded,False,,False,0.5,0.002423944370787473,0.01166801948051948,0.06960558047541797,0.07770926598530281,0.08467545581144376,0.658809339100243
0347_MVR.png,MVR,transparent/periphery/10%,transparent,periphery,0.1,0.20325797712943208,0.4858760393937607,0.23015077352519117,0.28397318708104813,0.12118480249962042,0.15757275132369028,0.22657858291215172,0.27357700892857145,0.2366787997159091,0.1680194805194805,0.17829878603335686,82.17,Healthy,False,,False,1.0,0.028523250396294744,0.14990868506493507,0.10571986141269234,0.9983951347242167,0.996400436263132,1.000627127183611
0347_MVR.png,MVR,transparent/periphery/25%,transparent,periphery,0.25,0.3495393122847394,0.7010356416177043,0.1338332456962575,0.16513111268603828,0.16945764310087186,0.1801967522828509,0.2194056464556525,0.28012124594155846,0.23883839793019482,0.1680194805194805,0.20043167778719476,79.96,Degraded,False,,False,0.5,0.028296348367447374,0.14902090097402598,0.10591188714023991,0.9924824731818567,0.9884740857458755,1.0024446300589809
0347_MVR.png,MVR,transparent/periphery/40%,transparent,periphery,0.4,0.4964399587658524,0.7895016418775352,0.09423089305260447,0.11626746506986028,0.21793485643963914,0.21162960338810594,0.16682458755931953,0.2956574675324675,0.24396535105519482,0.1680194805194805,0.22645547837040142,77.35,Degraded,False,,False,0.5,0.0273846589008619,0.1441888189935065,0.1048392522353511,0.9603007010727258,0.9566261101603065,0.9922922559539301
0347_MVR.png,MVR,transparent/periphery/60%,transparent,periphery,0.6,0.6860011667026267,0.8476681946054249,0.06819227565801353,0.08413952973656161,0.28049005505877467,0.25514493647917036,0.10213646120436823,0.348049411525974,0.26125469257305195,0.1680194805194805,0.2651923744906043,73.48,Degraded,False,,False,0.5,0.02407907642559569,0.12643313717532467,0.10346735013310566,0.8420474702255258,0.841152460604333,0.9793073499863728
0347_MVR.png,MVR,opaque/centre/10%,opaque,centre,0.1,0.19161891976122553,0.0,0.19316902289503315,0.8068309771049669,0.1790338743317431,0.33224813746677934,0.17392553236085156,0.481838474025974,0.4573112824675325,0.4096996753246753,0.33630911652656975,66.37,Degraded,False,,False,0.5,0.023441934040318507,0.1272955560064935,0.16157318063818857,0.8477911985809613,0.8188952163621276,1.5292727914274318
0347_MVR.png,MVR,opaque/centre/25%,opaque,centre,0.25,0.3078057200393163,0.0,0.07937744200838558,0.9206225579916144,0.2994985576039444,0.5254455572993163,0.07929243770125109,0.7089209618506493,0.6954197950487013,0.6692116477272727,0.5256511524904588,47.43,Unreliable,True,,False,0.0,0.019227613924723923,0.1043273133116883,0.15803451919313607,0.6948221978207619,0.6716767071323233,1.4957797411290026
0347_MVR.png,MVR,opaque/centre/40%,opaque,centre,0.4,0.42828774402864017,0.0,0.027539625528262633,0.9724603744717374,0.42427748343841654,0.6608693109485441,0.04589815145226191,0.8160765016233766,0.8090132913961039,0.7953023538961039,0.6491493548745297,35.09,Unreliable,True,,False,0.0,0.01436323607967145,0.07300121753246754,0.13496389113705867,0.48618971196891636,0.5017497829698295,1.2774187258420222
0347_MVR.png,MVR,opaque/centre/60%,opaque,centre,0.6,0.6109725984705008,0.0,0.008246519262587224,0.9917534807374128,0.6092595433877529,0.8182203985811207,0.024846750723900784,0.955078125,0.9513007305194806,0.9439681412337663,0.8087642747984544,19.12,Unreliable,True,,False,0.0,0.002139826725566709,0.015739143668831168,0.07984488876479195,0.10482304248669651,0.07475039672053461,0.7557232917013345
0347_MVR.png,MVR,opaque/periphery/10%,opaque,periphery,0.1,0.20325797712943208,0.0,0.22403727074364568,0.7759627292563543,0.1877752738954283,0.18353012943735877,0.19723146010765472,0.27357700892857145,0.2398305600649351,0.17432274756493507,0.2073238450258102,79.27,Degraded,False,,False,0.5,0.028521298704399473,0.15007355925324675,0.10792070961818155,0.9994932004392264,0.9963322579654668,1.0214579189364412
0347_MVR.png,MVR,opaque/periphery/25%,opaque,periphery,0.25,0.3495393122847394,0.0,0.11963603941382227,0.8803639605861777,0.33532136264473905,0.25351032961341946,0.20548596584257917,0.28012124594155846,0.24890168425324677,0.18829900568181818,0.27621018137874626,72.38,Degraded,False,,False,0.5,0.028288900044530555,0.14955357142857142,0.11350198633793802,0.9960300701072726,0.9882138940741468,1.0742841033021748
0347_MVR.png,MVR,opaque/periphery/40%,opaque,periphery,0.4,0.4964399587658524,0.0,0.07896304165861824,0.9210369583413818,0.483111819656542,0.3498275298863622,0.13578459167894766,0.2956574675324675,0.2659342025162338,0.20823609983766234,0.35625548586936473,64.37,Degraded,False,,False,0.5,0.027373795650656053,0.14566000405844157,0.12049464234396141,0.970098825914351,0.9562466251053441,1.1404688409398498
0347_MVR.png,MVR,opaque/periphery/60%,opaque,periphery,0.6,0.6860011667026267,0.0,0.047037992672883264,0.9529620073271168,0.6750300066326246,0.4842732845677497,0.06297331226581734,0.348049411525974,0.3193912337662338,0.2637606534090909,0.4755474808666058,52.45,Degraded,False,,False,0.5,0.024009380060564023,0.13338321834415584,0.13556580042947955,0.8883351634428583,0.8387177630309973,1.2831157326111582
0355_MVR.png,MVR,baseline,baseline,,0.0,0.10726871718648863,0.0,0.42380899169367153,0.5761910083063284,0.09181182525032165,0.1510281076631563,0.26404905993552974,0.2779017857142857,0.2442588271103896,0.17895190746753248,0.17055551071819924,82.94,Healthy,False,,False,1.0,0.02863239037960054,0.14985795454545456,0.10571034035964563,1.0,1.0,1.0
0355_MVR.png,MVR,transparent/centre/10%,transparent,centre,0.1,0.1873956160749247,0.4275815014605232,0.24259610669282106,0.32982239184665574,0.11825370188350554,0.2105177610017638,0.18658687861802287,0.5201780641233766,0.3242099989853896,0.17895190746753248,0.22831543845973665,77.17,Degraded,False,,False,0.5,0.024093266662602694,0.12766335227272727,0.11578403996453715,0.8518957345971563,0.8414689218462251,1.0952953095280837
0355_MVR.png,MVR,transparent/centre/25%,transparent,centre,0.25,0.2921111723763175,0.6327811897304025,0.15563063371130778,0.21158817655828968,0.1528098354629652,0.26251686296782334,0.11918795846053737,0.726955661525974,0.3924466061282467,0.17895190746753248,0.2815766519805353,71.84,Degraded,False,,False,0.5,0.017714004957241836,0.08926034902597403,0.10513196029912057,0.5956330399458362,0.6186701397401445,0.9945286330688435
0355_MVR.png,MVR,transparent/centre/40%,transparent,centre,0.4,0.4154180551227036,0.7417812830624219,0.10943541406174859,0.14878330287582955,0.1935011067692726,0.3088356984694081,0.09249849653747272,0.869432325487013,0.4394639052353896,0.17895190746753248,0.32648660366576004,67.35,Degraded,False,,False,0.5,0.010341912914132148,0.051466112012987016,0.0811260151275307,0.3434326337169939,0.36119628075133947,0.7674368926589904
0355_MVR.png,MVR,transparent/centre/60%,transparent,centre,0.6,0.6027257689449332,0.8220273253385836,0.07542641979728072,0.10254625486413566,0.25531265233060835,0.3592493069013398,0.052995560248805335,0.9584390219155844,0.4688361150568182,0.17895190746753248,0.3719030337923117,62.81,Degraded,False,,False,0.5,0.002778632592713126,0.014065036525974026,0.06611400259304623,0.09385578876100202,0.09704507922233392,0.6254260687092149
0355_MVR.png,MVR,transparent/periphery/10%,transparent,periphery,0.1,0.20726951629787677,0.48246746987951805,0.21933493975903615,0.2981975903614458,0.12481208895707974,0.16048451618380305,0.24133403770628747,0.2779017857142857,0.2442588271103896,0.17895190746753248,0.18329251238642066,81.67,Healthy,False,,False,1.0,0.02863239037960054,0.14985795454545456,0.10571034035964563,1.0,1.0,1.0
0355_MVR.png,MVR,transparent/periphery/25%,transparent,periphery,0.25,0.35721477716778943,0.6997080634878025,0.12726642282697448,0.1730255136852231,0.17429402504415092,0.18069608076005275,0.14224269362112363,0.2779017857142857,0.2442588271103896,0.17895190746753248,0.20420056258541694,79.58,Degraded,False,,False,0.5,0.028632411747272327,0.14985795454545456,0.1057166327515596,1.0,1.0000007462762104,1.0000595248477353
0355_MVR.png,MVR,transparent/periphery/40%,transparent,periphery,0.4,0.49323152654248476,0.7825185305196646,0.09217060229251893,0.12531086718781645,0.2191795523378004,0.20689897620526698,0.13086073203271806,0.28050172483766234,0.24511680702110386,0.17895190746753248,0.22587028137136178,77.41,Degraded,False,,False,0.5,0.02824558159981571,0.14884334415584416,0.10658255532083641,0.99322951929587,0.9864905173945793,1.0082509899998746
0355_MVR.png,MVR,transparent/periphery/60%,transparent,periphery,0.6,0.6770750924971431,0.8415704278961624,0.06714387720778722,0.09128569489605033,0.2798479291028376,0.2561263717629376,0.10208055718037189,0.383395900974026,0.27907188514610387,0.17895190746753248,0.27242104431817415,72.76,Degraded,False,,False,0.5,0.02013928405638542,0.11415635146103896,0.10614386424686172,0.7617637102234258,0.7033741783128898,1.0041010546909712
0355_MVR.png,MVR,opaque/centre/10%,opaque,centre,0.1,0.1873956160749247,0.0,0.1932154964712906,0.8067845035287095,0.1750849854961283,0.33725448207130715,0.1031939830335197,0.5201780641233766,0.49619419642857143,0.4496372767857143,0.3521795188416592,64.78,Degraded,False,,False,0.5,0.024032143417942527,0.13687094155844157,0.15660140344449855,0.913337846987136,0.8393341631393966,1.4814199151351926
0355_MVR.png,MVR,opaque/centre/25%,opaque,centre,0.25,0.2921111723763175,0.0,0.06419182316814619,0.9358081768318538,0.2857357818106266,0.5039787282709468,0.05752286237311247,0.726955661525974,0.7152397017045454,0.6924969561688312,0.5230102337062902,47.7,Unreliable,True,,False,0.0,0.01758652658667418,0.09584263392857142,0.14538858415668865,0.6395565335138794,0.6142178963585204,1.3753487469820878
0355_MVR.png,MVR,opaque/centre/40%,opaque,centre,0.4,0.4154180551227036,0.0,0.009743195152447821,0.9902568048475522,0.4140419054011939,0.6520888064808608,0.05870082345440689,0.869432325487013,0.8683413656655845,0.8662236201298701,0.6671757598308502,33.28,Unreliable,True,,False,0.0,0.010106848781499667,0.055993810876623376,0.115780343673983,0.37364590385917396,0.3529865529040985,1.095260343312465
0355_MVR.png,MVR,opaque/centre/60%,opaque,centre,0.6,0.6027257689449332,0.0,9.280803982790738e-05,0.9999071919601721,0.6027067500938955,0.8064598269295302,0.03046950477504362,0.9584390219155844,0.9584390219155844,0.9584390219155844,0.8061255818732614,19.39,Unreliable,True,,False,0.0,0.0025186442341558553,0.017565442370129872,0.06604729303598371,0.11721394719025051,0.08796486080150301,0.624795008806886
0355_MVR.png,MVR,opaque/periphery/10%,opaque,periphery,0.1,0.20726951629787677,0.0,0.21933493975903615,0.7806650602409638,0.1918126243617098,0.1796838910590555,0.240443955857311,0.2779017857142857,0.2442588271103896,0.17895190746753248,0.20915248547038542,79.08,Degraded,False,,False,0.5,0.02863239037960054,0.14985795454545456,0.10571034035964563,1.0,1.0,1.0
0355_MVR.png,MVR,opaque/periphery/25%,opaque,periphery,0.25,0.35721477716778943,0.0,0.12726642282697448,0.8727335771730255,0.3417578852316225,0.24093105644163024,0.077834275318139,0.2779017857142857,0.2442588271103896,0.17895190746753248,0.2725102133461317,72.75,Degraded,False,,False,0.5,0.028632457882238293,0.14985795454545456,0.10566537038239993,1.0,1.0000023575620778,0.9995745924467492
0355_MVR.png,MVR,opaque/periphery/40%,opaque,periphery,0.4,0.49323152654248476,0.0,0.07202397828992668,0.9279760217100733,0.4811531976442196,0.3239623684091969,0.0837222172039825,0.28050172483766234,0.25061460024350646,0.1925984172077922,0.34178050991342757,65.82,Degraded,False,,False,0.5,0.02824928630153778,0.14922382305194806,0.11501856959379836,0.9957684495599187,0.9866199058833836,1.0880541033401694
0355_MVR.png,MVR,opaque/periphery/60%,opaque,periphery,0.6,0.6770750924971431,0.0,0.04188083112530022,0.9581191688746997,0.6674338935104165,0.4759381711737267,0.06812673958020883,0.383395900974026,0.3558416193181818,0.3023538961038961,0.48534826713251566,51.47,Degraded,False,,False,0.5,0.020007277195454785,0.12252688717532467,0.14494549473411422,0.8176201760324983,0.6987637752281133,1.3711572041200843
0348_MVR.png,MVR,baseline,baseline,,0.0,0.10998170034921168,0.0,0.4255976167986631,0.574402383201337,0.09406699749878136,0.15400922888374582,0.25789905947486474,0.28228997564935066,0.2491472199675325,0.18481128246753248,0.17408175590177116,82.59,Healthy,False,,False,1.0,0.028508326833524642,0.1494647930194805,0.10505657984426463,1.0,1.0,1.0
0348_MVR.png,MVR,transparent/centre/10%,transparent,centre,0.1,0.20240692350106682,0.45663073946859334,0.23125666232381856,0.31211259820758813,0.12456732113889357,0.21764651297900342,0.21217991565365654,0.5134309050324676,0.3254237266639611,0.18481128246753248,0.23283364090095354,76.72,Degraded,False,,False,0.5,0.023388882227915585,0.12224786931818182,0.1078871696785296,0.8179041154009334,0.8204228317044269,1.0269434797750034
0348_MVR.png,MVR,transparent/centre/25%,transparent,centre,0.25,0.30920016941161427,0.644302587031246,0.1513839712609516,0.20431344170780244,0.1598090922893742,0.2721035133154053,0.16643982422016246,0.7019835633116883,0.38764610389610393,0.18481128246753248,0.2846322232398754,71.54,Degraded,False,,False,0.5,0.017273312720407833,0.08792867288961038,0.10016250757442074,0.5882901994060246,0.6059041213213227,0.9534148905561286
0348_MVR.png,MVR,transparent/centre/40%,transparent,centre,0.4,0.4213474616226756,0.7389762360839798,0.11109109185047508,0.14993267206554517,0.19681769871902444,0.31211922015098637,0.1362511169618747,0.8325892857142857,0.4307459922889611,0.18481128246753248,0.32497947257658766,67.5,Degraded,False,,False,0.5,0.01115027104011605,0.059798599837662336,0.0931106681621823,0.4000848536274926,0.3911233060161139,0.8862906854592936
0348_MVR.png,MVR,transparent/centre/60%,transparent,centre,0.6,0.6012913640032284,0.8170908366004386,0.0778457040334906,0.10506345936607084,0.2561991865046069,0.35887815100051385,0.10498343635669175,0.9221540178571429,0.46030235389610397,0.18481128246753248,0.3686441428099778,63.14,Degraded,False,,False,0.5,0.005687585559280523,0.030552455357142856,0.07668239438375823,0.20441238862961392,0.19950611596721812,0.7299151990044969
0348_MVR.png,MVR,transparent/periphery/10%,transparent,periphery,0.1,0.20998249946059983,0.47623396887011454,0.22291357460897362,0.3008524565209118,0.12706726120553946,0.16489491885947616,0.2618728656068276,0.28228997564935066,0.2491472199675325,0.18481128246753248,0.1872475420065177,81.28,Healthy,False,,False,1.0,0.028508326833524642,0.1494647930194805,0.10505657984426463,1.0,1.0,1.0
0348_MVR.png,MVR,transparent/periphery/25%,transparent,periphery,0.25,0.359983698127682,0.6944814420174037,0.13002797016515716,0.17549058781743918,0.17656765676567657,0.18402644566943765,0.21236763200729436,0.28292410714285715,0.24935648336038962,0.18481128246753248,0.20792082407469012,79.21,Degraded,False,,False,0.5,0.028367824961846002,0.14904626623376624,0.10503322947678626,0.9971998302927451,0.9950715497089988,0.9997777353164077
0348_MVR.png,MVR,transparent/periphery/40%,transparent,periphery,0.4,0.5084865629420084,0.7837077548069745,0.09205346408618373,0.12423878110684174,0.2255736021544043,0.2114785485624844,0.16317000905798307,0.3001217532467532,0.2550317065746753,0.18481128246753248,0.23312832784493673,76.69,Degraded,False,,False,0.5,0.025554911532489115,0.13991477272727273,0.10475684660109079,0.9361052184980909,0.8964016612310467,0.9971469350742413
0348_MVR.png,MVR,transparent/periphery/60%,transparent,periphery,0.6,0.6877112650732385,0.8400757615370761,0.0680633747581615,0.0918608637047624,0.2847177538577102,0.2607704075726931,0.08970447836752056,0.3266030844155844,0.2637705458603896,0.18481128246753248,0.2691546667732768,73.08,Degraded,False,,False,0.5,0.022733673657334263,0.12799310064935066,0.10471840003648437,0.8563428086550701,0.7974397722492917,0.996780974516003
0348_MVR.png,MVR,opaque/centre/10%,opaque,centre,0.1,0.20240692350106682,0.0,0.2045284061747404,0.7954715938252596,0.18833161524384887,0.35084532613721536,0.17721683929884596,0.5134309050324676,0.4861267248376624,0.4331244926948052,0.3562037723493843,64.38,Degraded,False,,False,0.5,0.02331397948433698,0.1292106331168831,0.1570972379748117,0.8644887568943572,0.8177954329091204,1.4953583888576223
0348_MVR.png,MVR,opaque/centre/25%,opaque,centre,0.25,0.30920016941161427,0.0,0.08867236967927015,0.9113276303207298,0.2998782154244481,0.5240118408310084,0.11807704262951386,0.7019835633116883,0.6864858969155844,0.6564021915584416,0.5217613756428707,47.82,Unreliable,True,,False,0.0,0.017149675609196807,0.09354707792207792,0.1603386653738165,0.6258803563852355,0.6015672441719547,1.526212500078546
0348_MVR.png,MVR,opaque/centre/40%,opaque,centre,0.4,0.4213474616226756,0.0,0.03012687996662052,0.9698731200333794,0.41703154092648975,0.6525056790994803,0.08440137085898558,0.8325892857142857,0.825914163961039,0.8129565746753247,0.6512268315922066,34.88,Unreliable,True,,False,0.0,0.010962894149930668,0.06545505275974026,0.11488929988193375,0.43792957148918116,0.38455059863557994,1.0935945188035352
0348_MVR.png,MVR,opaque/centre/60%,opaque,centre,0.6,0.6012913640032284,0.0,0.002146322014751811,0.9978536779852482,0.6008525719400027,0.7994908957204924,0.06365715729924702,0.9221540178571429,0.9216451907467533,0.9206574675324676,0.7887611165968498,21.12,Unreliable,True,,False,0.0,0.0054517138268559565,0.032759232954545456,0.07279597995868411,0.21917691981332205,0.19123233217759245,0.69292166246604
0348_MVR.png,MVR,opaque/periphery/10%,opaque,periphery,0.1,0.20998249946059983,0.0,0.22291357460897362,0.7770864253910263,0.19406779661016949,0.1869961682041408,0.26802097462295454,0.28228997564935066,0.2491472199675325,0.18481128246753248,0.2139780774313061,78.6,Degraded,False,,False,0.5,0.028508326833524642,0.1494647930194805,0.10505657984426463,1.0,1.0,1.0
0348_MVR.png,MVR,opaque/periphery/25%,opaque,periphery,0.25,0.359983698127682,0.0,0.13002797016515716,0.8699720298348428,0.34406899527725165,0.24497049187069062,0.19688215065272827,0.28292410714285715,0.249781351461039,0.18544541396103897,0.2766243867287983,72.34,Degraded,False,,False,0.5,0.028371080154329688,0.14956625405844157,0.10509746903583927,1.0006788290199407,0.9951857336280585,1.000389211143512
0348_MVR.png,MVR,opaque/periphery/40%,opaque,periphery,0.4,0.5084865629420084,0.0,0.0891146680496295,0.9108853319503705,0.49307993511215525,0.32871240736961355,0.13717489853370618,0.3001217532467532,0.2669789975649351,0.20264306006493507,0.3533293017705047,64.67,Degraded,False,,False,0.5,0.025511373503293345,0.1407518262987013,0.11095652508213229,0.9417055579126009,0.8948744572863883,1.056159692678114
0348_MVR.png,MVR,opaque/periphery/60%,opaque,periphery,0.6,0.6877112650732385,0.0,0.04635746198850795,0.953642538011492,0.6768718784711402,0.48313961338163036,0.044444823047966604,0.3266030844155844,0.29670302353896105,0.2386617288961039,0.46668465697141553,53.33,Degraded,False,,False,0.5,0.022663007916066603,0.13125253652597402,0.12756949894787437,0.8781501909206618,0.7949609967785208,1.214293280220837
0350_MVR.png,MVR,baseline,baseline,,0.0,0.11565539120498006,0.0,0.4591307952739584,0.5408692047260416,0.09760106761281456,0.1593543157788228,0.2618136098684888,0.29561941964285715,0.25711241883116887,0.1823635349025974,0.17993158254995878,82.01,Healthy,False,,False,1.0,0.01858989469959788,0.10809405438311688,0.12439225712279159,1.0,1.0,1.0
0350_MVR.png,MVR,transparent/centre/10%,transparent,centre,0.1,0.20324998601555072,0.4309697458176886,0.2612593131376673,0.3077709410446441,0.12650728390030286,0.22159756883372408,0.20632335829949136,0.5439960430194806,0.3390767045454546,0.1823635349025974,0.2400621376383899,75.99,Degraded,False,,False,0.5,0.01161041119079432,0.07988788555194805,0.12033373237494031,0.7390590167781298,0.6245549734633767,0.9673731722397724
0350_MVR.png,MVR,transparent/centre/25%,transparent,centre,0.25,0.3138190332350426,0.631458328028316,0.16920883094395356,0.19933284102773038,0.1629950694827352,0.2827328323724554,0.16086850652283863,0.7761515827922078,0.4156880326704545,0.1823635349025974,0.299993583624739,70.0,Degraded,False,,False,0.5,0.006049645425261965,0.04158634334415585,0.1111008957579672,0.3847236888419571,0.3254265569020585,0.8931496085668413
0350_MVR.png,MVR,transparent/centre/40%,transparent,centre,0.4,0.42450395160581433,0.7275516735062686,0.12508941681412597,0.14735890967960544,0.19952109254508987,0.32367057359935375,0.14199992777197265,0.9260095373376623,0.4651411576704545,0.1823635349025974,0.34301396291151487,65.7,Degraded,False,,False,0.5,0.002836598019794295,0.012378246753246754,0.08708494046973467,0.11451366889592868,0.15258817038138758,0.7000832888157205
0350_MVR.png,MVR,transparent/centre/60%,transparent,centre,0.6,0.6015950263307203,0.807752082143379,0.08826693941527304,0.10398097844134797,0.2579611472043088,0.36811180368754065,0.05677587139081547,0.991020698051948,0.4865948407061688,0.1823635349025974,0.38245982155002234,61.75,Degraded,False,,False,0.5,0.0009858922369408798,0.003690645292207792,0.07096423868302448,0.034142907426962334,0.053033771996686234,0.5704875876074297
0350_MVR.png,MVR,transparent/periphery/10%,transparent,periphery,0.1,0.2156561903163682,0.46370474672990697,0.24622966613554675,0.2900655871345463,0.13060133131957266,0.16993325423011182,0.22191217199404203,0.2993481128246753,0.2583428875811688,0.1823635349025974,0.19349753069737285,80.65,Healthy,False,,False,1.0,0.018309722602516374,0.1065721387987013,0.12434229269710424,0.9859204505455825,0.9849287959071891,0.9995983317061445
0350_MVR.png,MVR,transparent/periphery/25%,transparent,periphery,0.25,0.3656573889834504,0.6837055815376546,0.14522050788933083,0.17107391057301455,0.18010172687970977,0.19191237630823516,0.14831549116753387,0.3202871347402597,0.2652527648133117,0.1823635349025974,0.21770533688170818,78.23,Degraded,False,,False,0.5,0.017373779981573512,0.09886109983766234,0.12417301557856592,0.9145840666432008,0.9345819469299806,0.9982374984641588
0350_MVR.png,MVR,transparent/periphery/40%,transparent,periphery,0.4,0.5060213043096077,0.7714416562702335,0.1049381741231464,0.12362016960662003,0.2264218189373417,0.22056363599341625,0.11255755566176892,0.3429890422077922,0.2727443942775974,0.1823635349025974,0.24319339419026634,75.68,Degraded,False,,False,0.5,0.01647386281227229,0.09244368912337662,0.12403570244301479,0.8552152997770738,0.8861730030471145,0.9971336264167565
0350_MVR.png,MVR,transparent/periphery/60%,transparent,periphery,0.6,0.6853778598198803,0.8312530970355904,0.07747689975806686,0.09127000320634272,0.2856094822557317,0.2699567963120957,0.08851949172919897,0.44384131493506496,0.30602564427759743,0.1823635349025974,0.28908014128138715,71.09,Degraded,False,,False,0.5,0.013571900405720684,0.07452313311688312,0.12314881540932447,0.6894286049513083,0.7300687080284678,0.990003865656689
0350_MVR.png,MVR,opaque/centre/10%,opaque,centre,0.1,0.20324998601555072,0.0,0.23546757357133027,0.7645324264286697,0.18697800046348462,0.3512937458696843,0.1504235344185141,0.5439960430194806,0.5111465097402598,0.44737976866883117,0.3659401277960546,63.41,Degraded,False,,False,0.5,0.011488476797780853,0.08073762175324675,0.11884908206778948,0.7469200985568462,0.6179957973634655,0.9554379413701749
0350_MVR.png,MVR,opaque/centre/25%,opaque,centre,0.25,0.3138190332350426,0.0,0.10393165440146673,0.8960683455985333,0.3027296845907351,0.547245419527047,0.09322869275990174,0.7761515827922078,0.7597526887175325,0.7279195413961039,0.5588936067223477,44.11,Unreliable,True,,False,0.0,0.005894014255697929,0.042423396915584416,0.08593850035333762,0.3924674410418867,0.3170547413496336,0.6908669586122629
0350_MVR.png,MVR,opaque/centre/40%,opaque,centre,0.4,0.42450395160581433,0.0,0.043786002033055986,0.9562139979669441,0.4181842591038765,0.6783784918545804,0.09296126424303794,0.9260095373376623,0.9207530945616882,0.910549411525974,0.6972700631122124,30.27,Unreliable,True,,False,0.0,0.002670252596199602,0.012479707792207792,0.050833297787617256,0.11545230552622317,0.1436400065384643,0.4086532310241632
0350_MVR.png,MVR,opaque/centre/60%,opaque,centre,0.6,0.6015950263307203,0.0,0.0026500006641605673,0.9973499993358395,0.6010529890761475,0.8193942489764899,0.03804629141964983,0.991020698051948,0.9909948254870129,0.9909446022727273,0.8225321016105964,17.75,Unreliable,True,,False,0.0,0.0007904772596633371,0.003601866883116883,0.024454972808360318,0.03332160037545465,0.04252187935633848,0.19659561916478474
0350_MVR.png,MVR,opaque/periphery/10%,opaque,periphery,0.1,0.2156561903163682,0.0,0.24622966613554675,0.7537703338644532,0.19760186672420266,0.19141170502515314,0.2244929018773298,0.2993481128246753,0.26084111201298704,0.18609222808441558,0.22104051633000155,77.9,Degraded,False,,False,0.5,0.01829185905724186,0.10612824675324675,0.1244754172018721,0.9818139152880442,0.9839678681793467,1.0006685309922339
0350_MVR.png,MVR,opaque/periphery/25%,opaque,periphery,0.25,0.3656573889834504,0.0,0.14522050788933083,0.8547794921106692,0.3476030653912849,0.2580151052618904,0.1152530476168104,0.3202871347402597,0.2817801339285715,0.20703125,0.2943975047673812,70.56,Degraded,False,,False,0.5,0.017344759023311444,0.09854403409090909,0.12484168088187078,0.9116508271735304,0.9330208322098044,1.0036129560591183
0350_MVR.png,MVR,opaque/periphery/40%,opaque,periphery,0.4,0.5060213043096077,0.0,0.10024793518942564,0.8997520648105743,0.48877392339718234,0.345944324713433,0.06302179797587067,0.3429890422077922,0.30670708198051955,0.2362773944805195,0.37309830722539244,62.69,Degraded,False,,False,0.5,0.016425308394345195,0.0921773538961039,0.12550106616041973,0.8527513786225508,0.8835611314517287,1.0089138107409177
0350_MVR.png,MVR,opaque/periphery/60%,opaque,periphery,0.6,0.6853778598198803,0.0,0.05469437724079634,0.9453056227592037,0.6726325126459377,0.5005890701572613,0.04095967707913488,0.44384131493506496,0.41128069196428574,0.3480747767857143,0.516478751626674,48.35,Unreliable,False,,False,0.0,0.013507646142350803,0.07584212662337662,0.11902207883484096,0.7016308811451367,0.7266122998880133,0.9568286771848705
0349_MVR.png,MVR,baseline,baseline,,0.0,0.1163985647959469,0.0,0.4463133324179596,0.5536866675820403,0.09873548613941298,0.16202200275056355,0.2583383184253543,0.2984095982142857,0.26067877435064934,0.18743658685064934,0.18249875640725272,81.75,Healthy,False,,False,1.0,0.029704774332589768,0.154981737012987,0.105326633781235,1.0,1.0,1.0
0349_MVR.png,MVR,transparent/centre/10%,transparent,centre,0.1,0.20740936079080063,0.4387979194760162,0.2504719707185513,0.3107301098054325,0.1287690488177147,0.23044813574706058,0.18744806060229655,0.5522143871753247,0.34443435470779227,0.18743658685064934,0.24553889725254952,75.45,Degraded,False,,False,0.5,0.02275009410751359,0.12082741477272728,0.11156773001417002,0.7796235679214403,0.7658733189753256,1.0592546823996851
0349_MVR.png,MVR,transparent/centre/25%,transparent,centre,0.25,0.3350234539192418,0.6525659220742048,0.15506446111462271,0.19236961681117246,0.17088169955010032,0.2920477865399709,0.11631811395604083,0.755757913961039,0.41160371854707795,0.18743658685064934,0.3035203332458526,69.65,Degraded,False,,False,0.5,0.013539282406741682,0.07628601866883117,0.10324758522138176,0.49222585924713586,0.45579482460122356,0.9802609417464965
0349_MVR.png,MVR,transparent/centre/40%,transparent,centre,0.4,0.4428715268621293,0.7371730677276459,0.11730316399166374,0.14552376828069036,0.20647156362125313,0.32945389904028,0.08179548023610428,0.8782467532467533,0.4520250355113637,0.18743658685064934,0.3415876530030054,65.84,Degraded,False,,False,0.5,0.008070816826522503,0.04197950487012987,0.08626165432198758,0.27086743044189854,0.2717009978314439,0.8189918468405089
0349_MVR.png,MVR,transparent/centre/60%,transparent,centre,0.6,0.6031892535500524,0.8070281191004538,0.0861259232272381,0.10684595767230815,0.2593764134282678,0.3721075645126278,0.04553187304308737,0.959567775974026,0.47886097301136366,0.18743658685064934,0.38098958258681415,61.9,Degraded,False,,False,0.5,0.0034013605820089597,0.017058137175324676,0.0698120366178764,0.11006546644844518,0.11450551833606261,0.6628146567645659
0349_MVR.png,MVR,transparent/periphery/10%,transparent,periphery,0.1,0.21639936390733505,0.4621122599704579,0.24006646971935008,0.297821270310192,0.13173574984617104,0.17449943130013973,0.2063357611676241,0.2984095982142857,0.26067877435064934,0.18743658685064934,0.19614206408415297,80.39,Healthy,False,,False,1.0,0.029704765361580204,0.154981737012987,0.105326633781235,1.0,0.999999697994354,1.0
0349_MVR.png,MVR,transparent/periphery/25%,transparent,periphery,0.25,0.3659250912984761,0.6819060305951978,0.14196957950711375,0.17612438989768844,0.18107923988524763,0.20046893066077395,0.12466502543850015,0.3027090097402597,0.2620975801542208,0.18743658685064934,0.21930348322549478,78.07,Degraded,False,,False,0.5,0.029491108714131745,0.1539671266233766,0.1045781647867251,0.9934533551554827,0.9928070277166319,0.9928938297215073
0349_MVR.png,MVR,transparent/periphery/40%,transparent,periphery,0.4,0.5145478228210231,0.773784749184656,0.10096288243516074,0.12525236838018325,0.23012474128768812,0.23145431537856515,0.09608712668466378,0.3220500202922078,0.26848011363636365,0.18743658685064934,0.24586576245442143,75.41,Degraded,False,,False,0.5,0.027963815914236252,0.14704241071428573,0.10375006381142544,0.9487725040916531,0.9413912928992202,0.9850316115382163
0349_MVR.png,MVR,transparent/periphery/60%,transparent,periphery,0.6,0.6979279041705624,0.8332226522246903,0.07443495385742746,0.09234239391788225,0.29064016813303606,0.2771913575735088,0.0581376125286557,0.38651582792207795,0.2897538301542208,0.18743658685064934,0.2862509897736518,71.37,Degraded,False,,False,0.5,0.02319087627791628,0.12354149756493507,0.10126604920623575,0.7971358428805237,0.7807120841336624,0.9614476943843744
0349_MVR.png,MVR,opaque/centre/10%,opaque,centre,0.1,0.20740936079080063,0.0,0.2160662685417068,0.7839337314582931,0.1921725441309264,0.3750540174367666,0.11591855578745992,0.5522143871753247,0.522184963474026,0.4638925527597403,0.3790419538599183,62.1,Degraded,False,,False,0.5,0.02266609158501241,0.1308213271103896,0.1618890083667531,0.8441080196399345,0.7630454058068684,1.5370187250358633
0349_MVR.png,MVR,opaque/centre/25%,opaque,centre,0.25,0.3350234539192418,0.0,0.10127729609178404,0.898722703908216,0.3234871622755496,0.5686129250517148,0.08357830211450426,0.755757913961039,0.7367933238636364,0.6999797077922078,0.5623473557436338,43.77,Unreliable,True,,False,0.0,0.013348356037736825,0.08163808847402597,0.16107514790358615,0.526759410801964,0.44936736055564125,1.5292917101873935
0349_MVR.png,MVR,opaque/centre/40%,opaque,centre,0.4,0.4428715268621293,0.0,0.04134751581093639,0.9586524841890636,0.4366455701260199,0.6896394822656173,0.049571621284890045,0.8782467532467533,0.8714595170454545,0.8582842938311688,0.686469322535673,31.35,Unreliable,True,,False,0.0,0.007834896421782797,0.04728084415584415,0.12690338334918108,0.3050736497545008,0.263758826579839,1.2048555886895742
0349_MVR.png,MVR,opaque/centre/60%,opaque,centre,0.6,0.6031892535500524,0.0,0.005074023780346438,0.9949259762196535,0.6021486507004211,0.8252555797452314,0.05742134078384997,0.959567775974026,0.9593262987012986,0.9588575487012987,0.8119517886142151,18.8,Unreliable,True,,False,0.0,0.0031248283885509653,0.017489346590909092,0.04917550805534765,0.11284779050736499,0.10519616656783172,0.46688578462961156
0349_MVR.png,MVR,opaque/periphery/10%,opaque,periphery,0.1,0.21639936390733505,0.0,0.24006646971935008,0.7599335302806499,0.19873628525080114,0.19983239229473385,0.1572370964395295,0.2984095982142857,0.26067877435064934,0.18743658685064934,0.22384211300392023,77.62,Degraded,False,,False,0.5,0.029704785338055668,0.154981737012987,0.10532966621982165,1.0,1.0000003704948497,1.0000287908051153
0349_MVR.png,MVR,opaque/periphery/25%,opaque,periphery,0.25,0.3659250912984761,0.0,0.1406702117205158,0.8593297882794841,0.34842367287576215,0.27868037066102924,0.07606566957244802,0.3027090097402597,0.2650601156655844,0.19197696834415584,0.29415525932727116,70.58,Degraded,False,,False,0.5,0.029490755936839867,0.15427150974025974,0.10666758236426419,0.995417348608838,0.9927951516024447,1.0127313342778461
0349_MVR.png,MVR,opaque/periphery/40%,opaque,periphery,0.4,0.5145478228210231,0.0,0.09736760366516539,0.9026323963348346,0.49751372473809125,0.3730489024606428,0.0743490546249482,0.3220500202922078,0.28506950081168836,0.21328378652597402,0.37519658848429555,62.48,Degraded,False,,False,0.5,0.02793617135435963,0.14862773944805194,0.11400236147862752,0.9590016366612111,0.9404606492401538,1.0823697424472156
0349_MVR.png,MVR,opaque/periphery/60%,opaque,periphery,0.6,0.6979279041705624,0.0,0.053779569030662486,0.9462204309693375,0.6851662551243018,0.5161645778780861,0.026285632615625786,0.38651582792207795,0.3530281047077922,0.28802252435064934,0.5016104917838333,49.84,Unreliable,False,,False,0.0,0.023090164734034697,0.12655996347402598,0.13457181648683428,0.8166121112929624,0.7773216680761639,1.2776617998287305
0772_RV.png,RV,baseline,baseline,,0.0,0.046242005979163,0.0,0.46702532232631483,0.5329746776736852,0.03889930214503545,0.05703613357117687,0.38521506659642907,0.05958667946927374,0.04979639490223464,0.030791724860335195,0.04869918867575755,95.13,Healthy,False,,False,1.0,0.029015845501678027,0.10802199720670391,0.12416395096184796,1.0,1.0,1.0
0772_RV.png,RV,transparent/centre/10%,transparent,centre,0.1,0.13239942867682067,0.6507386290009071,0.16311390436698198,0.18614746663211093,0.06733125163526248,0.11428253301631411,0.2503979575797817,0.27453954259776536,0.12073083973463687,0.030791724860335195,0.10277647128932774,89.72,Healthy,False,,False,1.0,0.02769216350184899,0.09964210893854748,0.13620718016080727,0.9224242424242424,0.9543807193296336,1.0969945713362477
0772_RV.png,RV,transparent/centre/25%,transparent,centre,0.25,0.27536318911569296,0.8320690353432296,0.07842801289739716,0.0895029517593732,0.11450929258009034,0.18388512022094755,0.1335627707610402,0.5883270775139665,0.2242807262569832,0.030791724860335195,0.17923061434310464,82.08,Healthy,False,,False,1.0,0.013137464036822361,0.05310535963687151,0.12154045856922664,0.4916161616161616,0.45276861003628527,0.9788707400795628
0772_RV.png,RV,transparent/centre/40%,transparent,centre,0.4,0.42281775562637525,0.890633717804356,0.05107682319405135,0.058289459001592665,0.16316929952861547,0.2387211984252204,0.060167836345798295,0.7742231145251397,0.28562641847067044,0.030791724860335195,0.23481771677441893,76.52,Degraded,False,,False,0.5,0.004509331656138978,0.021844448324022346,0.10165310954532618,0.20222222222222222,0.1554092799356199,0.818700667608115
0772_RV.png,RV,transparent/centre/60%,transparent,centre,0.6,0.6154806277692232,0.9248684623157601,0.035088330603853794,0.04004320708038608,0.22674804733575535,0.2982511392833077,0.03662039576293936,0.9158301326815642,0.3323567344622906,0.030791724860335195,0.29044244977063516,70.96,Degraded,False,,False,0.5,0.001308667891570221,0.006503142458100558,0.08019664364343307,0.0602020202020202,0.04510183552964324,0.6458931358271227
0772_RV.png,RV,transparent/periphery/10%,transparent,periphery,0.1,0.1462407192152456,0.6837952778999853,0.14767561225986214,0.1685291098401525,0.0718988775129427,0.06768133556715271,0.3480861351213851,0.05958667946927374,0.04979639490223464,0.030791724860335195,0.061792621884922475,93.82,Healthy,False,,False,1.0,0.02901524685671626,0.10802199720670391,0.12416278799131296,1.0,0.9999793683433511,0.999990633589492
0772_RV.png,RV,transparent/periphery/25%,transparent,periphery,0.25,0.29469038315540247,0.8430827450695,0.07328433156247725,0.08363292336802271,0.12088726661319447,0.09051416434136218,0.18018493289350343,0.07215651187150839,0.05394443959497206,0.030791724860335195,0.08499820512435582,91.5,Healthy,False,,False,1.0,0.028549597409068116,0.10543601606145252,0.1240899887551979,0.9760606060606061,0.9839312594705211,0.9994043181931865
0772_RV.png,RV,transparent/periphery/40%,transparent,periphery,0.4,0.44102546505792584,0.8951488980957383,0.048968119663107115,0.055882982241154615,0.1691778436410272,0.12365709248569365,0.09660089065885036,0.1570792597765363,0.0819689464036313,0.030791724860335195,0.12063805939946877,87.94,Healthy,False,,False,1.0,0.025890760819632732,0.09433921089385475,0.12702488157433292,0.8733333333333333,0.8922973076257741,1.0230415558648263
0772_RV.png,RV,transparent/periphery/60%,transparent,periphery,0.6,0.6317539021115796,0.9268037667442919,0.03418449442931923,0.039011738826388934,0.23211822786873296,0.1770855151559823,0.07427239686841244,0.33939638617318435,0.14213359811452514,0.030791724860335195,0.17961456215322463,82.04,Healthy,False,,False,1.0,0.013529541961320455,0.05302898044692737,0.12913752068784612,0.4909090909090909,0.4662811552583578,1.0400564712017453
0772_RV.png,RV,opaque/centre/10%,opaque,centre,0.1,0.13239942867682067,0.0,0.11957366852403783,0.8804263314759622,0.12701672364171346,0.23497433147383365,0.16444277713117306,0.27453954259776536,0.2697352915502793,0.2604093924581006,0.21649143315477584,78.35,Degraded,False,,False,0.5,0.027674512442444427,0.09962028631284917,0.14024370159314398,0.9222222222222223,0.9537723944954135,1.1295041798101033
0772_RV.png,RV,opaque/centre/25%,opaque,centre,0.25,0.27536318911569296,0.0,0.046215673141326186,0.9537843268586738,0.27103631676696277,0.44808988725895094,0.07143873474395876,0.5883270775139665,0.5862087552374302,0.5820967178770949,0.4502213633027462,54.98,Unreliable,True,,False,0.0,0.012874711020003721,0.05617143854748603,0.12319478919078829,0.52,0.4437131090754932,0.9921944995825925
0772_RV.png,RV,opaque/centre/40%,opaque,centre,0.4,0.42281775562637525,0.0,0.024305872566623046,0.9756941274333769,0.41932359110074074,0.615950191259596,0.029562013781125933,0.7742231145251397,0.7742231145251397,0.7742231145251397,0.620271380518157,37.97,Unreliable,True,,False,0.0,0.0042089369204120946,0.02387395251396648,0.09352152268124765,0.22101010101010102,0.14505649749784771,0.7532099450506705
0772_RV.png,RV,opaque/centre/60%,opaque,centre,0.6,0.6154806277692232,0.0,0.011380187462977804,0.9886198125370222,0.6130991708951159,0.7973994018104784,0.06025811525218178,0.9158301326815642,0.9158301326815642,0.9158301326815642,0.789481624884304,21.05,Unreliable,True,,False,0.0,0.0010180669433003304,0.00624127094972067,0.05545247431222419,0.057777777777777775,0.03508658547418355,0.44660687649399267
0772_RV.png,RV,opaque/periphery/10%,opaque,periphery,0.1,0.1462407192152456,0.0,0.14764628244610647,0.8523537175538936,0.1388994737135578,0.089294908540352,0.36587904735877386,0.05958667946927374,0.04979639490223464,0.030791724860335195,0.0883768726370668,91.16,Healthy,False,,False,1.0,0.02901524897874975,0.10802199720670391,0.12416238683650288,1.0,0.9999794414769597,0.9999874027418348
0772_RV.png,RV,opaque/periphery/25%,opaque,periphery,0.25,0.29469038315540247,0.0,0.06801542828032894,0.9319845717196711,0.2878755956644634,0.15871703540120438,0.14978428788831555,0.07215651187150839,0.06236622730446928,0.04336155726256983,0.15892428024148805,84.11,Healthy,False,,False,1.0,0.028538842297966174,0.10541419343575419,0.12438027446380627,0.9758585858585858,0.9835605960996633,1.0017422408056649
0772_RV.png,RV,opaque/periphery/40%,opaque,periphery,0.4,0.44102546505792584,0.0,0.03902861255373364,0.9609713874462663,0.43517317697722,0.2596017799719326,0.06664104068201374,0.1570792597765363,0.1472889752094972,0.12828430516759776,0.26734807716854464,73.27,Degraded,False,,False,0.5,0.025826804233184928,0.09675061103351955,0.11539818131868196,0.8956565656565656,0.8900931124578578,0.9294016534166227
0772_RV.png,RV,opaque/periphery/60%,opaque,periphery,0.6,0.6317539021115796,0.0,0.023952908906978796,0.9760470910930212,0.6266089052641513,0.42189245620742677,0.04263837655407382,0.33939638617318435,0.3296061016061453,0.3106014315642458,0.4463928490839315,55.36,Degraded,False,,False,0.5,0.01334886120471212,0.053094448324022346,0.10101851757562565,0.4915151515151515,0.460054186735318,0.8135897480152332
0771_RV.png,RV,baseline,baseline,,0.0,0.04768318156667796,0.0,0.4592066204911397,0.5407933795088603,0.0402383944617681,0.061141225512542294,0.36195655235437235,0.06666812150837989,0.05497468575418995,0.03227566340782123,0.0524037602939691,94.76,Healthy,False,,False,1.0,0.03180496218110317,0.12483633030726257,0.11840874492260071,1.0,1.0,1.0
0771_RV.png,RV,transparent/centre/10%,transparent,centre,0.1,0.1389619246556834,0.6568615346626335,0.15757145502808814,0.18556701030927836,0.0703603796811399,0.1250127625181886,0.24108170857945865,0.28826597416201116,0.12810197712988827,0.03227566340782123,0.10985273351175387,89.01,Healthy,False,,False,1.0,0.02702363273875867,0.10909130586592179,0.13050801093477368,0.8738746613058299,0.8496671866761308,1.102182199634679
0771_RV.png,RV,transparent/centre/25%,transparent,centre,0.25,0.27430375349034714,0.8261664998749062,0.07982549412059044,0.09400800600450337,0.11502318319657892,0.19541090118618037,0.18191564996227616,0.5571971019553073,0.216849249301676,0.03227566340782123,0.1798699250354982,82.01,Healthy,False,,False,1.0,0.011211827512497408,0.05901929120111732,0.12035573073882024,0.4727733589721178,0.3525181840699966,1.0164429225011395
0771_RV.png,RV,transparent/centre/40%,transparent,centre,0.4,0.4194078312452014,0.8863083185044283,0.05220797283753656,0.06148370865803522,0.16290752885568086,0.2522447322992806,0.16253613012991638,0.7554993016759777,0.2822889752094972,0.03227566340782123,0.2374612684302873,76.25,Degraded,False,,False,0.5,0.005242645466746153,0.03021342527932961,0.09820676881951527,0.24202429857529936,0.16483734320743998,0.829387803102797
0771_RV.png,RV,transparent/centre/60%,transparent,centre,0.6,0.6103335720995269,0.9218735725078183,0.035876172739730844,0.042250254752450894,0.22591302333760827,0.3034845207699482,0.10775035820409189,0.909141497905028,0.33299089996508385,0.03227566340782123,0.2920156232183005,70.8,Degraded,False,,False,0.5,0.0020292509664901317,0.0131263093575419,0.07978678349193259,0.10514815138536841,0.0638029674405903,0.6738250924295006
0771_RV.png,RV,transparent/periphery/10%,transparent,periphery,0.1,0.14768618401581862,0.6771317379182156,0.1482632434944238,0.1746050185873606,0.07323938526998451,0.07546525869985864,0.357663253941506,0.08159479748603352,0.059900488826815645,0.03227566340782123,0.0685715887216792,93.14,Healthy,False,,False,1.0,0.03002571950805632,0.11794038058659218,0.11745844152239512,0.9447600734201556,0.9440577019738138,0.9919743816149156
0771_RV.png,RV,transparent/periphery/25%,transparent,periphery,0.25,0.2952951621965918,0.8385236615053888,0.07415100368939372,0.08732533480521744,0.12195034806963967,0.0995619350772368,0.26051282568635326,0.11059706703910614,0.06947123777932962,0.03227566340782123,0.0942421800557948,90.58,Healthy,False,,False,1.0,0.02723271322082664,0.10885125698324022,0.11601708373930626,0.8719517524691897,0.8562410187994778,0.9798016507576548
0771_RV.png,RV,transparent/periphery/40%,transparent,periphery,0.4,0.43745683979360306,0.8909991175605452,0.050053926855574075,0.05894695558388077,0.16886370167665338,0.13070057625613624,0.19415059855526426,0.1505652060055866,0.08266072363826815,0.03227566340782123,0.12293357283514414,87.71,Healthy,False,,False,1.0,0.02113220128951751,0.09166593924581005,0.1125691293061901,0.7342889607551787,0.6644309516605288,0.9506825647022292
0771_RV.png,RV,transparent/periphery/60%,transparent,periphery,0.6,0.6291203252939184,0.924206579171638,0.03480484063405488,0.04098858019430714,0.23211265189175742,0.1904780256598485,0.14096893178993963,0.29744238826815644,0.1311301937849162,0.03227566340782123,0.17922928077944822,82.08,Healthy,False,,False,1.0,0.010704525710808876,0.05461112081005587,0.10790289683102089,0.437461760335635,0.33656778617925664,0.9112747280747964
0771_RV.png,RV,opaque/centre/10%,opaque,centre,0.1,0.1389619246556834,0.0,0.12442126057164023,0.8755787394283597,0.13308338659106214,0.258417808426102,0.16599707213251946,0.28826597416201116,0.28055691340782124,0.26559226606145253,0.22967312386827773,77.03,Degraded,False,,False,0.5,0.026961315389856255,0.10861120810055866,0.1283019545519421,0.8700288436325496,0.8477078273614562,1.0835513427307095
0771_RV.png,RV,opaque/centre/25%,opaque,centre,0.25,0.27430375349034714,0.0,0.04001438578934201,0.959985614210658,0.2705718807770338,0.4761412566734793,0.12607952568685182,0.5571971019553073,0.554948935055866,0.5505848463687151,0.4459935152575003,55.4,Unreliable,True,,False,0.0,0.010918012796416483,0.05752444134078212,0.11316013776659979,0.46079888121667684,0.34328016912101184,0.955673821562489
0771_RV.png,RV,opaque/centre/40%,opaque,centre,0.4,0.4194078312452014,0.0,0.016424290769262235,0.9835757092307378,0.4170657493469673,0.6507130520331535,0.12287954655803729,0.7554993016759777,0.7554993016759777,0.7554993016759777,0.6225333610844273,37.75,Unreliable,True,,False,0.0,0.004990588790547627,0.032406599162011177,0.08463237473927288,0.2595926929464208,0.15691226929088353,0.7147476716740291
0771_RV.png,RV,opaque/centre/60%,opaque,centre,0.6,0.6103335720995269,0.0,0.00830668681260761,0.9916933131873924,0.6086098231557456,0.8064546668158187,0.0804875184872685,0.909141497905028,0.909141497905028,0.909141497905028,0.7881759461534805,21.18,Unreliable,True,,False,0.0,0.001731933061727593,0.012537098463687151,0.04813522431996205,0.10042828424088804,0.05445480651307349,0.40651747766962826
0771_RV.png,RV,opaque/periphery/10%,opaque,periphery,0.1,0.14768618401581862,0.0,0.1482632434944238,0.8517367565055762,0.14024139691090876,0.10454738668622818,0.39108122261350037,0.08159479748603352,0.06990136173184357,0.04720233938547486,0.10139717977187851,89.86,Healthy,False,,False,1.0,0.02997531160339491,0.11867143854748603,0.11688103824193712,0.950616204877196,0.9424727950534919,0.9870980248826875
0771_RV.png,RV,opaque/periphery/25%,opaque,periphery,0.25,0.2952951621965918,0.0,0.06685936728350231,0.9331406327164977,0.28858245797643506,0.17791830639281883,0.23778465921231712,0.11059706703910614,0.0989036312849162,0.07620460893854748,0.17951168182474264,82.05,Healthy,False,,False,1.0,0.027153099865469484,0.10988783170391062,0.10597416785579233,0.8802552224455904,0.8537378447694687,0.8949859904778453
0771_RV.png,RV,opaque/periphery/40%,opaque,periphery,0.4,0.43745683979360306,0.0,0.038454750465731935,0.9615452495342681,0.43173725996491424,0.2728195815670382,0.16765845096000004,0.1505652060055866,0.13887177025139663,0.11617274790502793,0.2669157605601444,73.31,Degraded,False,,False,0.5,0.02090240865967425,0.09055298533519553,0.09931420648211615,0.725373656148938,0.6572058957546365,0.8387404709595906
0771_RV.png,RV,opaque/periphery/60%,opaque,periphery,0.6,0.6291203252939184,0.0,0.0231668655190046,0.9768331344809954,0.6241649116636571,0.4546536854040888,0.11544807688669707,0.29744238826815644,0.2857489525139665,0.26304993016759776,0.43794516012591034,56.21,Degraded,False,,False,0.5,0.010406532626809245,0.0525052374301676,0.09593757266061041,0.42059260554147365,0.32719839651286414,0.8102237104474095
0768_RV.png,RV,baseline,baseline,,0.0,0.05035965051492003,0.0,0.4408483093433268,0.5591516906566733,0.042811321806788115,0.0671666323648592,0.3424122521131956,0.07237473812849161,0.06107083624301676,0.03912796787709497,0.0574217207487009,94.26,Healthy,False,,False,1.0,0.02666251252948162,0.10923315293296089,0.11352174635858095,1.0,1.0,1.0
0768_RV.png,RV,transparent/centre/10%,transparent,centre,0.1,0.13782957240835025,0.634623762992469,0.1610754963589967,0.20430074064853426,0.07167639603162007,0.12624253849457448,0.15926386861976818,0.2706223812849162,0.12649255848463686,0.03912796787709497,0.10997270375171311,89.0,Healthy,False,,False,1.0,0.02502390516612495,0.10820748952513966,0.11948177547372928,0.9906103286384976,0.9385426500392711,1.0525012106167078
0768_RV.png,RV,transparent/centre/25%,transparent,centre,0.25,0.26847900215747417,0.8124261111288622,0.08269163178579417,0.10488225708534364,0.11479070784883098,0.19089134456603174,0.14260086125283758,0.5145338687150838,0.20698334933659218,0.03912796787709497,0.1744979554590957,82.55,Healthy,False,,False,1.0,0.014694274710616174,0.06828299581005587,0.10029893481212751,0.6251123763859755,0.5511211553812954,0.883521774720708
0768_RV.png,RV,transparent/centre/40%,transparent,centre,0.4,0.41476690271635863,0.8785832471561531,0.0535263702171665,0.06789038262668046,0.16306571503326286,0.24116327665726509,0.0932488089248656,0.668579783519553,0.25781850122206706,0.03912796787709497,0.2243960979959852,77.56,Degraded,False,,False,0.5,0.009675120067924892,0.045860247905027934,0.08737603912379474,0.41983817800419543,0.36287353103826175,0.7696854737223667
0768_RV.png,RV,transparent/centre/60%,transparent,centre,0.6,0.605744114127381,0.9168631616215259,0.0366507346432997,0.04648610373517437,0.22608819479890027,0.30119581897507736,0.04877443985032133,0.8802156075418994,0.3276583231494414,0.03912796787709497,0.2892485333919699,71.08,Degraded,False,,False,0.5,0.0042552024939205586,0.02159348812849162,0.07263251124299559,0.19768254919588454,0.15959495524720113,0.6398114332523691
0768_RV.png,RV,transparent/periphery/10%,transparent,periphery,0.1,0.14922601150366943,0.6625276652007703,0.14877410824638557,0.18869822655284413,0.07543722093307541,0.07846507609626734,0.2164090458744235,0.07400052374301676,0.06160734549581006,0.03912796787709497,0.07081362730712684,92.92,Healthy,False,,False,1.0,0.02605258758760228,0.10915677374301676,0.11316676495740902,0.9993007691539307,0.9771242510920557,0.9968730096870545
0768_RV.png,RV,transparent/periphery/25%,transparent,periphery,0.25,0.29489197616913226,0.829226786129858,0.07528508261577845,0.0954881312543635,0.12350698927267814,0.10215165616309889,0.16304193066492612,0.09117493016759777,0.0672748996159218,0.03912796787709497,0.09460755347710183,90.54,Healthy,False,,False,1.0,0.023813125191981317,0.1026863652234637,0.11077152538099573,0.9400659274797724,0.8931313268263956,0.9757736198939532
0768_RV.png,RV,transparent/periphery/40%,transparent,periphery,0.4,0.4353036548384468,0.8843114456881602,0.05100110357874823,0.0646874507330916,0.16984284323355192,0.12967065401620567,0.12696559458688383,0.11749301675977654,0.07595986819134079,0.03912796787709497,0.1202379964514636,87.98,Healthy,False,,False,1.0,0.021729212385198825,0.09437194483240223,0.10863231805236312,0.863949655379083,0.8149724209664081,0.956929588708285
0768_RV.png,RV,transparent/periphery/60%,transparent,periphery,0.6,0.6284512080568578,0.9198670479596502,0.03532647642967806,0.04480647561067165,0.23358153579562763,0.18423246922039657,0.10684987939342962,0.25216043994413406,0.12040011784217877,0.03912796787709497,0.17350424864167874,82.65,Healthy,False,,False,1.0,0.018021689863105993,0.07819046787709497,0.10795733470092762,0.7158126061332534,0.6759186645736712,0.950983738040137
0768_RV.png,RV,opaque/centre/10%,opaque,centre,0.1,0.13782957240835025,0.0,0.11788137175577271,0.8821186282442273,0.13230540912658756,0.2509853601831447,0.052471776517757064,0.2706223812849162,0.2644677461592179,0.25252051326815644,0.22077432925660684,77.92,Degraded,False,,False,0.5,0.02499406123891925,0.10785832751396648,0.13427018117099143,0.9874138447707522,0.9374233284009709,1.1827705746075508
0768_RV.png,RV,opaque/centre/25%,opaque,centre,0.25,0.26847900215747417,0.0,0.028341374572642745,0.9716586254273573,0.2658919204093625,0.4523040284309377,0.07797670898994011,0.5145338687150838,0.514363215782123,0.5140319483240223,0.4212040709649392,57.88,Unreliable,True,,False,0.0,0.014527914196660144,0.06828299581005587,0.1271670381118536,0.6251123763859755,0.5448816641190941,1.1201998048036654
0768_RV.png,RV,opaque/centre/40%,opaque,centre,0.4,0.41476690271635863,0.0,0.01592554291623578,0.9840744570837642,0.4125210707591478,0.6050525116482764,0.04184491039231238,0.668579783519553,0.668579783519553,0.668579783519553,0.5727039881300485,42.73,Unreliable,True,,False,0.0,0.009486635205309152,0.047235073324022346,0.11552144889262712,0.4324243332334432,0.35580424743615086,1.0176151495038643
0768_RV.png,RV,opaque/centre/60%,opaque,centre,0.6,0.605744114127381,0.0,0.00644361833952912,0.9935563816604709,0.604417031607211,0.7875576427381877,0.014606903309917837,0.8802156075418994,0.8802156075418994,0.8802156075418994,0.7696786453203794,23.03,Unreliable,True,,False,0.0,0.00398929509935904,0.022073585893854747,0.075873455943283,0.20207771451403456,0.14962187434316046,0.6683605421609851
0768_RV.png,RV,opaque/periphery/10%,opaque,periphery,0.1,0.14922601150366943,0.0,0.14115719582650685,0.8588428041734931,0.1420641408920705,0.10155707706341116,0.16408464995721883,0.07400052374301676,0.0626966218575419,0.04075375349162011,0.09816501412966126,90.18,Healthy,False,,False,1.0,0.026018831310730753,0.10945137918994413,0.11260704374439016,1.001997802417341,0.9758581934827362,0.991942489932268
0768_RV.png,RV,opaque/periphery/25%,opaque,periphery,0.25,0.29489197616913226,0.0,0.06610716779148243,0.9338928322085176,0.2882638552304809,0.17356805582536072,0.12785977812860227,0.09117493016759777,0.0798710282821229,0.057928159916201115,0.17049798462960167,82.95,Healthy,False,,False,1.0,0.023764501740333586,0.10391934357541899,0.1083796087841634,0.9513535111377485,0.891307663299038,0.954703501845584
0768_RV.png,RV,opaque/periphery/40%,opaque,periphery,0.4,0.4353036548384468,0.0,0.04048754532555573,0.9595124546744442,0.4293113668435252,0.2574040290379118,0.09038495090852906,0.11749301675977654,0.10618911487430167,0.08424624650837989,0.24849026471415178,75.15,Degraded,False,,False,0.5,0.021644572318162303,0.09479748603351955,0.10641032060619586,0.8678453700928979,0.8117979239289315,0.937356268904442
0768_RV.png,RV,opaque/periphery/60%,opaque,periphery,0.6,0.6284512080568578,0.0,0.020795937728212723,0.9792040622717872,0.6240076691129479,0.42411939699808004,0.07872898915563396,0.25216043994413406,0.24085653805865923,0.21891366969273743,0.4107807350567721,58.92,Degraded,False,,False,0.5,0.01789961051923787,0.07743758729050279,0.11270515155048678,0.7089201877934272,0.6713399759098352,0.992806710306281
0769_RV.png,RV,baseline,baseline,,0.0,0.05334494280334387,0.0,0.4688429685615502,0.5311570314384498,0.04484140634717748,0.06851337960926358,0.3632276727889251,0.07042161312849161,0.05978177374301676,0.03912796787709497,0.05791914528413902,94.21,Healthy,False,,False,1.0,0.029418324703773525,0.13345626745810055,0.12677508829625275,1.0,1.0,1.0
0769_RV.png,RV,transparent/centre/10%,transparent,centre,0.1,0.13535898568689603,0.6059002471639521,0.1847708980290259,0.20932885480702199,0.0719060404987497,0.11894209404899572,0.16628778052976204,0.26097678072625696,0.12266497905027933,0.03912796787709497,0.10632043198443536,89.37,Healthy,False,,False,1.0,0.0268612824350102,0.12245766410614525,0.12801581578866128,0.9175864606328183,0.9130799495038775,1.0097868398995642
0769_RV.png,RV,transparent/centre/25%,transparent,centre,0.25,0.27803536885087693,0.8081361266236772,0.08995402795347258,0.10190984542285027,0.1189892469428634,0.19487540661977423,0.06650868409137366,0.5784959846368715,0.22744631634078213,0.03912796787709497,0.18513792260510414,81.49,Healthy,False,,False,1.0,0.01965020580274088,0.09180778631284917,0.12302109049360549,0.6879241272177256,0.6679580159851973,0.9703885214903201
0769_RV.png,RV,transparent/centre/40%,transparent,centre,0.4,0.42398442157817307,0.8741818328966403,0.05898896296371233,0.06682920413964734,0.16715243434287114,0.25562364704503476,0.04836155303115375,0.8161007332402235,0.3058558833798883,0.03912796787709497,0.24917517776832707,75.08,Degraded,False,,False,0.5,0.00981265001310728,0.05058484636871508,0.1013524946272079,0.3790368735181097,0.33355570420529757,0.7994669614456399
0769_RV.png,RV,transparent/centre/60%,transparent,centre,0.6,0.617234915909978,0.9135743273293306,0.04052006893484545,0.045905603735823884,0.23092509747236678,0.30989878206513716,0.0568800476209902,0.951913844273743,0.3506742100209498,0.03912796787709497,0.30251684786963107,69.75,Degraded,False,,False,0.5,0.002537608817461391,0.013857367318435754,0.07518847277489986,0.10383451884555638,0.08625946048980446,0.5930855484730299
0769_RV.png,RV,transparent/periphery/10%,transparent,periphery,0.1,0.15334794525248452,0.6521313492951444,0.16309577086596555,0.18477287983889013,0.0778423971553939,0.07981394590086739,0.3037267662567823,0.07474249301675978,0.061207664106145254,0.03912796787709497,0.0717799685593365,92.82,Healthy,False,,False,1.0,0.029293959133657357,0.1328452339385475,0.1268877764624859,0.9954214700351567,0.9957725135143329,1.0008888825694982
0769_RV.png,RV,transparent/periphery/25%,transparent,periphery,0.25,0.3022951579073787,0.8235335849484946,0.08273503788416244,0.093731377167343,0.12699497733150902,0.10634076255244632,0.16180219424529077,0.1346783344972067,0.08098649179469275,0.03912796787709497,0.1023953186830637,89.76,Healthy,False,,False,1.0,0.025578641421568196,0.1151470844972067,0.12374578179471639,0.8628076199820129,0.8694798796033137,0.9761048756325268
0769_RV.png,RV,transparent/periphery/40%,transparent,periphery,0.4,0.4485401663356824,0.8810698644022414,0.055759557825080804,0.06317057777267772,0.17525583011284918,0.13914579625936285,0.09689600679210494,0.213632594273743,0.10704139752094974,0.03912796787709497,0.13713704692004353,86.29,Healthy,False,,False,1.0,0.021099992403732577,0.09393549231843576,0.12001586718151466,0.7038672226310196,0.7172397686203408,0.9466833649609229
0769_RV.png,RV,transparent/periphery/60%,transparent,periphery,0.6,0.6412587982482854,0.9168121467509448,0.039002040065549644,0.04418581318350557,0.2388529786440082,0.1951624702746983,0.03819491748472592,0.3815576990223464,0.16245668208798883,0.03912796787709497,0.19518730751080748,80.48,Healthy,False,,False,1.0,0.01695993704818002,0.07336766759776536,0.1181313876844457,0.5497506336358434,0.5765092750507492,0.9318186188787491
0769_RV.png,RV,opaque/centre/10%,opaque,centre,0.1,0.13535898568689603,0.0,0.12263134545915458,0.8773686545408454,0.12971523914507405,0.22764855993161814,0.024439656392789992,0.26097678072625696,0.2576119500698324,0.25108021997206703,0.2102539197509406,78.97,Degraded,False,,False,0.5,0.026805615646967342,0.12235946229050279,0.13585827055436747,0.916850625459897,0.911187700757445,1.0716480057729385
0769_RV.png,RV,opaque/centre/25%,opaque,centre,0.25,0.27803536885087693,0.0,0.05134059424269538,0.9486594057573046,0.273182038491398,0.4594399333559407,0.03944509037682629,0.5784959846368715,0.5771418907122905,0.5745133554469274,0.4506433478391178,54.94,Unreliable,True,,False,0.0,0.01949679986821345,0.09165502793296089,0.12951360898205821,0.6867794947265147,0.6627433772839068,1.021601410202973
0769_RV.png,RV,opaque/centre/40%,opaque,centre,0.4,0.42398442157817307,0.0,0.02624204594887151,0.9737579540511285,0.42020150722946864,0.645273617575523,0.0390284844688413,0.8161007332402235,0.8161007332402235,0.8161007332402235,0.646082830737587,35.39,Unreliable,True,,False,0.0,0.009508026041353713,0.05135954958100559,0.09621913241592647,0.384841795437822,0.32320079872305263,0.7589750771151349
0769_RV.png,RV,opaque/centre/60%,opaque,centre,0.6,0.617234915909978,0.0,0.012709862130309096,0.9872901378696909,0.6145676258776803,0.8108655561565936,0.06074991608927097,0.951913844273743,0.951913844273743,0.951913844273743,0.8083954923197794,19.16,Unreliable,True,,False,0.0,0.0022265254436180065,0.015745024441340783,0.05050669435255421,0.11797890605837627,0.07568498430953845,0.3983960495024723
0769_RV.png,RV,opaque/periphery/10%,opaque,periphery,0.1,0.15334794525248452,0.0,0.16309577086596555,0.8369042291340345,0.14484440879631813,0.10275751988685086,0.2848586358713015,0.07474249301675978,0.06410265363128492,0.043448847765363126,0.09992164005746468,90.01,Healthy,False,,False,1.0,0.029286348381429603,0.13336897695530725,0.12665550366683553,0.9993459242907367,0.9955138056407749,0.9990567182320728
0769_RV.png,RV,opaque/periphery/25%,opaque,periphery,0.25,0.3022951579073787,0.0,0.07925877578818923,0.9207412242118108,0.2941489128989504,0.1832876076727617,0.10050789553015438,0.1346783344972067,0.12403849511173186,0.10338468924581005,0.19284635421620638,80.72,Healthy,False,,False,1.0,0.02548063621916658,0.11579085195530726,0.12064069281489402,0.8676314283378301,0.8661484457644235,0.9516119802099948
0769_RV.png,RV,opaque/periphery/40%,opaque,periphery,0.4,0.4485401663356824,0.0,0.04818597356895595,0.9518140264310441,0.44119162917179583,0.2830916991860826,0.048588788188087886,0.213632594273743,0.20299275488826818,0.18233894902234637,0.2984821004626708,70.15,Degraded,False,,False,0.5,0.020946531109630278,0.09564856843575419,0.11047092864547255,0.7167034584253128,0.7120232481132225,0.8713930325752955
0769_RV.png,RV,opaque/periphery/60%,opaque,periphery,0.6,0.6412587982482854,0.0,0.030420387278017456,0.9695796127219826,0.6346263023123148,0.4533618144380179,0.006226136735877325,0.3815576990223464,0.3710625436452514,0.35068959497206703,0.4748214524832003,52.52,Degraded,False,,False,0.5,0.016800149113712273,0.07296394902234637,0.10769843564520849,0.5467255334805005,0.5710776967376833,0.8495236492640792
0770_RV.png,RV,baseline,baseline,,0.0,0.05560535808495216,0.0,0.49151496451712434,0.5084850354828756,0.04631286377888249,0.0687779494558968,0.3852571246982983,0.06903587639664804,0.058867187499999994,0.03912796787709497,0.05807411897043378,94.19,Healthy,False,,False,1.0,0.03444705650054128,0.13578037709497207,0.11417937400797669,1.0,1.0,1.0
0770_RV.png,RV,transparent/centre/10%,transparent,centre,0.1,0.15332220997413604,0.6373300509147877,0.17825770715604544,0.1844122419291669,0.07855942490231319,0.13636843958662342,0.19452907914801137,0.3032253840782123,0.1361497250349162,0.03912796787709497,0.11893824936064745,88.11,Healthy,False,,False,1.0,0.03208456651282146,0.1326379189944134,0.12207766457251623,0.9768563162970106,0.9314167819336698,1.0691744076648009
0770_RV.png,RV,transparent/centre/25%,transparent,centre,0.25,0.2841389190325251,0.8043022114876595,0.09618839157672276,0.09950939693561778,0.12172893889158158,0.20317019891004934,0.12078175329009916,0.5678683659217877,0.22348190904329615,0.03912796787709497,0.18686250495780773,81.31,Healthy,False,,False,1.0,0.024348395756223124,0.10333013268156424,0.11457227890110036,0.7610093217614915,0.7068353069830663,1.0034411196990467
0770_RV.png,RV,transparent/centre/40%,transparent,centre,0.4,0.4230493731315116,0.8685605945392423,0.06460443471119627,0.0668349707495615,0.16756938874424712,0.2567983444717453,0.0958421911227522,0.7829194308659218,0.29444876047486035,0.03912796787709497,0.2450898241547419,75.49,Degraded,False,,False,0.5,0.008621033352518225,0.0376549406424581,0.08363398931987977,0.2773224043715847,0.25026908619558713,0.7324789616909005
0770_RV.png,RV,transparent/centre/60%,transparent,centre,0.6,0.6108997482231935,0.9089779325549229,0.04473870825054238,0.046283359194534746,0.22956001252450214,0.3061178843466369,0.0691285764585874,0.9155682611731844,0.338222874476257,0.03912796787709497,0.2959925188518445,70.4,Degraded,False,,False,0.5,0.0012836635310952667,0.008543557960893854,0.06162518901155758,0.06292189006750241,0.03726482496625208,0.5397226035523052
0770_RV.png,RV,transparent/periphery/10%,transparent,periphery,0.1,0.1552180421458075,0.6417596993478502,0.1760804686636454,0.18215983198850447,0.07918504951896477,0.08079156697967246,0.3518459166859827,0.06903587639664804,0.058867187499999994,0.03912796787709497,0.07153985994959117,92.85,Healthy,False,,False,1.0,0.034446583194647225,0.13578037709497207,0.11417804352382228,1.0,0.9999862599031053,0.9999883474211874
0770_RV.png,RV,transparent/periphery/25%,transparent,periphery,0.25,0.2982632976327833,0.813569559089994,0.09163335154879347,0.09479708936121257,0.1263899838296668,0.10404988073785607,0.2650229334220672,0.09473201815642458,0.06734691428072627,0.03912796787709497,0.09607072508254735,90.39,Healthy,False,,False,1.0,0.03388786701768849,0.13327077513966482,0.11407436464824366,0.9815171970427516,0.9837666976612646,0.9990803123537384
0770_RV.png,RV,transparent/periphery/40%,transparent,periphery,0.4,0.44275401792033214,0.8744102688302252,0.06172923225962703,0.06386049891014774,0.17407192152455786,0.13738850090607044,0.12673466002722752,0.1602108065642458,0.08895491445530725,0.03912796787709497,0.1290200925113114,87.1,Healthy,False,,False,1.0,0.029954159222964478,0.12041724860335196,0.11285487127907277,0.8868531018964964,0.8695709377227572,0.9883998074046948
0770_RV.png,RV,transparent/periphery/60%,transparent,periphery,0.6,0.6326117447231956,0.9121019194651805,0.043203221935195164,0.04469485859962438,0.23672497136950285,0.194829514444502,0.09362939570070715,0.32442606494413406,0.1431459497206704,0.03912796787709497,0.1867247256324696,81.33,Healthy,False,,False,1.0,0.0214565465466475,0.09160047136871509,0.11228542655091837,0.6746223079395693,0.6228847607432103,0.9834125254800749
0770_RV.png,RV,opaque/centre/10%,opaque,centre,0.1,0.15332220997413604,0.0,0.16692776814189,0.83307223185811,0.14462034030616402,0.2749309205008084,0.07006042792203054,0.3032253840782123,0.29455918296089384,0.27773655726256985,0.24368905142644925,75.63,Degraded,False,,False,0.5,0.032033834291913345,0.13250698324022347,0.13093719280150376,0.9758919961427195,0.929944022689137,1.1467674782693795
0770_RV.png,RV,opaque/centre/25%,opaque,centre,0.25,0.2841389190325251,0.0,0.06187636802777568,0.9381236319722244,0.27816121436200103,0.4829812889411753,0.038675749372425926,0.5678683659217877,0.5656090694832403,0.5612233763966481,0.454586378784249,54.54,Unreliable,True,,False,0.0,0.024176472802901278,0.10366838337988826,0.13208781338535283,0.7635004821600772,0.7018443739168653,1.1568447850846078
0770_RV.png,RV,opaque/centre/40%,opaque,centre,0.4,0.4230493731315116,0.0,0.026158104449919395,0.9738418955500806,0.4192868754369636,0.6487007100019816,0.03921613268033159,0.7829194308659218,0.7829194308659218,0.7829194308659218,0.6335640479780522,36.64,Unreliable,True,,False,0.0,0.008303610291314665,0.0371966655027933,0.10851965267920251,0.2739472838315654,0.24105427676191105,0.9504313158313621
0770_RV.png,RV,opaque/centre/60%,opaque,centre,0.6,0.6108997482231935,0.0,0.0086360030050482,0.9913639969949518,0.6091059993223042,0.7997352679534506,0.024640889452593802,0.9155682611731844,0.9155682611731844,0.9155682611731844,0.7888796846520002,21.11,Unreliable,True,,False,0.0,0.0009597954095591806,0.010867667597765363,0.07534749657703266,0.08003857280617165,0.027862915066316305,0.6599046214053407
0770_RV.png,RV,opaque/periphery/10%,opaque,periphery,0.1,0.1552180421458075,0.0,0.17356582292472642,0.8264341770752736,0.14605825609175482,0.10523389852946169,0.3389166230966221,0.06903587639664804,0.058867187499999994,0.03912796787709497,0.09893452138636494,90.11,Healthy,False,,False,1.0,0.03444609863125468,0.13578037709497207,0.11417500820523592,1.0,0.9999721930003923,0.9999617636479556
0770_RV.png,RV,opaque/periphery/25%,opaque,periphery,0.25,0.2982632976327833,0.0,0.06902700681641692,0.9309729931835831,0.2912633019219964,0.17690474024774394,0.2308952523156534,0.09473201815642458,0.08456332925977653,0.0648241096368715,0.1742757443548327,82.57,Healthy,False,,False,1.0,0.03386695150368875,0.13313983938547486,0.11532784807424494,0.9805528768884603,0.9831595191059819,1.0100585072938657
0770_RV.png,RV,opaque/periphery/40%,opaque,periphery,0.4,0.44275401792033214,0.0,0.042644708161782514,0.9573552918382174,0.4363344385205646,0.2783770250599941,0.07725449112963757,0.1602108065642458,0.15004211766759773,0.13030289804469275,0.2744302861412067,72.56,Degraded,False,,False,0.5,0.029836507579036862,0.12022084497206705,0.11615728260703984,0.8854066216650596,0.866155503840162,1.0173228187336618
0770_RV.png,RV,opaque/periphery/60%,opaque,periphery,0.6,0.6326117447231956,0.0,0.025283241462075137,0.9747167585379248,0.627173623055378,0.45330211419005734,0.054405437394429816,0.32442606494413406,0.314257376047486,0.294518156424581,0.449845671592625,55.02,Degraded,False,,False,0.5,0.02125750582246789,0.09309532122905027,0.11431052002774221,0.6856316297010607,0.6171065972540749,1.0011485964159899
4842_RV.png,RV,baseline,baseline,,0.0,0.07711576157122453,0.0,0.5014739418210135,0.4985260581789866,0.06396743629446305,0.11527316789301391,0.22829008195995398,0.17944745111731844,0.15016192388268157,0.09331354748603352,0.11383695080931572,88.62,Healthy,False,,False,1.0,0.021880649308705966,0.08717047835195531,0.09824359649498092,1.0,1.0,1.0
4842_RV.png,RV,transparent/centre/10%,transparent,centre,0.1,0.13699317586202459,0.4370831898306146,0.2822881117129528,0.28062869845643257,0.0837269830104271,0.15568332060859472,0.21811860843217332,0.31115790851955305,0.193626374825419,0.09331354748603352,0.14927364101587415,85.07,Healthy,False,,False,1.0,0.01992455301363537,0.08525008729050279,0.10710579728778952,0.9779697083489798,0.9106015426017411,1.0902063962332786
4842_RV.png,RV,transparent/centre/25%,transparent,centre,0.25,0.2578117292820286,0.7008834245595355,0.14999916815013226,0.14911740729033224,0.1235971056390284,0.21704500831719098,0.15226597213486454,0.5594557437150838,0.2755646604399441,0.09331354748603352,0.21241849836284343,78.76,Degraded,False,,False,0.5,0.015465716473456353,0.07127269553072625,0.1064878649028402,0.817624233320816,0.7068216420480168,1.0839165981497885
4842_RV.png,RV,transparent/centre/40%,transparent,centre,0.4,0.4024740180919007,0.8083956774729842,0.0960845748875674,0.09551974763944839,0.17133566094628622,0.2744349564443038,0.12312126211935942,0.767305342178771,0.34415502793296093,0.09331354748603352,0.2713931963903614,72.86,Degraded,False,,False,0.5,0.010664945859073236,0.04919910963687151,0.09034668789172565,0.5644010514457379,0.48741450532867975,0.9196191010407614
4842_RV.png,RV,transparent/centre/60%,transparent,centre,0.6,0.6000008578426116,0.8714739144732139,0.06445248273594212,0.06407360279084397,0.2365195180640208,0.3292866780318402,0.07896531615318579,0.9201073673184358,0.39457969622905037,0.09331354748603352,0.3275737373203785,67.24,Degraded,False,,False,0.5,0.004832202766923057,0.020960631983240222,0.06238755234226136,0.2404556264864188,0.22084366413205114,0.6350291985233727
4842_RV.png,RV,transparent/periphery/10%,transparent,periphery,0.1,0.17704155818531975,0.5644200019381723,0.21843201860645411,0.2171479794553736,0.09694294917711449,0.12662558375398866,0.2958286387818111,0.17944745111731844,0.15016192388268157,0.09331354748603352,0.12713532943240358,87.29,Healthy,False,,False,1.0,0.021878121200127262,0.08717047835195531,0.09824322125659922,1.0,0.9998844591610132,0.9999961805308938
4842_RV.png,RV,transparent/periphery/25%,transparent,periphery,0.25,0.3214679402769974,0.7601136788173133,0.12029673907242355,0.11958958211026312,0.1446036552673681,0.14874944876268079,0.2980500285451128,0.18760911312849163,0.15285527234636873,0.09331354748603352,0.14914804014756217,85.09,Healthy,False,,False,1.0,0.021645775019000515,0.08660309008379888,0.09892723756475438,0.9934910501940167,0.9892656618004477,1.0069586323604143
4842_RV.png,RV,transparent/periphery/40%,transparent,periphery,0.4,0.4662846407569603,0.8346165521428375,0.08293548950888134,0.08244795834828123,0.19239316642575588,0.17706684291044364,0.20287102115530403,0.22068130237430167,0.16376909479748605,0.09331354748603352,0.17634564071985426,82.37,Healthy,False,,False,1.0,0.020760243886878568,0.08226038756983241,0.10104068050897302,0.9436725497559144,0.9487946904125187,1.0284709040973983
4842_RV.png,RV,transparent/periphery/60%,transparent,periphery,0.6,0.6545081773846952,0.8821775430226615,0.05908489193546273,0.05873756504187583,0.2545069335129084,0.22924913078597492,0.10502419600516844,0.39190162360335196,0.22027180080307263,0.09331354748603352,0.23323553961089405,76.68,Degraded,False,,False,0.5,0.014697645854767618,0.062216305865921785,0.10575437600197683,0.7137313806483915,0.6717189077620132,1.0764505756604668
4842_RV.png,RV,opaque/centre/10%,opaque,centre,0.1,0.13699317586202459,0.0,0.14336704342653184,0.8566329565734682,0.13031547162042179,0.25003105193774305,0.21150189132596564,0.31115790851955305,0.2951647608240224,0.26411923882681565,0.2321698613970584,76.78,Degraded,False,,False,0.5,0.01989789784972927,0.08599205656424581,0.1321528874107918,0.9864814119414195,0.9093833354301881,1.3451552276747445
4842_RV.png,RV,opaque/centre/25%,opaque,centre,0.25,0.2578117292820286,0.0,0.020746335701332625,0.9792536642986673,0.2559931887296638,0.44467174547091504,0.12643892594518802,0.5594557437150838,0.5548295652932961,0.5458493365921788,0.4321313063774921,56.79,Unreliable,True,,False,0.0,0.015356674591840693,0.07119631634078212,0.1415589646704744,0.8167480285392414,0.701838157322439,1.4408976230599049
4842_RV.png,RV,opaque/centre/40%,opaque,centre,0.4,0.4024740180919007,0.0,0.005776157895858644,0.9942238421041414,0.40168360190955765,0.6202090505274512,0.10839517975177594,0.767305342178771,0.7652946054469274,0.7613914106145251,0.6126856379098736,38.73,Unreliable,True,,False,0.0,0.010496930158524272,0.04993016759776536,0.12435670621168668,0.572787582926524,0.4797357706541052,1.2657996108483247
4842_RV.png,RV,opaque/centre/60%,opaque,centre,0.6,0.6000008578426116,0.0,0.0,1.0,0.6000008578426116,0.7874615362494788,0.06843827561817738,0.9201073673184358,0.9201073673184358,0.9201073673184358,0.7842816651550014,21.57,Unreliable,True,,False,0.0,0.004618628287950798,0.023644814944134077,0.08431614887212734,0.2712479659531856,0.21108278016745685,0.8582355683246479
4842_RV.png,RV,opaque/periphery/10%,opaque,periphery,0.1,0.17704155818531975,0.0,0.2179959298381626,0.7820040701618374,0.1639194828924737,0.14969706477914926,0.387218374032392,0.17944745111731844,0.15016192388268157,0.09331354748603352,0.15414973385455952,84.59,Healthy,False,,False,1.0,0.0218790672961641,0.08717047835195531,0.09812186350473635,1.0,0.9999276980989208,0.9987609066179618
4842_RV.png,RV,opaque/periphery/25%,opaque,periphery,0.25,0.3214679402769974,0.0,0.10618028499759834,0.8938197150024016,0.3098625307214885,0.21817907218516608,0.3570357490627874,0.18760911312849163,0.15893200069832403,0.10326466480446927,0.22198528115132599,77.8,Degraded,False,,False,0.5,0.021635711507246635,0.08784697974860335,0.09791097000610759,1.0077606709225184,0.9888057343270031,0.9966142679956721
4842_RV.png,RV,opaque/periphery/40%,opaque,periphery,0.4,0.4662846407569603,0.0,0.07022288452870455,0.9297771154712955,0.4551517309119296,0.3045202443531393,0.22301576398028727,0.22068130237430167,0.19248646997206703,0.1377553247206704,0.3048961805683475,69.51,Degraded,False,,False,0.5,0.020734413291130366,0.08259863826815643,0.10337769016609452,0.9475528852171736,0.9476141680530692,1.0522588123224488
4842_RV.png,RV,opaque/periphery/60%,opaque,periphery,0.6,0.6545081773846952,0.0,0.041653013879969066,0.9583469861200309,0.6452390163976615,0.4658907762656915,0.09802621691388434,0.39190162360335196,0.36832184008379887,0.3225493191340782,0.4806676738325254,51.93,Degraded,False,,False,0.5,0.014550540650669384,0.06372206703910614,0.11430062379970418,0.7310051320565778,0.6649958346930752,1.1634409557221737
4834_RV.png,RV,baseline,baseline,,0.0,0.07713720763651492,0.0,0.46129893238434166,0.5387010676156584,0.0650388817163715,0.11716921147756483,0.23090962165883344,0.17944745111731844,0.1526809095670391,0.10072232891061453,0.11573479178499654,88.43,Healthy,False,,False,1.0,0.02123292827543874,0.08480272346368715,0.09822042623466194,1.0,1.0,1.0
4834_RV.png,RV,transparent/centre/10%,transparent,centre,0.1,0.15486203746198685,0.5018972441490098,0.22977426949176014,0.26832848635923,0.09068807555877725,0.16892504047752566,0.1672744236815277,0.3760693086592179,0.21756612255586597,0.10072232891061453,0.16491038383323725,83.51,Healthy,False,,False,1.0,0.01742905617803205,0.07418601606145252,0.10183058205142659,0.8748069994853319,0.8208503298244156,1.0367556521098726
4834_RV.png,RV,transparent/centre/25%,transparent,centre,0.25,0.2817369597200002,0.7262084189693233,0.12629976402527213,0.1474918170054046,0.13255679990392163,0.233734730258829,0.07107258112963279,0.6412251222067039,0.3050675410265363,0.10072232891061453,0.23191447545943972,76.81,Degraded,False,,False,0.5,0.011396759711751794,0.050224773044692736,0.09068552100400602,0.5922542460113227,0.5367493152103299,0.9232857612259389
4834_RV.png,RV,transparent/centre/40%,transparent,centre,0.4,0.41625954886057054,0.8146896381172204,0.08548347209628225,0.0998268897864974,0.17694925432030983,0.2814881660891667,0.026108530121430013,0.7870439071229051,0.3531877400488827,0.10072232891061453,0.2788063221423961,72.12,Degraded,False,,False,0.5,0.006567248472738669,0.03281031773743017,0.07528275066888929,0.3869016984045291,0.3092954672830198,0.766467358724636
4834_RV.png,RV,transparent/centre/60%,transparent,centre,0.6,0.6076914168557495,0.8730651684441589,0.058554902279095704,0.06837992927674531,0.24012177075871893,0.33232254355509855,0.041855448019011525,0.9123166899441341,0.39452775837988835,0.10072232891061453,0.3295443976461006,67.05,Degraded,False,,False,0.5,0.003715765144177168,0.01658519553072626,0.06223394695537829,0.19557385486361298,0.17500012697143574,0.6336151179663274
4834_RV.png,RV,transparent/periphery/10%,transparent,periphery,0.1,0.1771402100856556,0.5645415143223806,0.2008765345407879,0.2345819511368314,0.09803987252458791,0.126395814890498,0.21081069065036087,0.17944745111731844,0.1526809095670391,0.10072232891061453,0.12840307005134144,87.16,Healthy,False,,False,1.0,0.02123292827543874,0.08480272346368715,0.09822042623466194,1.0,1.0,1.0
4834_RV.png,RV,transparent/periphery/25%,transparent,periphery,0.25,0.32713827993977945,0.7642061098728202,0.10877146977841877,0.127022420348761,0.14753923557644882,0.14824632882861224,0.11534505988974958,0.18973681913407822,0.15607640101256987,0.10072232891061453,0.15116622972654625,84.88,Healthy,False,,False,1.0,0.021137291164392953,0.08414804469273743,0.098931368238774,0.9922799794132784,0.9954958115147775,1.007238229677537
4834_RV.png,RV,transparent/periphery/40%,transparent,periphery,0.4,0.4771363497939033,0.8383329887361675,0.0745768196977733,0.08709019156605928,0.1970385986283097,0.17887718145840995,0.07372696391785777,0.250065467877095,0.17598485509776537,0.10072232891061453,0.18316867606512205,81.68,Healthy,False,,False,1.0,0.01690543756451239,0.07201466480446927,0.09555862790120184,0.8492022645393721,0.79618964210734,0.9728997476848583
4834_RV.png,RV,transparent/periphery/60%,transparent,periphery,0.6,0.6749119639019829,0.8857077489180241,0.05272289340391863,0.06156935767805734,0.26230455128397595,0.23749951502723451,0.05232915306678734,0.3958187849162011,0.22408344972067037,0.10072232891061453,0.23957459978163126,76.04,Degraded,False,,False,0.5,0.013096172445941811,0.04747512220670391,0.09194165711524578,0.5598301595470921,0.6167859786485904,0.9360747111357944
4834_RV.png,RV,opaque/centre/10%,opaque,centre,0.1,0.15486203746198685,0.0,0.14701564880210496,0.8529843511978951,0.1471212088718083,0.2833928079955598,0.10932999743030072,0.3760693086592179,0.3603877880586593,0.32994718924581007,0.27330932028367416,72.67,Degraded,False,,False,0.5,0.017357788499948457,0.07347678072625698,0.13348920702618605,0.8664436438497168,0.8174938602334534,1.3590778633688902
4834_RV.png,RV,opaque/centre/25%,opaque,centre,0.25,0.2817369597200002,0.0,0.05686229732815711,0.9431377026718429,0.27629008805754407,0.48419203874336375,0.025033565089780246,0.6412251222067039,0.6313791899441341,0.612266497905028,0.480696314017926,51.93,Unreliable,True,,False,0.0,0.01125305063980161,0.05337814245810056,0.13240066665626612,0.629439011837365,0.5299810979354465,1.34799523614307
4834_RV.png,RV,opaque/centre/40%,opaque,centre,0.4,0.41625954886057054,0.0,0.019742807682796144,0.9802571923172039,0.4134653839060147,0.6337085479656112,0.04071552690270411,0.7870439071229051,0.783946185405028,0.7779329608938548,0.627730653723499,37.23,Unreliable,True,,False,0.0,0.006379968482979181,0.03285396298882681,0.1138578628770137,0.3874163664436438,0.30047520531396654,1.1592075827994455
4834_RV.png,RV,opaque/centre/60%,opaque,centre,0.6,0.6076914168557495,0.0,0.008752179222044198,0.9912478207779558,0.6058830846304628,0.7891884308006389,0.06240017453770942,0.9123166899441341,0.9113335806564246,0.9094251920391061,0.7830548868919003,21.69,Unreliable,True,,False,0.0,0.003532852999630316,0.016563372905027934,0.0808040450235809,0.1953165208440556,0.16638557592251443,0.8226806594234184
4834_RV.png,RV,opaque/periphery/10%,opaque,periphery,0.1,0.1771402100856556,0.0,0.2008765345407879,0.7991234654592121,0.16504188416551216,0.1451286157591806,0.2244726888994762,0.17944745111731844,0.1526809095670391,0.10072232891061453,0.15412351380422346,84.59,Healthy,False,,False,1.0,0.021232951111654123,0.08480272346368715,0.09820872390135915,1.0,1.0000010755094675,0.9998808564190627
4834_RV.png,RV,opaque/periphery/25%,opaque,periphery,0.25,0.32713827993977945,0.0,0.10877146977841877,0.8912285302215812,0.315039954019636,0.2113422943595267,0.06756343943398868,0.18973681913407822,0.1629702775837989,0.1110116969273743,0.22310278554726837,77.69,Degraded,False,,False,0.5,0.021132809564277166,0.08654853351955308,0.09499909979198894,1.020586721564591,0.9952847431186689,0.967203090373719
4834_RV.png,RV,opaque/periphery/40%,opaque,periphery,0.4,0.4771363497939033,0.0,0.0745768196977733,0.9254231803022267,0.4650380238737598,0.3041630599043682,0.03362694728216682,0.250065467877095,0.22329892632681567,0.17134034567039105,0.32007989566416467,67.99,Degraded,False,,False,0.5,0.01681456020093338,0.07060710544692737,0.09828000809639859,0.8326042202779207,0.791909621829396,1.0006066137566365
4834_RV.png,RV,opaque/periphery/60%,opaque,periphery,0.6,0.6749119639019829,0.0,0.05103876047816665,0.9489612395218333,0.6632000960783726,0.4822642124251332,0.0310192377004782,0.3958187849162011,0.3700353526536313,0.31998516061452514,0.49165343361250424,50.83,Degraded,False,,False,0.5,0.012991309305799061,0.04718051675977654,0.1120953636474249,0.5563561502830674,0.6118472750094861,1.1412632580071873
4836_RV.png,RV,baseline,baseline,,0.0,0.0782052216879769,0.0,0.508418801074974,0.49158119892502605,0.06468647997151963,0.11695270895379056,0.22657979997288227,0.18221892458100558,0.15199109636871508,0.09331354748603352,0.11528819522507909,88.47,Healthy,False,,False,1.0,0.01663116568021109,0.07788495111731844,0.09847020063806367,1.0,1.0,1.0
4836_RV.png,RV,transparent/centre/10%,transparent,centre,0.1,0.15695946264738808,0.5017489205880745,0.2533202164289228,0.24493086298300268,0.09067537948812532,0.17061095628568934,0.1669071606247312,0.38204870810055863,0.21793492493016764,0.09331354748603352,0.16555987070421146,83.44,Healthy,False,,False,1.0,0.014472279631694604,0.07257114175977654,0.10783803989116758,0.9317736060521155,0.8701903348190875,1.0951337480009438
4836_RV.png,RV,transparent/centre/25%,transparent,centre,0.25,0.2784342656652784,0.7191250096279751,0.14280212585688978,0.13807286451513517,0.13076206448402913,0.23493568804845139,0.1418597332113636,0.6238215782122905,0.29771997206703915,0.09331354748603352,0.22879731458655983,77.12,Degraded,False,,False,0.5,0.009539911896233053,0.049722852653631286,0.09842566235548052,0.6384141216026898,0.5736165509784019,0.9995476978589
4836_RV.png,RV,transparent/centre/40%,transparent,centre,0.4,0.4213251094821633,0.8143827179346221,0.09437131600647466,0.09124596605890317,0.17791604294360117,0.28405122653091497,0.08536717351211041,0.7626680342178771,0.3435393025488827,0.09331354748603352,0.27600590186190793,72.4,Degraded,False,,False,0.5,0.007419070935950061,0.038015013966480445,0.08689094180171822,0.48809190249369566,0.4460944637679718,0.8824084975828771
4836_RV.png,RV,transparent/centre/60%,transparent,centre,0.6,0.61231518853236,0.8722794679070028,0.06493551979937937,0.06278501229361783,0.24094276903016607,0.3339825299857376,0.06559117627722048,0.9091633205307262,0.39188274703212295,0.09331354748603352,0.3292306885176203,67.08,Degraded,False,,False,0.5,0.0029827189878356476,0.018592877094972066,0.06869131622769524,0.23872233118520592,0.17934515506538984,0.6975848102531702
4836_RV.png,RV,transparent/periphery/10%,transparent,periphery,0.1,0.17820822413711757,0.5611581784923462,0.22311543275247905,0.21572638875517475,0.09768747077973604,0.12838827019012858,0.2727445935844522,0.18863477653631286,0.1541083275139665,0.09331354748603352,0.12946605329654598,87.05,Healthy,False,,False,1.0,0.016539756698690813,0.07696840083798882,0.09844409323735655,0.9882319977584757,0.9945037537790246,0.9997348700364379
4836_RV.png,RV,transparent/periphery/25%,transparent,periphery,0.25,0.3282062939912414,0.7617193115435382,0.12114638194435369,0.1171343065121081,0.14718683383159692,0.1526287029124907,0.20235187685995304,0.21209409916201116,0.16184990398044694,0.09331354748603352,0.15468462261540505,84.53,Healthy,False,,False,1.0,0.016312557529309404,0.07463337988826815,0.09999297988323667,0.9582516110955449,0.9808427047731966,1.0154643662276075
4836_RV.png,RV,transparent/periphery/40%,transparent,periphery,0.4,0.4782043638453653,0.8364606691183065,0.08314647053547404,0.0803928603462194,0.19668619688345781,0.1811687125337885,0.1475814755329494,0.2393178247206704,0.17083373341480446,0.09331354748603352,0.18168996619109568,81.83,Healthy,False,,False,1.0,0.01603374104424308,0.07425148393854748,0.10243193518880364,0.9533482768282431,0.9640780058682917,1.040232827038727
4836_RV.png,RV,transparent/periphery/60%,transparent,periphery,0.6,0.6778800993381744,0.8846326632625299,0.058654923027277386,0.0567124137101928,0.2625791895960848,0.23671787360822838,0.10740326347140942,0.36036792946927376,0.21078026798184357,0.09331354748603352,0.23410122615403137,76.59,Degraded,False,,False,0.5,0.010319593173453764,0.051457751396648044,0.09863566205338503,0.6606892687027178,0.6204972863527377,1.0016803196728474
4836_RV.png,RV,opaque/centre/10%,opaque,centre,0.1,0.15695946264738808,0.0,0.17265125430398426,0.8273487456960157,0.1477457182930648,0.2892090220500764,0.11342330417448244,0.38204870810055863,0.3627723463687151,0.32535352653631283,0.2761953606504284,72.38,Degraded,False,,False,0.5,0.014425676168997452,0.07268025488826815,0.12545420731884913,0.9331745586999158,0.8673881582553241,1.2740322098049508
4836_RV.png,RV,opaque/centre/25%,opaque,centre,0.25,0.2784342656652784,0.0,0.04572132789031811,0.9542786721096819,0.27410593498410846,0.4935630946196539,0.10362989673443287,0.6238215782122905,0.6169732018156424,0.6036792946927374,0.4770899896073857,52.29,Unreliable,True,,False,0.0,0.009449999684048513,0.0485116969273743,0.1314948255331937,0.6228635472121042,0.5682103026183412,1.335376841736264
4836_RV.png,RV,opaque/centre/40%,opaque,centre,0.4,0.4213251094821633,0.0,0.024799193720795285,0.9752008062792047,0.4177726116589389,0.6436743366212967,0.060919445695653565,0.7626680342178771,0.7577932960893854,0.7483305691340782,0.6215514029198248,37.84,Unreliable,True,,False,0.0,0.007298119914387561,0.03822232891061453,0.12229439649697504,0.49075371252451666,0.4388219115074639,1.241943204182953
4836_RV.png,RV,opaque/centre/60%,opaque,centre,0.6,0.61231518853236,0.0,0.013253290556680232,0.9867467094433198,0.6095560235563581,0.7961747928907037,0.06693555741413333,0.9091633205307262,0.9063067388268156,0.9007616096368715,0.7842419404648447,21.58,Unreliable,True,,False,0.0,0.0028255905165324386,0.022990136173184357,0.08013440116996538,0.2951807228915662,0.16989732234430938,0.8137934182190487
4836_RV.png,RV,opaque/periphery/10%,opaque,periphery,0.1,0.17820822413711757,0.0,0.22311543275247905,0.776884567247521,0.16468948242066028,0.15160592482148158,0.3640162253148749,0.18863477653631286,0.15840694832402236,0.09972939944134078,0.1582514015022515,84.17,Healthy,False,,False,1.0,0.016534674961649527,0.07679381983240223,0.09886390486779717,0.9859904735219949,0.9941981987061572,1.0039982068400632
4836_RV.png,RV,opaque/periphery/25%,opaque,periphery,0.25,0.3282062939912414,0.0,0.12114638194435369,0.8788536180556463,0.3146875522747842,0.2250617815559122,0.2201437356073517,0.21209409916201116,0.18186627094972066,0.12318872206703911,0.23467130852909718,76.53,Degraded,False,,False,0.5,0.016308355169386904,0.0748516061452514,0.10178527933695507,0.9610535163911459,0.9805900249548781,1.033665806278554
4836_RV.png,RV,opaque/periphery/40%,opaque,periphery,0.4,0.4782043638453653,0.0,0.08314647053547404,0.9168535294645259,0.46468562212890807,0.3115466591962085,0.1425861966034949,0.2393178247206704,0.2090899965083799,0.15041244762569833,0.31650568300088694,68.35,Degraded,False,,False,0.5,0.016018902127341316,0.07732847416201118,0.10097825296355482,0.9928551414962175,0.9631857703397011,1.0254701656870766
4836_RV.png,RV,opaque/periphery/60%,opaque,periphery,0.6,0.6778800993381744,0.0,0.058174041241940484,0.9418259587580595,0.6644721908871379,0.48004521144127316,0.10239691622183865,0.36036792946927376,0.33042204958100563,0.272291812150838,0.47552404053092556,52.45,Degraded,False,,False,0.5,0.010204015432813029,0.053749127094972066,0.09533703206935644,0.6901092743065284,0.6135478191378053,0.9681815559590106
