file,camera,coverage,transparent_ratio,semi_ratio,opaque_ratio,effective_occlusion,spatial_occlusion,soiling_centroid_r,roi_coverage,roi_occlusion,roi_opaque,severity,health_score,state,override,roi_edge_ratio,image_flag,camera_weight
0088_RV.png,RV,1.0,0.1767413132712541,0.32518239878529487,0.498076287943451,0.7710213045212596,0.7764352846971497,0.10649241995619639,1.0,0.7907413145949721,0.595430342178771,0.7805335026035116,21.95,Unreliable,True,0.34071623536205414,False,0.0
0089_RV.png,RV,1.0,0.1793448655975088,0.3445867986600498,0.47606833574244134,0.7626794285052522,0.767831888296443,0.10864437089439652,1.0,0.7769487604748602,0.5570879888268156,0.7699328992304526,23.01,Unreliable,True,0.27732920158286783,False,0.0
0090_RV.png,RV,1.0,0.16773825506234372,0.34516584242289067,0.4870959025147656,0.7702589826844469,0.7812090331875724,0.10638428885959833,1.0,0.7945840607541901,0.5857847416201117,0.7832740290632818,21.67,Unreliable,True,0.3008479768747314,False,0.0
0091_RV.png,RV,1.0,0.17500418198273163,0.35576448788940696,0.46923133012786145,0.7617872721891714,0.7691932621555492,0.10768210958683386,1.0,0.7782234200418994,0.5534872555865922,0.770583528320176,22.94,Unreliable,True,0.3860051781173901,False,0.0
0092_RV.png,RV,1.0,0.18747292434257087,0.34622956726129456,0.46629750839613454,0.7566750878216374,0.7625403528427753,0.10888356060041655,1.0,0.7734594317388269,0.5437434532122905,0.7651484048948546,23.49,Unreliable,True,0.3859177477259705,False,0.0
0093_RV.png,RV,1.0,0.17161570366684825,0.3381486898598714,0.49023560647328035,0.7700469239908554,0.7788680563685978,0.10573469943496148,1.0,0.7885897128142458,0.5786705656424581,0.7801103792335342,21.99,Unreliable,True,0.36939340374767227,False,0.0
0094_RV.png,RV,1.0,0.17671557799290563,0.34514439635760025,0.4781400256494941,0.7642514679831691,0.7717617622236698,0.1078940506610386,1.0,0.7815504975558658,0.5614088687150838,0.7734241680843981,22.66,Unreliable,True,0.3535685029007306,False,0.0
0095_RV.png,RV,1.0,0.17381178075258533,0.34527307274934266,0.480915146498072,0.7661532621609914,0.7736389070535654,0.1067819727337621,1.0,0.7866399703212291,0.5752553247206704,0.7765936388928587,22.34,Unreliable,True,0.2984873563064031,False,0.0
0191_FV.png,FV,1.0,0.1903944563750888,0.5289874741539665,0.28061806947094464,0.6925799730163419,0.5977696697933425,0.00897956909778821,1.0,0.5913983938547487,0.15118715083798884,0.6236642503848048,37.63,Unreliable,False,0.14512263014094207,True,0.0
0192_FV.png,FV,0.9968226343394991,0.11859798338979521,0.6322089009554471,0.2491931156547576,0.7033464126903026,0.6362778461575082,0.06642610792765775,0.9913145949720671,0.6205355272346368,0.0888944657821229,0.6501014885481979,34.99,Unreliable,False,0.1305886746559748,True,0.0
0193_FV.png,FV,1.0,0.15630563383654927,0.6124531977231541,0.23124116844029666,0.6870411381036395,0.6136456739344319,0.06640199889252753,1.0,0.6048493147695531,0.07470975907821228,0.6321457695192426,36.79,Unreliable,False,0.07505594922087587,True,0.0
0194_FV.png,FV,0.9863245543305578,0.12976333085116715,0.44636902256612815,0.4238676465827047,0.7508820782206753,0.665972782653231,0.05055672561366671,0.962617842178771,0.6582127269553074,0.23499694483240224,0.6883415490442948,31.17,Unreliable,False,0.09468763536101825,True,0.0
0195_FV.png,FV,0.9997245750872179,0.21874363653060655,0.6459814815554216,0.13527488191397188,0.6336334932660604,0.5510328509126186,0.07102895919012178,0.9992471194134078,0.5296234505935754,0.014642981843575419,0.5672492834910339,43.28,Unreliable,False,0.15477577967946513,True,0.0
0196_FV.png,FV,0.9903441613910156,0.1973454573302217,0.5614482694687287,0.24120627320104956,0.6703502287224274,0.6031442468783821,0.10398178281057616,0.9736055342178771,0.6011816951815643,0.11771124301675978,0.6225210207528686,37.75,Unreliable,False,0.16204275742194876,True,0.0
0197_FV.png,FV,1.0,0.22942496068209578,0.5812423659399174,0.18933267337798676,0.6486628719234239,0.5674257677075283,0.032443926203974155,1.0,0.5633960370111732,0.09326990223463687,0.590185006693755,40.98,Unreliable,False,0.12104398747181716,True,0.0
0198_FV.png,FV,0.9998123917260759,0.1373829723525302,0.6199421099910171,0.24267491765645274,0.6970422956866064,0.6407742449072845,0.013973888102964726,0.9994871682960894,0.6418078954259777,0.12158475907821228,0.6580681203485583,34.19,Unreliable,False,0.12744326637937736,True,0.0
0222_FV.png,FV,0.8049592450962391,0.4072647029653873,0.008152335614400477,0.5845829614202123,0.5830809669410271,0.6420201103309597,0.31984968911466927,0.760300279329609,0.5780102129888268,0.48598987430167595,0.5987344083771268,40.13,Unreliable,False,0.1601988973977365,True,0.0
0223_FV.png,FV,0.5505983506438556,0.13110332978098696,0.021596815937710696,0.8472998542813023,0.49819121673944805,0.5808778680113178,0.4590068867348752,0.6042685055865922,0.5312287229399442,0.48735378840782123,0.5362122146012074,46.38,Unreliable,False,0.2236493747015116,False,0.0
0224_FV.png,FV,0.8464206736334533,0.44658023928657326,0.005272416020976481,0.5481473446924503,0.5916468813118209,0.6642165490359826,0.2997246350888657,0.8908541375698324,0.6224821054469274,0.48807393505586594,0.6257518712831119,37.42,Unreliable,False,0.2266863206237436,False,0.0
0225_FV.png,FV,0.5592442979059723,0.16139554470639458,0.009493015852622712,0.8291114394409828,0.49696537629429755,0.5789744907564451,0.45862502414112105,0.6098660090782123,0.5285725820530726,0.4867536662011173,0.5342109929364518,46.58,Unreliable,False,0.17104513283427925,True,0.0
0226_FV.png,FV,0.5534643664029506,0.14385344920846707,0.025256932674624068,0.8308896181169089,0.4953676723002371,0.5762566291880787,0.4589728585575532,0.5959977304469274,0.5221906642807262,0.4779700593575419,0.5303635561587852,46.96,Unreliable,False,0.20716309683796663,False,0.0
0227_FV.png,FV,0.8000295383239795,0.3903455157789697,0.027711113882998628,0.5819433703380317,0.5832589153846768,0.6445519459010476,0.3215808234622728,0.7825484462290503,0.5924099816689944,0.4827928596368715,0.6053072510533151,39.47,Unreliable,False,0.1562942526405811,True,0.0
0228_FV.png,FV,0.703151819001924,0.3226760523402685,0.009996877749709063,0.6673270699100224,0.5487453796472965,0.6189046469497862,0.36009620330703457,0.6933921089385475,0.5572797005935755,0.48660090782122906,0.5732068882165551,42.68,Unreliable,False,0.19197836722680678,True,0.0
0229_FV.png,FV,0.8338389442843344,0.43288254864884274,0.012992173101318845,0.5541252782498385,0.5883161957832046,0.6487116603113053,0.30907111796714704,0.8239350558659218,0.5982131634078213,0.4787120286312849,0.6103936221914815,38.96,Unreliable,False,0.13872335123338184,True,0.0
0253_FV.png,FV,0.06604210408666704,0.6750679963735268,0.0,0.32493200362647323,0.036171553795674626,0.0558964370337657,0.4614282523687836,0.04824982541899441,0.02302101518854749,0.010594884776536313,0.03682880332425109,96.32,Healthy,False,0.7307108813598855,False,1.0
0254_FV.png,FV,0.05699699028428641,0.6204916310666013,0.0,0.3795083689333987,0.033301666121139065,0.05250483921841594,0.4494906564199988,0.04211766759776536,0.021933157297486038,0.011991532821229051,0.03451521452086091,96.55,Healthy,False,0.7018598950986816,False,1.0
0255_FV.png,FV,0.06109243898739432,0.6352825873897419,0.0,0.3647174126102581,0.03508909397178691,0.05376727917030467,0.46518860629846176,0.04199764315642458,0.02084813634776536,0.010431215083798883,0.03499616648173362,96.5,Healthy,False,0.7535964381309905,False,1.0
0256_FV.png,FV,0.060018680994084354,0.689877627028465,0.0,0.310122372971535,0.03227696569562753,0.04874714717077802,0.4723265503071224,0.04052461592178771,0.01706496595670391,0.005510212988826816,0.03113322024260323,96.89,Healthy,False,0.5855882512189433,False,1.0
0257_FV.png,FV,0.06323596330861161,0.725097841181669,0.0,0.274902158818331,0.03251494878693288,0.049449757444190154,0.46753542634144557,0.04472547136871508,0.01890450418994414,0.006186714385474861,0.03215121354531457,96.78,Healthy,False,0.6477371802703333,False,1.0
0258_FV.png,FV,0.06623769569139637,0.6901892250210919,0.0,0.309810774978908,0.03560761130758975,0.05336781517083758,0.475095347947801,0.04127749650837989,0.019813634776536315,0.009241881983240224,0.034618081854142724,96.54,Healthy,False,0.6774558653664605,False,1.0
0259_FV.png,FV,0.06838122001261367,0.6511003444048801,0.0,0.34889965559512,0.038550785958917776,0.05791878658316242,0.47473236095401206,0.044212639664804466,0.021666812150837995,0.010562150837988827,0.03760759662295926,96.24,Healthy,False,0.5897098206848296,False,1.0
0260_FV.png,FV,0.06210233033426206,0.6639028152718859,0.0,0.3360971847281142,0.034478289331875044,0.05159041999627753,0.47824288326275366,0.03623646997206704,0.01844251920391061,0.009678334497206703,0.033197620480010015,96.68,Healthy,False,0.5792974346657486,False,1.0
0261_MVL.png,MVL,0.03718781299473361,0.6535621198957429,0.0,0.3464378801042572,0.020903767245000163,0.0352531147166729,0.35887618234577706,0.10595068993506493,0.06207031250000001,0.04045758928571429,0.04167518958850192,95.83,Healthy,False,0.46162437605547496,False,1.0
0262_MVL.png,MVL,0.03680818067267617,0.6585472898836954,0.02326091727013386,0.3181917928461707,0.02027632386675713,0.03295193891908184,0.36929047534343723,0.10066203327922078,0.058748097605519495,0.036779626623376624,0.03946771787795949,96.05,Healthy,False,0.43010023276493353,False,1.0
0263_MVL.png,MVL,0.03706665374301315,0.5764872521246459,0.056657223796033995,0.3668555240793201,0.02203575813382443,0.03565629631007341,0.37076410559055273,0.0987596387987013,0.06327566964285714,0.04255022321428571,0.042617884190312205,95.74,Healthy,False,0.3088198481610449,False,1.0
0264_MVL.png,MVL,0.03927982940777358,0.6330454451984372,0.009664815957228049,0.3572897388443348,0.022490589964783047,0.03681154119565857,0.3702392165879401,0.11083350243506493,0.06646281452922077,0.044021408279220776,0.04437576515982079,95.56,Healthy,False,0.3142198171506284,False,1.0
0265_MVL.png,MVL,0.04102452263254822,0.6545579838550896,0.0,0.34544201614491044,0.02303306032115279,0.03932323179363718,0.35086949920746124,0.11789772727272728,0.06872349330357143,0.04450334821428571,0.04619628495586556,95.38,Healthy,False,0.29962530636797036,False,1.0
0266_MVL.png,MVL,0.036973764983360795,0.7083560895685418,0.0,0.2916439104314582,0.019426068624600175,0.03236919234765732,0.36012489142014364,0.10420048701298701,0.05707411728896104,0.03386262175324675,0.03836822520726167,96.16,Healthy,False,0.28517674069313886,False,1.0
0267_MVL.png,MVL,0.04043084229911796,0.6530816102287483,0.0,0.3469183897712516,0.022739733772737556,0.036773101584822825,0.37351028929095637,0.10735846185064934,0.06488864650974026,0.043970677759740256,0.043809309211164216,95.62,Healthy,False,0.3547925571264179,False,1.0
0268_MVR.png,MVR,0.05688074860754841,0.5588648496768756,0.004425400393368924,0.43670974992975553,0.03549676759443499,0.054208298345614546,0.5166227579337598,0.1289569805194805,0.0810913403003247,0.05751572646103896,0.059348055902144745,94.07,Healthy,False,0.3921120162240551,False,1.0
0346_MVL.png,MVL,0.132354366579432,0.0,0.3698279018674478,0.6301720981325521,0.11571193176310945,0.20853763657656646,0.31320023261556384,0.3547585227272727,0.3125905539772727,0.23073508522727273,0.22231109209281186,77.77,Degraded,False,0.5941425339620103,False,0.5
0347_MVR.png,MVR,0.1044398628724858,0.3865870920846245,0.05593174949309461,0.5574811584222809,0.07540243249506548,0.12708112555004347,0.2537034170948992,0.2858791599025974,0.2130416751217533,0.17065746753246752,0.145961737462234,85.4,Healthy,False,1.4970055337235046,False,1.0
0348_MVR.png,MVR,0.10117149729500795,0.34346984716243434,0.04213893606097705,0.6143912167765886,0.07643991881028296,0.12861867308776095,0.2594650251032156,0.278713474025974,0.21500418526785717,0.17982700892857142,0.14751925167655605,85.25,Healthy,False,1.4901773980008026,False,1.0
0349_MVR.png,MVR,0.11978280152470452,0.138463591180493,0.230594749658094,0.630941659161413,0.09927924148347038,0.16304922752598486,0.2625379093318479,0.3086444805194805,0.26235009131493503,0.20640980113636365,0.18363857722881058,81.64,Healthy,False,1.5451818246559024,False,1.0
0350_MVR.png,MVR,0.10995772700756759,0.0,0.34651162790697676,0.6534883720930232,0.09700317247221091,0.15954483540293576,0.26110151032022566,0.28458553165584416,0.2561386465097403,0.2009182224025974,0.17941986096644014,82.06,Healthy,False,1.0777074215664695,False,1.0
0351_MVR.png,MVR,0.11398924396071568,0.04917802937361983,0.31290967086122895,0.6379122997651513,0.09810614596568616,0.15852834403247426,0.24516502445202082,0.28907518262987014,0.255971489448052,0.2001065340909091,0.17937894277866892,82.06,Healthy,False,0.7648776479004544,False,1.0
0352_MVR.png,MVR,0.11425295071880069,0.03584542752229411,0.2881622661304424,0.6759923063472635,0.10031504966477278,0.16124172508691453,0.24988566212965957,0.287007913961039,0.2558234831574675,0.20790635146103897,0.1807964256884932,81.92,Healthy,False,0.7509684825393947,False,1.0
0353_MVR.png,MVR,0.10342898696649326,0.0,0.3741404620258055,0.6258595379741946,0.09027201751652164,0.14863915738561057,0.2553359189109916,0.2691127232142857,0.24055803571428577,0.18512834821428573,0.16789656675635398,83.21,Healthy,False,0.8263308694047727,False,1.0
0354_MVR.png,MVR,0.10268581337552642,0.004747081712062257,0.3247081712062257,0.6705447470817121,0.09102262284339814,0.15260051253347204,0.24133587629347933,0.2794744318181818,0.25049538352272727,0.19574370941558442,0.17328509402215198,82.67,Healthy,False,1.1456094379200061,False,1.0
0355_MVR.png,MVR,0.12096948193608707,0.3785176377328577,0.08534813053243494,0.5361342317347073,0.08678046012833728,0.1391294559789207,0.2347960583600788,0.28369774756493504,0.22439059963474026,0.18473518668831168,0.1575292146860735,84.25,Healthy,False,1.4940972536934651,False,1.0
0356_RV.png,RV,0.1336089867591993,0.010401284109149278,0.3682182985553772,0.6213804173354736,0.11595081130464995,0.19102401674241964,0.04838138054917373,0.33988739525139666,0.29496682960893855,0.2111993715083799,0.21007918025769629,78.99,Degraded,False,0.7885347002130784,False,0.5
0357_RV.png,RV,0.13064514053606585,0.0,0.3391444236514659,0.6608555763485341,0.11558056643347646,0.19095582172913078,0.043612647658994586,0.3323476780726257,0.29402496508379894,0.21963381634078213,0.20957090248230176,79.04,Degraded,False,0.7855620669048131,False,0.5
0358_RV.png,RV,0.12799869607923034,0.02392601032102406,0.3024261108504792,0.6736478788284967,0.11278537206778672,0.18695674457881897,0.0460724327307704,0.32561539804469275,0.28691428072625696,0.2193501222067039,0.20468834728448448,79.53,Degraded,False,0.7807533953767368,False,0.5
0359_RV.png,RV,0.12518068310007163,0.0015076237793387015,0.35936268631146134,0.6391296899091999,0.10975924647104997,0.18171892680312057,0.06667246211458218,0.31844666550279327,0.27921613128491624,0.203528718575419,0.19912990449621765,80.09,Healthy,False,0.8415175174133362,False,1.0
0360_RV.png,RV,0.12654036363948307,0.00023727204935258627,0.3313673649244119,0.6683953630262355,0.11226358929927127,0.19031112107241743,0.06611555441743518,0.3219055516759777,0.28558691951815646,0.2151601780726257,0.20500718091876918,79.5,Degraded,False,0.9087514884149835,False,0.5
0361_RV.png,RV,0.12886940633002064,0.0,0.34811116658345814,0.6518888334165418,0.11361670734270385,0.18893245049742796,0.057724745279608344,0.3278303945530726,0.2890291113826816,0.21370897346368714,0.2063763919051122,79.36,Degraded,False,0.6689299247511102,False,0.5
0362_RV.png,RV,0.14346130915360958,0.009597273298053637,0.3579992226507609,0.6324035040511855,0.12507675546767433,0.20828666653967257,0.06487273923752777,0.36489612430167595,0.3181462770600559,0.23079608938547486,0.22726753742622643,77.27,Degraded,False,0.6389413004941986,False,0.5
0363_RV.png,RV,0.1312198950858486,0.015787925342398586,0.28826855816690095,0.6959435164907005,0.116970829061992,0.19327746962005862,0.05407893331601367,0.3338097939944134,0.2975616489175978,0.23231276187150837,0.2120991491716543,78.79,Degraded,False,0.6564273787781121,False,0.5
0364_RV.png,RV,0.12825175964965707,0.012641717668305408,0.31330055850974886,0.6740577238219457,0.11350381525501516,0.18722092499462314,0.04864211501062714,0.32620460893854747,0.2887059182960894,0.21991751047486033,0.20569978939332723,79.43,Degraded,False,0.7875729659074632,False,0.5
0365_FV.png,FV,0.382189987306504,0.07704680042194534,0.2090300479388388,0.7139231516392158,0.33529849673880935,0.35723455638110807,0.060730912308186384,0.4615812674581006,0.41230763355446925,0.34335719273743015,0.3726829693577629,62.73,Degraded,False,0.5255001069004965,False,0.5
0373_MVL.png,MVL,0.351640496268295,0.26214841103033226,0.002641583112244312,0.7352100058574235,0.28956273626054085,0.2522406970413899,0.5629939577571722,0.40287642045454547,0.3315768313717532,0.2962155032467532,0.2951717625392805,70.48,Unreliable,False,0.19075025592934108,True,0.0
0374_MVL.png,MVL,0.34263836386546476,0.23635077793493636,0.0,0.7636492220650637,0.288379858485994,0.2497371149707026,0.5661119889804951,0.3908406047077922,0.328223544034091,0.2973823051948052,0.2927245096506454,70.73,Unreliable,False,0.18812324398846264,True,0.0
0375_MVL.png,MVL,0.33738812962424475,0.22668182906392148,0.004440986353842471,0.7688771845822361,0.2856372572776324,0.24079197036798922,0.5768625044991265,0.3703708400974026,0.31076273336038956,0.279398336038961,0.2822338616378423,71.78,Degraded,False,0.2451877811486557,False,0.5
0376_MVL.png,MVL,0.3530984459306646,0.2763811048839071,0.0,0.7236188951160929,0.28771332105586245,0.24756480525390995,0.5693322790840003,0.40401785714285715,0.32138950892857143,0.2806919642857143,0.2891392414643603,71.09,Degraded,False,0.3158252133367208,False,0.5
0377_MVL.png,MVL,0.3714863817001066,0.29137992889990544,0.0,0.7086200711000946,0.29896311912377627,0.26236758679630184,0.560436060743129,0.43167867288961037,0.3438754312094156,0.30062905844155846,0.3059493842597897,69.41,Degraded,False,0.3661762755368912,False,0.5
0378_MVL.png,MVL,0.3433532034506155,0.235788136490349,0.0,0.764211863509651,0.28911093341087524,0.25020690062152673,0.5675161449269527,0.3901937905844156,0.3275427404626624,0.29668476055194803,0.29281244639478554,70.72,Degraded,False,0.352311490293366,False,0.5
0379_MVL.png,MVL,0.3420850699492747,0.2606519249613355,0.0,0.7393480750386645,0.282344431520791,0.24146594935286225,0.5737270125853149,0.38507000811688313,0.3146693638392858,0.27999441964285715,0.28301085979781027,71.7,Degraded,False,0.3470574664116091,False,0.5
0380_MVR.png,MVR,0.35041034369780805,0.1258266818700114,0.25233751425313566,0.6218358038768529,0.29080602370164377,0.34842755802853576,0.17496700022299308,0.44918070211038963,0.36516322544642854,0.26646205357142855,0.3378353646976253,66.22,Degraded,False,0.32635959815359117,False,0.5
0395_FV.png,FV,0.0868346891690151,0.024363335478532682,0.3451778983175508,0.6304587662039165,0.07522628751167562,0.12350229828399299,0.33105133329320446,0.1544168994413408,0.13418514315642457,0.0968815467877095,0.1132926330012704,88.67,Healthy,False,0.5042414854448727,False,1.0
0396_FV.png,FV,0.08938536336130161,0.007859598981824678,0.41620149153753405,0.5759389094806413,0.076265876849139,0.12427867251364567,0.34019244161834616,0.14993234986033518,0.1301774179469274,0.09182960893854748,0.11223433198760636,88.78,Healthy,False,0.556303415540278,False,1.0
0397_FV.png,FV,0.08322223197962654,0.0013909540025900523,0.43368986522135355,0.5649191807760564,0.07087317680682735,0.11669198789658111,0.34383731237974774,0.14313460195530725,0.1227724554818436,0.08336243016759777,0.10537853160375998,89.46,Healthy,False,0.4735466391594567,False,1.0
0398_FV.png,FV,0.09237911241328108,0.04995030894871019,0.4066888475997062,0.5433608434515836,0.07651383910395096,0.12489360948161515,0.33814399234344455,0.15536618365921787,0.1330947756634078,0.09046569483240223,0.11366014484103296,88.63,Healthy,False,0.44794952352921574,False,1.0
0399_FV.png,FV,0.09722499421208516,0.17608900931970276,0.22736790245104077,0.5965430882292565,0.07823843814116126,0.12516041109493878,0.3484543154310995,0.15907603002793297,0.1292890188547486,0.09228788407821228,0.11273526231272946,88.73,Healthy,False,0.45001030826215893,False,1.0
0400_FV.png,FV,0.09851430213713766,8.103727714748784e-05,0.49692058346839546,0.502998379254457,0.0818646665761889,0.1306826788750595,0.3531860313219459,0.15745024441340782,0.13500218226256983,0.09144771298882681,0.11776507654040246,88.22,Healthy,False,0.4884059817075203,False,1.0
0401_FV.png,FV,0.09410750353262388,0.047633186291143534,0.3882762130980658,0.5640906006107906,0.07868063483446563,0.126852120128925,0.343042849670649,0.15275837988826815,0.13438471106843575,0.103515625,0.1154137109163915,88.46,Healthy,False,0.528428590468363,False,1.0
0402_FV.png,FV,0.09504155323684148,0.0024779504409911802,0.4145737085258295,0.5829483410331794,0.08148717477906131,0.13637113123800135,0.31962954272879057,0.17149310405027932,0.15177527060055868,0.11349947625698324,0.12606760004534226,87.39,Healthy,False,0.3723512625365128,False,1.0
0403_FV.png,FV,0.09894939366602534,0.04025979264996571,0.39497357698979385,0.5647666303602404,0.08299231205243453,0.13525006517456525,0.3382072250348473,0.1668448847765363,0.1423099249301676,0.09739437849162011,0.12239668314016697,87.76,Healthy,False,0.5048922595710652,False,1.0
0435_MVL.png,MVL,1.0,0.0,0.10623647055022455,0.8937635294497754,0.9638796000129236,0.9855138861916778,0.021796106805628372,1.0,0.9976024756493508,0.9929484577922078,0.9838590361211206,1.61,Unreliable,True,0.0,True,0.0
0436_MVL.png,MVL,1.0,0.0,0.11575151045200478,0.8842484895479952,0.9606444864463184,0.9826903091614282,0.020519033646284702,1.0,0.9979086343344157,0.993848924512987,0.9821638924160903,1.78,Unreliable,True,0.0,True,0.0
0437_MVL.png,MVL,1.0,0.0,0.1198790022939485,0.8801209977060515,0.9592411392200575,0.9823678574792918,0.021756526751256278,1.0,0.9979258827110389,0.9938996550324676,0.9816530520942204,1.83,Unreliable,True,0.0,True,0.0
0438_MVL.png,MVL,1.0,0.0,0.07655649252043553,0.9234435074795645,0.9739707925430519,0.9886361424165238,0.016140189624781243,1.0,0.9942088575487014,0.9829672280844156,0.9864656235073532,1.35,Unreliable,True,0.0,True,0.0
0439_MVL.png,MVL,1.0,0.005520823236729023,0.09859939905011146,0.8958797777131595,0.9627772527543537,0.9854404858655534,0.02353418919198483,1.0,0.9964209618506494,0.9894734172077922,0.9830337063262319,1.7,Unreliable,True,0.0,True,0.0
0440_MVL.png,MVL,1.0,0.0,0.12266970372524312,0.8773302962747569,0.9582923007334173,0.9814880144139436,0.02177734672252651,1.0,0.9982579139610389,0.9948762175324676,0.9812372601286238,1.88,Unreliable,True,0.0,True,0.0
0441_MVL.png,MVL,1.0,0.0,0.09573196342606055,0.9042680365739395,0.9674511324351395,0.9878581660437731,0.017518431744901745,1.0,0.9992669439935065,0.997843952922078,0.9862995671410764,1.37,Unreliable,True,0.0,True,0.0
0532_MVR.png,MVR,0.36684007383789224,0.478074761469089,0.0,0.521925238530911,0.24933749670366553,0.3458703158940204,0.1561961853019378,0.6168323863636364,0.43165787337662337,0.3404525162337662,0.35122549312995516,64.88,Unreliable,False,0.1683009008688221,True,0.0
0533_MVR.png,MVR,0.3645666019386442,0.4341922120053045,0.010291200420854203,0.5555165875738413,0.25723535428603395,0.3548177705338245,0.16271786359388699,0.610554484577922,0.44546773538961043,0.364156351461039,0.3618030316018017,63.82,Unreliable,False,0.14566689541764316,True,0.0
0534_MVR.png,MVR,0.3805288519166687,0.4715974715974716,0.0012285012285012285,0.5271740271740272,0.2601340908909293,0.35824877936357613,0.1628905866848313,0.632330560064935,0.44431792816558446,0.35171469155844154,0.36324203234258545,63.68,Unreliable,False,0.14136769885149744,True,0.0
0535_MVR.png,MVR,0.36103452960308136,0.42349959605573323,0.0,0.5765004039442667,0.25859288471220004,0.3567447599311013,0.16546551501407827,0.6047077922077922,0.4435893110795455,0.3642324472402597,0.36203701782480857,63.8,Degraded,False,0.22355822143957738,False,0.5
0536_MVR.png,MVR,0.3542500739178034,0.3893481914257678,0.01299331160262122,0.597658496971611,0.2602742550284084,0.35926925748468125,0.15746052092646914,0.580471286525974,0.4458258928571429,0.37234933035714285,0.36419341089678403,63.58,Degraded,False,0.2846321020704121,False,0.5
0537_MVR.png,MVR,0.3901581441437122,0.4586371456660659,0.022857611010978208,0.5185052433229559,0.2672355141083116,0.3574993200130095,0.15945270279816248,0.6086394074675324,0.43703188413149346,0.3513468952922078,0.3622332038889937,63.78,Degraded,False,0.339510081767684,False,0.5
0538_MVR.png,MVR,0.35331111803674314,0.41137222084002445,0.0003505756225544523,0.5882772035374211,0.25588961075284283,0.35570643191147105,0.15759306508686477,0.6021332183441559,0.44680993810876624,0.37030742694805197,0.3622027880428007,63.78,Unreliable,False,0.1932109515609017,True,0.0
0539_MVR.png,MVR,0.3705279728941417,0.44374831509138946,0.0,0.5562516849086105,0.2603657932379194,0.35391427328208974,0.1580509188850708,0.5954875202922078,0.43758104200487014,0.3598062094155844,0.3593164367579508,64.07,Degraded,False,0.24315749990288874,False,0.5
0540_RV.png,RV,0.20372475261963688,0.2716592626902752,0.09992210034317957,0.6284186369665452,0.1597232170813621,0.14737824777830297,0.6485702671210565,0.21260693086592178,0.17164891759776538,0.1427854399441341,0.1607900064970057,83.92,Healthy,False,0.53962037584157,False,1.0
0541_RV.png,RV,0.19630012481609999,0.263361447362671,0.11917143731154133,0.6174671153257877,0.1537087967470608,0.13985744596905045,0.6376548218586814,0.19920783868715083,0.15767392632681565,0.12580743715083798,0.15113944334555962,84.89,Healthy,False,0.6690173551425298,False,1.0
0542_RV.png,RV,0.20840428406600242,0.3011854778957767,0.10714579731620977,0.5916687247880135,0.15875741497707416,0.14314836745607068,0.6469200078913555,0.206627531424581,0.1605353090083799,0.1271277060055866,0.15478585833329542,84.52,Healthy,False,0.7073992969757199,False,1.0
0543_RV.png,RV,0.19559669387457485,0.26395772115258104,0.11512652953817815,0.6209157493092409,0.15334884598722673,0.13703569659708428,0.6324695546900096,0.19532341131284917,0.15231330743715082,0.12049362779329609,0.14804068575015364,85.2,Healthy,False,0.6800335844613953,False,1.0
0544_RV.png,RV,0.20044779384326358,0.24199174031198512,0.12027903194744613,0.6377292277405687,0.15975101118197846,0.14595121752849238,0.6518992917356394,0.208984375,0.16705405464385473,0.13159043296089384,0.15853229047068315,84.15,Healthy,False,0.5599916570423292,False,1.0
0545_RV.png,RV,0.20550906525179824,0.2590319954918289,0.12898378310688122,0.6119842214012898,0.16083017718739143,0.1445890667667676,0.6262681878434315,0.20767501745810055,0.16152954783519555,0.13005193784916202,0.1562375923203259,84.38,Healthy,False,0.5484508453749463,False,1.0
0546_RV.png,RV,0.20021617633812724,0.27678399280190236,0.07266650956532916,0.6505494976327685,0.15814036878653875,0.14423499947952237,0.6447782181412174,0.20623472416201116,0.1653200288058659,0.1393047311452514,0.1568406220021647,84.32,Healthy,False,0.5627019991763358,False,1.0
0563_MVR.png,MVR,0.919117940849775,0.17403873323624666,0.16188406112113374,0.6640772056426196,0.7613545337584606,0.636173225178096,0.08592496116885014,0.8035460633116883,0.489841213474026,0.1956168831168831,0.6151948130705773,38.48,Unreliable,False,0.5744485294117647,False,0.0
0564_MVR.png,MVR,0.8024596648526838,0.12141626584610482,0.13857935251297065,0.7400043816409245,0.6993709794708285,0.5403751915693412,0.11778990485346572,0.5440975040584416,0.35741071428571425,0.18387276785714285,0.5148881370263366,48.51,Unreliable,False,0.7551412321477127,False,0.0
0565_MVR.png,MVR,0.8787787979766499,0.1616539131304589,0.12214295782012285,0.7162031290494183,0.7471054587298923,0.6162977585631322,0.091040802938857,0.7234045251623377,0.44920327719155845,0.21706321022727273,0.5887022760645307,41.13,Unreliable,False,0.7465428390154213,False,0.0
0566_MVR.png,MVR,0.8602274271010636,0.18428117568370986,0.11033646700356718,0.7053823573127229,0.7217456188718145,0.5818227237803797,0.10456098665130974,0.7230240462662337,0.4090692217938312,0.19347351866883117,0.5546981915131908,44.53,Unreliable,False,0.8183647110616202,False,0.0
0567_MVR.png,MVR,0.9085417016277899,0.14443154432072053,0.1599776593311872,0.6955907963480923,0.7712051398844485,0.6619565365804524,0.08611101400966295,0.8112444196428571,0.5164032061688312,0.22011972402597402,0.6365097854070028,36.35,Unreliable,False,0.6683986190778315,False,0.0
0568_MVR.png,MVR,0.9740049065439231,0.18747436128841705,0.16085932756838356,0.6516663111431994,0.7983918282869449,0.7088599454608767,0.06837745916670998,0.9201882102272727,0.5880951958198053,0.2772930194805195,0.6874136104522686,31.26,Unreliable,False,0.5728047189600031,False,0.0
0569_MVR.png,MVR,0.8661328602593915,0.13901574912120457,0.16399106903964497,0.6969931818391505,0.7371678293737365,0.5972979125431849,0.0976733620482659,0.6959339488636364,0.4434628652597403,0.19338474025974026,0.5777248686789725,42.23,Unreliable,False,0.6457646136266525,False,0.0
0570_MVR.png,MVR,0.9181630027409521,0.16193493359327404,0.161478006579749,0.676587059826977,0.7681361525983107,0.6636647355221091,0.08789886840844145,0.8659446022727273,0.5261075740665585,0.2091112012987013,0.6399832960627494,36.0,Unreliable,False,0.616049578537116,False,0.0
0579_FV.png,FV,0.09041521303518255,0.013067855723809103,0.3344664694715465,0.6524656748046443,0.07934169454179672,0.140587210136623,0.2592091043894452,0.20900619762569833,0.18582424057262573,0.14306913407821228,0.1403083676325762,85.97,Healthy,False,1.4852834806801647,False,1.0
0580_FV.png,FV,0.08873871356607403,0.009941073276055958,0.3109171877108542,0.6791417390130898,0.0787669346404707,0.14069997454353014,0.2512280278895836,0.2078059532122905,0.18566744500698323,0.14503317039106145,0.14010705075799354,85.99,Healthy,False,1.507084413907616,False,1.0
0581_FV.png,FV,0.09039525470816934,0.011525214165857105,0.2880420383290647,0.7004327475050781,0.08084443681592834,0.1440190424685271,0.2552728003393733,0.2102828212290503,0.1903581092877095,0.15176545041899442,0.14360228750042042,85.64,Healthy,False,1.5630509887601765,False,1.0
0582_FV.png,FV,0.09300979554689807,0.04454744431569461,0.26114759023217887,0.6943049654521265,0.08197539537445814,0.14525080727767667,0.2620847454115634,0.21506197625698323,0.19194221368715084,0.15534436103351956,0.14494474627050077,85.51,Healthy,False,1.4684718157535235,False,1.0
0583_FV.png,FV,0.08672691420314384,0.08459520412390113,0.2732084503152759,0.642196345560823,0.07375519914418693,0.13336836581899925,0.24855461444829394,0.19997163058659218,0.17244140625,0.13669692737430167,0.13111363198895587,86.89,Healthy,False,1.1891812532625476,False,1.0
0584_FV.png,FV,0.09491381994395702,0.12065775086214148,0.16342837917402642,0.7159138699638321,0.08196697296045856,0.14502549431892495,0.2610414743347583,0.21723332751396648,0.19286269203910614,0.1667357716480447,0.1452428169994575,85.48,Healthy,False,0.9172661308684209,False,1.0
0585_FV.png,FV,0.1039749004079482,0.08918151105651105,0.289120085995086,0.621698402948403,0.08754141352855238,0.1574985770808123,0.2574991755413272,0.24276579958100558,0.2126482847416201,0.17461373952513967,0.15857131107945743,84.14,Healthy,False,1.0630395351355555,False,1.0
0586_FV.png,FV,0.09528504482640247,0.01767835448871015,0.2895982572996523,0.6927233882116376,0.08477435115478882,0.14848991184948201,0.26892796447543066,0.21746246508379888,0.19668088774441342,0.1582358589385475,0.14865163399904663,85.13,Healthy,False,1.4973228020147273,False,1.0
0587_MVL.png,MVL,0.13955526477335142,2.893937201562726e-05,0.35745912313702793,0.6425119374909565,0.12259155600788343,0.1791986820307973,0.34956175444041887,0.3389432832792208,0.30525733056006493,0.23987926136363635,0.21264000363563018,78.74,Degraded,False,1.5995583817793255,False,0.5
0588_MVL.png,MVL,0.13697861135342962,0.001297284547572014,0.38322964884865995,0.615473066603768,0.11901150205163,0.1760859241800754,0.3415810273490748,0.33616578733766234,0.30040990259740263,0.23100142045454544,0.20869318890847266,79.13,Degraded,False,1.666839076487379,False,0.5
0589_MVL.png,MVL,0.13858599075958775,0.0,0.4008742532420224,0.5991257467579776,0.11969710187069886,0.17849682854420715,0.341619566656516,0.34312855113636365,0.30592380275974024,0.2337028206168831,0.2118277002283679,78.82,Degraded,False,1.7933734849730245,False,0.5
0590_MVL.png,MVL,0.13463216051177668,0.0,0.3845092392608591,0.6154907607391409,0.11703127524151076,0.17646843848532318,0.3472839872131406,0.34759283685064934,0.3087451806006493,0.23333502435064934,0.2115479863583099,78.85,Degraded,False,1.8438704922810214,False,0.5
0591_MVL.png,MVL,0.13555297082485218,0.0,0.33142652842331066,0.6685734715766893,0.12027818164195019,0.179329525203209,0.3593781392445319,0.34271002435064934,0.3107358461850649,0.24866832386363635,0.21417665052757373,78.58,Degraded,False,2.0185667863494388,False,0.5
0592_MVL.png,MVL,0.14571419340247488,5.543237250554324e-05,0.3882206208425721,0.6117239467849224,0.12647523504894834,0.18463528779813757,0.3468343405790149,0.34920353084415584,0.3112573559253247,0.23762175324675325,0.21783609922425567,78.22,Degraded,False,1.583358474810575,False,0.5
0593_MVR.png,MVR,0.13822229680595177,0.00543446840492571,0.34011678325721223,0.654448748337862,0.12173503064592173,0.15781378099033752,0.39151930450869493,0.3132355925324675,0.2890145596590909,0.24199726055194806,0.19947046735451412,80.05,Healthy,False,1.2098444924965364,False,1.0
0594_MVR.png,MVR,0.12301121153277556,0.011433397213109429,0.34352161626660604,0.6450449865202845,0.1077015159143033,0.13846885937775308,0.41017091054735094,0.27572037337662336,0.25379768668831165,0.2112418831168831,0.17537018726294157,82.46,Healthy,False,1.3294633146016495,False,1.0
0595_MVR.png,MVR,0.1270107640303982,0.003491883729709324,0.45341009185856296,0.5430980244117277,0.10713370731746298,0.13760859023623023,0.3992634165251169,0.2885425121753247,0.2542398031655844,0.18765219155844157,0.17511861053234173,82.49,Healthy,False,1.2336165205681655,False,1.0
0596_MVR.png,MVR,0.12450954538553129,0.0,0.41711058340286244,0.5828894165971376,0.10685190068643668,0.14123947593800862,0.37822681247248047,0.2956828327922078,0.2646486911525974,0.2044059456168831,0.18028688944837257,81.97,Healthy,False,0.9998160955445352,False,1.0
0597_MVR.png,MVR,0.12564827911362564,0.0,0.33697968009667056,0.6630203199033294,0.11125236736748736,0.14631762985264693,0.3779372160869674,0.30240462662337664,0.2758507508116883,0.2243049918831169,0.18761129949071562,81.24,Healthy,False,0.8010414778392095,False,1.0
0598_MVR.png,MVR,0.11788091642093991,0.0,0.43154933396603734,0.5684506660339627,0.10058462989156058,0.12785266167817774,0.4170660355759679,0.2641918628246753,0.23778459821428571,0.1865234375,0.16364502675663578,83.64,Healthy,False,0.7345303780217788,False,1.0
0599_MVR.png,MVR,0.14004427077090276,0.0,0.3969186875891583,0.6030813124108416,0.12114496679692184,0.1554568174323956,0.39057469766026304,0.3136033887987013,0.281154880275974,0.21816659902597402,0.19544248737918485,80.46,Healthy,False,0.7141724178115005,False,1.0
0600_MVR.png,MVR,0.13594882490670374,0.0,0.3684055841293167,0.6315944158706833,0.1189201607812113,0.15440040891467224,0.38915735678338204,0.31138392857142855,0.28586926745129865,0.23634080762987014,0.19634387788928453,80.37,Healthy,False,1.2013725463220728,False,1.0
0601_RV.png,RV,0.09950974294746143,0.13952586206896553,0.21413793103448275,0.6463362068965517,0.08296234499856311,0.11960077535854613,0.22236921281941815,0.22927941689944134,0.19145164106145252,0.1516563372905028,0.13734959253171378,86.27,Healthy,False,1.2510414708225899,False,1.0
0602_RV.png,RV,0.0927456539548689,0.10932803033806594,0.23031031771724553,0.6603616519446885,0.07868955962649532,0.11329320399933475,0.23150970054473016,0.21387264315642457,0.18265395862430167,0.14578605097765363,0.13065641253746968,86.93,Healthy,False,1.2846147411277038,False,1.0
0603_RV.png,RV,0.10616660161360195,0.1875808015513898,0.26357466063348417,0.5488445378151261,0.08330951390348412,0.11958705061997327,0.21923440021278454,0.2443152060055866,0.19415666462988826,0.13914106145251395,0.13853163520899253,86.15,Healthy,False,1.3318271524942702,False,1.0
0604_RV.png,RV,0.08079161716199929,0.07337014228073901,0.21395200679549797,0.712677850923763,0.07094298349081893,0.104295465912572,0.2151441009058391,0.18993322276536312,0.16805494937150836,0.140221281424581,0.11979351456962062,88.02,Healthy,False,1.432109811452514,False,1.0
0605_RV.png,RV,0.07965068648854995,0.17738287560581584,0.3220786214324179,0.5005385029617663,0.06146219273149955,0.09105614634313547,0.2940595530519727,0.18357192737430167,0.14377967877094971,0.10142065293296089,0.10326737323077038,89.67,Healthy,False,1.4829942992587024,False,1.0
0606_RV.png,RV,0.058187464345916456,0.0654577620521893,0.24679345422379478,0.6877487837240159,0.05075305713660715,0.0827598361698761,0.4485857808203574,0.14802287011173185,0.12911050977653632,0.10180254888268156,0.0916980719025595,90.83,Healthy,False,1.4545794220473427,False,1.0
0607_RV.png,RV,0.09519050539797463,0.10994457711891137,0.20628125985671159,0.6837741630243771,0.08150225398146202,0.1180646512653892,0.22067943458457076,0.21884820181564246,0.1876809095670391,0.15302025139664804,0.13494243540087103,86.51,Healthy,False,1.2318942151017047,False,1.0
0615_MVL.png,MVL,0.5610521469419405,0.17420692335931934,0.0021091123732193116,0.8236839642674614,0.4951645746502536,0.5615716385464046,0.43342793366163396,0.5521763392857143,0.48924195921266234,0.45670150162337664,0.5127176476440624,48.73,Unreliable,False,1.3621056913454783,False,0.0
0616_MVL.png,MVL,0.5241793480016801,0.12842955212611043,0.01206555154055366,0.8595048963333359,0.4769245339407451,0.55751260585502,0.44928316040275335,0.5623224431818182,0.4976568841314935,0.46155894886363635,0.509393895591327,49.06,Unreliable,False,0.8540707710011507,False,0.0
0617_MVL.png,MVL,0.5313842848373235,0.11167015010450314,0.0,0.8883298498954969,0.4916266437271817,0.5683648632075537,0.441514772972069,0.5736733969155844,0.504555854301948,0.47051288555194803,0.5198197938011999,48.02,Unreliable,False,1.125820561774244,False,0.0
0618_MVL.png,MVL,0.521784433459339,0.07439743649282497,0.07180451709778789,0.8537980464093872,0.48303681625795614,0.5580081177528473,0.44702202241705125,0.5625887784090909,0.4949288504464285,0.43484933035714285,0.5102850203818124,48.97,Unreliable,False,1.5172453409651339,False,0.0
0619_MVL.png,MVL,0.5358267907337404,0.1243263614094592,0.004002261164499718,0.8716713774260411,0.4904639995476721,0.5611622189491337,0.4412878029905572,0.5457589285714286,0.49240018770292204,0.4628145292207792,0.5124479406302106,48.76,Unreliable,False,1.3070843856948575,False,0.0
0620_MVL.png,MVL,0.5105408548996802,0.05659183318303353,0.05320613223218947,0.890202034584777,0.4819471907208168,0.554180455824692,0.45121835954995254,0.5450867491883117,0.4859792258522727,0.4434862012987013,0.5052299843045618,49.48,Unreliable,False,1.3094195074200827,False,0.0
0645_MVL.png,MVL,0.9165737779070143,0.06007904790020754,0.08880330996558729,0.8511176421342052,0.852004741365384,0.7399881502792888,0.033156908373557246,0.7791446834415584,0.659836520900974,0.574611911525974,0.7415324758537915,25.85,Unreliable,True,0.8035737636931538,False,0.0
0646_MVL.png,MVL,0.9054553972407999,0.04680684038216219,0.16334222428389192,0.7898509353339459,0.8267740945365255,0.7027925659416482,0.036488701377407916,0.7480595576298701,0.6182802353896104,0.4690670657467532,0.7061820922992963,29.38,Unreliable,False,0.5620346102401625,False,0.0
0647_MVL.png,MVL,0.896279603243837,0.037323251894775734,0.18151996611483107,0.7811567819903932,0.818551218054344,0.6859501511763588,0.03528251191696195,0.737494926948052,0.5911030083198052,0.40313007305194803,0.687791614097133,31.22,Unreliable,False,0.3714302994186481,False,0.0
0648_MVL.png,MVL,0.9023698749636522,0.03882130741068951,0.11937753430543248,0.841801158283878,0.8422732706536138,0.7229419575504574,0.03167514358559597,0.7502409699675324,0.649290533685065,0.5575410917207793,0.7292807819352474,27.07,Unreliable,True,0.5008836100608252,False,0.0
0649_MVL.png,MVL,0.8942481664566573,0.04125136051810336,0.1897228381875415,0.7690258012943552,0.8118484055442474,0.6780721750588664,0.03950427224156642,0.7372412743506493,0.5774119825487013,0.362012987012987,0.6779409672004146,32.21,Unreliable,False,0.5360563810470312,False,0.0
0650_MVL.png,MVL,0.9214686116765209,0.05583289139781648,0.1935020139111074,0.7506650946910761,0.8263742286194307,0.7097515127504987,0.0376717350528408,0.7881747159090909,0.6289373224431819,0.4428393871753247,0.7124126513882516,28.76,Unreliable,False,0.3347980773541763,False,0.0
0651_MVL.png,MVL,0.9011542438047236,0.057683085872551346,0.2182868513397839,0.7240300627876648,0.7994452925592066,0.6755453555042468,0.04609932646778056,0.7725497159090909,0.5823915635146104,0.35648336038961037,0.6754538198248802,32.45,Unreliable,False,0.4382731588032221,False,0.0
0652_MVL.png,MVL,0.9231042615747472,0.08794319414791221,0.14326152392285885,0.768795281929229,0.8237497576814967,0.7091631843983328,0.04568982548887588,0.7608690137987013,0.6232869571834416,0.5060115665584416,0.7091886654973255,29.08,Unreliable,True,0.408354411698773,False,0.0
0653_MVR.png,MVR,1.0,0.0,0.1473041977321219,0.8526958022678781,0.9499165727710787,0.9598689087508017,0.03738780722493921,1.0,0.9585305905032467,0.878031148538961,0.9563478806578628,4.37,Unreliable,True,0.0,True,0.0
0654_MVR.png,MVR,1.0,0.0,0.13023118292458785,0.8697688170754121,0.9557213978056401,0.9678752601056001,0.033937473604575996,1.0,0.9697075385551948,0.9109045251623377,0.96496201279545,3.5,Unreliable,True,0.0,True,0.0
0655_MVR.png,MVR,1.0,0.0,0.23542620605886255,0.7645737939411374,0.9199550899399868,0.9026698940823643,0.03752688624923787,1.0,0.8732416801948052,0.6271814123376623,0.8960841672846274,10.39,Unreliable,True,0.0,True,0.0
0656_MVR.png,MVR,1.0,0.0,0.17138142385667138,0.8286185761433286,0.9417303158887318,0.9461485218793578,0.03753039928476456,1.0,0.9391477272727272,0.8210227272727273,0.9420227422395178,5.8,Unreliable,True,0.0,True,0.0
0657_MVR.png,MVR,1.0,0.00019178673315273416,0.17508530514068357,0.8247229081261637,0.9403424991409551,0.934464680619855,0.02765399360576626,1.0,0.9131975446428572,0.7446986607142857,0.9277211717853859,7.23,Unreliable,True,0.0,True,0.0
0658_MVR.png,MVR,1.0,0.0,0.12584805696065976,0.8741519430393403,0.9572116606333758,0.971604253058724,0.034837451791448815,1.0,0.9747914975649351,0.9258573457792207,0.968561373133604,3.14,Unreliable,True,0.0,True,0.0
0659_MVR.png,MVR,1.0,0.0,0.15336146205419574,0.8466385379458042,0.9478571029015735,0.9593121909420771,0.039720978759835615,1.0,0.9582373681006494,0.8771687297077922,0.955445735393355,4.46,Unreliable,True,0.0,True,0.0
0660_MVR.png,MVR,1.0,0.0009229736532975332,0.11332997706550316,0.8857470492811993,0.9608494154500196,0.9761984804422,0.03270370440405791,1.0,0.9823419744318181,0.9480646306818182,0.9740511585403931,2.59,Unreliable,True,0.0,True,0.0
0668_FV.png,FV,0.12158612816439275,0.13782009192383454,0.2119500984898227,0.6502298095863428,0.10159706532759599,0.16401387252206523,0.17157546464786005,0.2756197625698324,0.24297213250698327,0.20218662709497207,0.17687213435769167,82.31,Healthy,False,1.2020882734320335,False,1.0
0669_FV.png,FV,0.09000407149871069,0.0536632960794749,0.32916444917509313,0.6171722547454319,0.07669514054653882,0.12911279740092857,0.10036168267070501,0.21231232541899442,0.18722481668994412,0.1426981494413408,0.13663230806021787,86.34,Healthy,False,1.0940597684840678,False,1.0
0670_FV.png,FV,0.11730307118736079,0.1147446149658012,0.2763466839078504,0.6089087011263484,0.09726339403325857,0.1548043700824483,0.17073759287665352,0.2743758729050279,0.23441733589385477,0.18315729748603352,0.16938726359225398,83.06,Healthy,False,1.0562064068105335,False,1.0
0671_FV.png,FV,0.11989366203367369,0.06405646557464376,0.232820615261686,0.7031229191636703,0.10525742250181622,0.16312031186791107,0.20151586025027457,0.2720190293296089,0.249004560928771,0.21634951117318435,0.18011514468242656,81.99,Healthy,False,0.9257261945089242,False,1.0
0672_FV.png,FV,0.11682407133904407,0.1917518023712714,0.16055625790139064,0.647691939727338,0.09543792561132357,0.15368072167136407,0.14900641719214466,0.2608785789106145,0.22723332751396652,0.19426501396648044,0.1656289251903929,83.44,Healthy,False,0.9017560141941646,False,1.0
0673_MVL.png,MVL,0.08964573034796937,0.576068838131279,0.1347028877776276,0.2892282740910934,0.050939832315595616,0.09698775743792692,0.3294359490608416,0.2503424310064935,0.14968001724837662,0.08142248376623376,0.10425028382540741,89.57,Healthy,False,1.1017396189828583,False,1.0
0674_MVL.png,MVL,0.13071063939775773,0.3479375868994284,0.3238374787579175,0.3282249343426541,0.08584775128428808,0.15942853460548073,0.2602143516679488,0.35843648538961037,0.25235034496753245,0.1347275771103896,0.17452302375394363,82.55,Healthy,False,1.0732803229566752,False,1.0
0675_MVL.png,MVL,0.1046210138606184,0.1096313453001351,0.15803898861223703,0.7323296660876278,0.09131465865400148,0.18177795271659075,0.2228436587953096,0.3285435267857143,0.2867573051948052,0.24060217126623376,0.19663070548909975,80.34,Healthy,False,1.0286211199617414,False,1.0
0676_MVL.png,MVL,0.09005767180381893,0.4021256558590071,0.061975873357549664,0.5358984707834432,0.06389627960324383,0.12893438751964467,0.3010151733305956,0.2744140625,0.19788415685876623,0.15155742694805194,0.13700286288037306,86.3,Healthy,False,0.9995780435042518,False,1.0
0677_MVL.png,MVL,0.07576895738425253,0.07361014871275519,0.21080965833377752,0.7155801929534673,0.06660136182998934,0.13130195973522932,0.3322618796551872,0.2379388189935065,0.20914962966720776,0.1702643060064935,0.1430308483364487,85.7,Healthy,False,1.1121017216385456,False,1.0
0678_MVL.png,MVL,0.07139106975541985,0.07241047689087515,0.37517678339084687,0.552412739718278,0.05882087816225647,0.11624586262114663,0.3391225318241043,0.22419084821428573,0.1847164163961039,0.12384588068181818,0.1264065887934625,87.36,Healthy,False,1.0759073348975536,False,1.0
0679_MVL.png,MVL,0.0906230816451811,0.4845581353892776,0.02410980881500958,0.4913320557957128,0.060459072404768825,0.11426703104489312,0.3284648458719164,0.24343039772727273,0.17627967735389613,0.13982599431818182,0.12292970197645704,87.71,Healthy,False,1.1017396189828583,False,1.0
0680_MVR.png,MVR,0.14517057032579772,0.08146863732694795,0.17680896155010598,0.7417224011229461,0.12851964615347733,0.2340936873982403,0.09272288327631631,0.39960430194805197,0.3604489650974026,0.31903155438311687,0.25296358610447633,74.7,Degraded,False,0.931534738317515,False,0.5
0681_MVR.png,MVR,0.13708356307785743,0.09332828120901221,0.13110262613308463,0.7755690926579032,0.12240124981021104,0.2252333119500554,0.08705076168254733,0.3869724025974026,0.35013671874999996,0.31612723214285715,0.24434505602807993,75.57,Degraded,False,0.8952444614209321,False,0.5
0682_MVR.png,MVR,0.12899256027297645,0.07217197373311857,0.22565357452608104,0.7021744517408004,0.11285850134650269,0.21194801712545863,0.07707683030371978,0.36804991883116883,0.3299567522321429,0.28111049107142855,0.22942465643444554,77.06,Degraded,False,0.8262044224469449,False,0.5
0683_MVR.png,MVR,0.10744052613493794,0.10632205280773521,0.21182595760505765,0.6818519895872072,0.09204896155475112,0.180976122223354,0.018055426241777764,0.3195895900974026,0.27892654220779217,0.22594105113636365,0.1934781420165484,80.65,Healthy,False,0.7408527259131696,False,1.0
0684_MVR.png,MVR,0.12556437241787133,0.05632279004645835,0.30045185515178513,0.6432253548017565,0.1079991849063841,0.20425302555311117,0.042122566095145204,0.36148031655844154,0.31947747564935064,0.25438818993506496,0.22146665339758884,77.85,Degraded,False,0.7470486268467326,False,0.5
0685_MVR.png,MVR,0.12141298875650276,0.15371705005429953,0.20117155362490538,0.6451113963207951,0.10060416816500052,0.18907680466482182,0.05119568211457361,0.34415584415584416,0.2941860288149351,0.2389153814935065,0.20457870337492073,79.54,Degraded,False,0.724793962269037,False,0.5
0686_MVR.png,MVR,0.13339566402160796,0.013478703648235788,0.35191397591804946,0.6346073204337147,0.11623011211532776,0.2188255752922149,0.13557292679403157,0.3803393871753247,0.33832284902597404,0.2605773133116883,0.23584584583265242,76.42,Degraded,False,0.641971204891818,False,0.5
0687_MVR.png,MVR,0.13067868530194424,0.013300311869381765,0.20834097719072953,0.7783587109398887,0.12025743373368815,0.22003577317459208,0.08001749476592733,0.3628246753246753,0.3418969409496753,0.3061840503246753,0.2388467384523542,76.12,Degraded,False,0.9277413295826806,False,0.5
0688_RV.png,RV,0.16959977352955052,0.0159581194203485,0.28084772767507143,0.7031941529045801,0.1515916411815924,0.23843911645675503,0.0744946845024697,0.4022237255586592,0.36394018418296087,0.29630761173184356,0.2625853009646886,73.74,Degraded,False,0.915133906988612,False,0.5
0689_RV.png,RV,0.1622051702174202,0.020149668138667795,0.25938070180077744,0.7204696300605548,0.14571057248126684,0.22777986477812825,0.07669145412659115,0.38384907472067037,0.34867754888268154,0.2884732891061452,0.2515181507308911,74.85,Degraded,False,0.9004456012301246,False,0.5
0690_RV.png,RV,0.16301583148539736,0.04420354680839867,0.2740619902120718,0.6817344629795296,0.14299790257481462,0.2245775341153112,0.08640752698251981,0.38373996159217877,0.3428353046438548,0.2756852304469274,0.24740675286457967,75.26,Degraded,False,0.9204671608652055,False,0.5
0691_RV.png,RV,0.16535774181510918,0.01968769454243619,0.28859721934011207,0.6917150861174518,0.14695114157405542,0.23034017082330072,0.09721385645705573,0.3893265537709497,0.34958416986731844,0.2804752967877095,0.25302106166613425,74.7,Degraded,False,0.9549147350845151,False,0.5
0692_RV.png,RV,0.16388225252312957,0.00013086264656616414,0.26104480737018426,0.7388243299832495,0.14932247590534564,0.2352955158109637,0.08492665362507376,0.38827906773743015,0.3581593706354748,0.29974467527932963,0.2586491457690827,74.14,Degraded,False,0.9791329535077353,False,0.5
0693_RV.png,RV,0.1578687758157011,0.07341194370483073,0.1568494267239037,0.7697386295712656,0.1416848886734751,0.22271683786723662,0.10386944469718615,0.3732869238826816,0.3399315860684357,0.3010976780726257,0.2452931523895878,75.47,Degraded,False,1.0523996215173328,False,0.5
0694_RV.png,RV,0.13433815297907292,0.0,0.4047254150702427,0.5952745849297574,0.11585233097283641,0.1794160794094831,0.16843272097911896,0.3190576990223464,0.2784534305167598,0.19963337988826815,0.19996189532139977,80.0,Healthy,False,1.0232853011746168,False,1.0
0695_RV.png,RV,0.16135590603192032,0.008346846008665833,0.2757117414072676,0.7159414125840665,0.14532771732370262,0.22889652664053206,0.07186777308079093,0.38398001047486036,0.35010125698324024,0.2875349162011173,0.2523077759825665,74.77,Degraded,False,0.9148716158143533,False,0.5
0761_MVL.png,MVL,0.1203515233756583,0.037416107382550336,0.769026845637584,0.19355704697986578,0.08586624826338407,0.18148061726487758,0.04248293454732084,0.31464336444805197,0.22368696732954552,0.059126420454545456,0.1696788465902967,83.03,Healthy,False,1.1859499461987955,False,1.0
0762_MVL.png,MVL,0.11939032664534263,0.12072931466071307,0.35508422975441445,0.5241864555848724,0.09531917385544895,0.201888614447696,0.1331389919041395,0.2996778612012987,0.2352528916396104,0.15266081574675325,0.18326349314678766,81.67,Healthy,False,1.1411447980960352,False,1.0
0763_MVL.png,MVL,0.11799699525055733,0.010644487798199678,0.5953041037751994,0.39405140842660097,0.09327247100255243,0.200886652013327,0.08755985695846155,0.30079393262987014,0.24175235896915587,0.12961647727272727,0.1849486804924262,81.51,Healthy,False,1.087291053308027,False,1.0
0764_MVL.png,MVL,0.10130125036347776,0.14894550093688952,0.2305944265040067,0.6204600725591037,0.08324981422248069,0.18566649808614158,0.024809748906505006,0.2691507711038961,0.22752473112824678,0.1737900771103896,0.17168478614388538,82.83,Healthy,False,1.2040471395692913,False,1.0
0765_MVL.png,MVL,0.1163896158443992,0.06839238002706548,0.5479371248134911,0.3836704951594434,0.0893730816451811,0.18703879937732998,0.09283170502530348,0.2873503449675325,0.21658545556006495,0.10106787743506493,0.16955774653077932,83.04,Healthy,False,1.5480397587165422,False,1.0
0766_MVR.png,MVR,0.08765452816468088,0.024705989607074482,0.37492022973835354,0.6003737806545719,0.07503000663262452,0.1476983376550502,0.1552332074486037,0.2619850852272727,0.22694475446428572,0.16559709821428573,0.15759640507201672,84.24,Healthy,False,0.6691573008247984,False,1.0
0767_MVR.png,MVR,0.07321458538105627,0.09894127919668194,0.3227461253001528,0.5783125955031653,0.06032703633559483,0.11806448179347168,0.2084114896142908,0.22894683441558442,0.18921228185876626,0.13439782873376624,0.12920236818222647,87.08,Healthy,False,0.5084432174256451,False,1.0
0768_RV.png,RV,0.060791016672171155,0.2822267692090595,0.21597403513723276,0.5017991956537078,0.04483197007844972,0.06785560999516974,0.3628529908082596,0.07778674930167598,0.0622670434706704,0.051446840083798885,0.058713091410353996,94.13,Healthy,False,0.8752656485012892,False,1.0
0769_RV.png,RV,0.039743848196171445,0.2877185409022232,0.06054392402331103,0.6517375350744657,0.03126424554886915,0.06860380156154926,0.23540499817447658,0.1011042248603352,0.07953299581005586,0.06589341829608938,0.06177361245714787,93.82,Healthy,False,1.0693611174527289,False,1.0
0770_RV.png,RV,0.04022424005867643,0.2768180848795052,0.050757091064192794,0.672424824056302,0.03206975976117661,0.06972539973369721,0.24402042614761227,0.10232629189944134,0.08158214036312848,0.06880673882681564,0.06317140399371354,93.68,Healthy,False,1.0879837908250967,False,1.0
0771_RV.png,RV,0.03952938754326744,0.3887803819444444,0.1528862847222222,0.4583333333333333,0.027177869376305532,0.056900895059553376,0.24005483736514624,0.09202601256983241,0.06632190555167598,0.046089385474860335,0.051752391551428065,94.82,Healthy,False,1.0002911082312707,False,1.0
0772_RV.png,RV,0.0465036479757059,0.3647850950009223,0.1170448256779192,0.5181700793211584,0.03328725288771269,0.06726387687623872,0.2215241439512193,0.09875829259776536,0.07366107280027934,0.06129975558659218,0.05962976804929716,94.04,Healthy,False,0.8655608750537173,False,1.0
0773_FV.png,FV,0.045225569011903145,0.6539276257722859,0.082171226831421,0.263901147396293,0.024147300436688196,0.02861331743459689,0.5626604757224429,0.011369587988826816,0.007763180865921788,0.005761173184357542,0.01893345770775424,98.11,Healthy,False,1.777589525694992,False,1.0
0774_FV.png,FV,0.05112525047700402,0.513897564022486,0.37663960024984383,0.10946283572767021,0.026975275624496052,0.03232582953599456,0.5836743727563173,0.017643592877094973,0.012699458798882683,0.006448585893854749,0.02287011506770026,97.71,Healthy,False,1.6193429506758334,False,1.0
0775_FV.png,FV,0.13105835016485579,0.7895714677306369,0.16044832942466422,0.04998020284469893,0.05457724271720647,0.04372807441827458,0.5725951134073889,0.027812936452513967,0.01522357280027933,0.008609025837988827,0.035581024260756045,96.44,Healthy,False,1.6567624629319058,False,1.0
0776_FV.png,FV,0.048450834657235695,0.3015323776569451,0.49085516559565,0.20761245674740483,0.030576476317449173,0.03946876080886649,0.6033617829531169,0.013922835195530727,0.009508118016759777,0.000938372905027933,0.024816818344598607,97.52,Healthy,False,1.23918239862501,False,1.0
0777_FV.png,FV,0.038487637812248024,0.07228790707322133,0.37627048330221946,0.5514416096245592,0.03169977087840589,0.043586812086959685,0.5677867754478416,0.018974773044692736,0.01477151710893855,0.0066122555865921785,0.028494581733185094,97.15,Healthy,False,1.3140214231371548,False,1.0
0778_FV.png,FV,0.04356902786980784,0.15529088410444342,0.699770957398076,0.14493815849748054,0.028669857337878513,0.03792410446819564,0.574980398487012,0.017228962988826816,0.010775030551675979,0.00016366969273743016,0.02428820076249264,97.57,Healthy,False,1.2606579447893647,False,1.0
0779_FV.png,FV,0.059954814347642126,0.47283621837549933,0.3193741677762983,0.2077896138482024,0.03445078675725086,0.04059824136833303,0.5309822003026937,0.02137526187150838,0.017290721019553076,0.009361906424581005,0.0294309968454964,97.06,Healthy,False,1.1450370750358188,False,1.0
0780_FV.png,FV,0.11676419635800449,0.43053466429645837,0.09616436482975523,0.4733009708737864,0.07926489489944996,0.07296551318181556,0.43351060534398855,0.03129364525139665,0.02775848900139665,0.025968924581005588,0.056772518024938316,94.32,Healthy,False,1.0708488246498662,False,1.0
0781_FV.png,FV,0.07846017515427786,0.46352258852258854,0.3038258038258038,0.23265160765160764,0.04598857585361765,0.03876264686983745,0.5102608903464251,0.012897171787709497,0.006380281075418995,0.0010583973463687152,0.027977479247204128,97.2,Healthy,False,0.9371147417172941,False,1.0
0782_FV.png,FV,0.08000494966509927,0.0832709674200469,0.24911440403133264,0.6676146285486204,0.06876501864107744,0.07436160920441078,0.4436169971308849,0.08252225907821228,0.0739999781773743,0.0635038407821229,0.07253797962459618,92.75,Healthy,False,1.0947105426102604,False,1.0
0783_FV.png,FV,0.21527849849514213,0.8008603426537121,0.17955944522732328,0.019580212118964622,0.08662233256959469,0.059011608795335964,0.5345696252389007,0.015559532122905027,0.009865027060055867,0.0017021648044692737,0.047636193233501545,95.24,Healthy,False,1.851669313726579,False,1.0
0821_FV.png,FV,0.8275281212827615,0.02622109457151953,0.6880094928465998,0.2857694125818806,0.6194119478528832,0.48302250919946604,0.04671992498527772,0.7066711766759777,0.4662340694832402,0.001112953910614525,0.5172239649090009,48.28,Unreliable,False,0.09815843070071192,True,0.0
0822_FV.png,FV,0.8558250373220715,4.197702457521583e-05,0.7262724868588593,0.27368553611656554,0.6444698270012215,0.5202563016663058,0.06162595912034713,0.7295631110335196,0.49971957925977656,0.05355272346368715,0.5493056703041688,45.07,Unreliable,False,0.14241107128180638,True,0.0
0823_FV.png,FV,0.8121402511555872,0.14284941929332198,0.5029661995782934,0.3541843811283846,0.5955281372494233,0.46909748927089584,0.05856512057112451,0.7029067737430168,0.45277321927374314,0.06579521648044692,0.500496975665593,49.95,Unreliable,False,0.10857081671979298,True,0.0
0824_FV.png,FV,0.8749930145855453,0.0070436349535822635,0.6894596382381789,0.30349672680823886,0.6657511116788146,0.5285254537495696,0.03795031722427928,0.7311779853351955,0.4871030464385475,0.01974947625698324,0.5531241882039343,44.69,Unreliable,False,0.11572933210791118,True,0.0
0825_FV.png,FV,0.8396827424337983,0.03558202881740263,0.6213378082230853,0.34308016295951205,0.6422776841954,0.5093719745601076,0.024225697128009142,0.7338621682960894,0.4876649790502794,0.025892545391061454,0.540560889246764,45.94,Unreliable,False,0.09143376473005543,True,0.0
0826_FV.png,FV,0.8647464094969703,0.0,0.6794375871269122,0.32056241287308784,0.6649823967555744,0.5341970664968487,0.04425512584665628,0.7341131284916201,0.5033681040502794,0.05545129189944134,0.5611010805958386,43.89,Unreliable,False,0.12169476159800971,True,0.0
0827_FV.png,FV,0.8388285260376335,0.020281234385781246,0.6638416331580576,0.3158771324561612,0.6381014042678886,0.5086933595958099,0.05933611793217721,0.7158694134078212,0.4795071359986034,0.026034392458100557,0.5358412835585509,46.42,Unreliable,False,0.12939558875795507,True,0.0
0828_FV.png,FV,0.8894468350085023,0.0,0.7077674957141447,0.29223250428585534,0.6754095049536568,0.5482235075139366,0.04284614394495621,0.7393287360335196,0.5023511696927375,0.042335893854748605,0.568030371617373,43.2,Unreliable,False,0.1200678262825283,True,0.0
0916_MVL.png,MVL,0.9516211107880198,0.16045138756265145,0.18427273383157422,0.6552758786057743,0.7896978692126264,0.7594562864641028,0.06596750788625323,0.8965351055194806,0.7675031706574675,0.6504286728896104,0.7717475149660058,22.83,Unreliable,True,0.303565824279288,False,0.0
0917_MVL.png,MVL,0.945894316823366,0.23469862645221617,0.09477351618839422,0.6705278573593896,0.7666747035636975,0.7349349018267765,0.04994846133726852,0.8893313717532467,0.736815137987013,0.6552861201298701,0.7452089368119474,25.48,Unreliable,True,0.2735011320670124,False,0.0
0918_MVL.png,MVL,0.9399413589221673,0.15770590838586043,0.15353381714123668,0.6887602744729029,0.7915580272042907,0.7618095480039426,0.06614699100237052,0.8877206777597403,0.7663566609172078,0.670124797077922,0.7725529369293531,22.74,Unreliable,True,0.2495661343834531,False,0.0
0919_MVL.png,MVL,0.9398201996704468,0.15674646658673783,0.149398170231235,0.6938553631820272,0.7933816354883526,0.7624135228627726,0.05976044076393411,0.8749873173701299,0.768316888189935,0.681158685064935,0.7740653027813116,22.59,Unreliable,True,0.24402022028604306,False,0.0
0920_MVL.png,MVL,0.9310119220703693,0.19306715945272984,0.1283152442674579,0.6786175962798122,0.7699634502923977,0.7483661388844981,0.05868716879205632,0.8796418425324676,0.7604276582792208,0.6610693993506493,0.7596699400647571,24.03,Unreliable,True,0.26022012725479354,False,0.0
0921_MVL.png,MVL,0.9424412781493328,0.14561014072918632,0.17493014964260614,0.6794597096282076,0.7944449694678686,0.7619592281051943,0.06243367787846965,0.8668070211038961,0.7674088118912337,0.6744749391233766,0.7738847840284123,22.61,Unreliable,True,0.2413932083451646,False,0.0
0922_MVL.png,MVL,0.9215009208103131,0.20162947964465247,0.10772622287670212,0.6906442974786454,0.7632620109204872,0.7407121947955656,0.05527491758518082,0.8644987824675324,0.755808010349026,0.669528713474026,0.7535154658544263,24.65,Unreliable,True,0.2867821368792312,False,0.0
0938_FV.png,FV,1.0,0.04579238549907792,0.1510047021818443,0.8032029123190778,0.9179775029737908,0.9028965832758655,0.04108022218914797,1.0,0.9548230185055866,0.8953605097765364,0.9281914332771315,7.18,Unreliable,True,0.03991414640647734,True,0.0
0939_FV.png,FV,0.9993613335355778,0.05320695632723816,0.1585863669406699,0.7882066767320919,0.909850512130671,0.8938611741986331,0.045570101102165944,1.0,0.9456028500349162,0.8839690991620112,0.9193546459127577,8.06,Unreliable,True,0.05976275725535058,True,0.0
0940_FV.png,FV,1.0,0.05721254021602893,0.15072129393825692,0.7920661658457141,0.9104223581162534,0.8933853576847363,0.04558724435015557,1.0,0.9458631939594973,0.8869587988826816,0.9194875923240957,8.05,Unreliable,True,0.06670434793473794,True,0.0
0941_FV.png,FV,1.0,0.04147739519882485,0.1541740845115399,0.8043485202896352,0.9197909564828638,0.9055815743918206,0.03949341514154292,1.0,0.9579943915851956,0.8916724860335196,0.9308095158964835,6.92,Unreliable,True,0.03351486749891711,True,0.0
0942_FV.png,FV,1.0,0.028288932708504643,0.16425703131860675,0.8074540359728886,0.9251990244369757,0.9134641738189663,0.037750506011391044,1.0,0.9610696359986034,0.894934968575419,0.9360268138762239,6.4,Unreliable,True,0.042842629974343883,True,0.0
0943_FV.png,FV,1.0,0.02806939111135948,0.15936324953497097,0.8125673593536695,0.927010003113499,0.9141375198382163,0.03628674227681662,1.0,0.9614508772695531,0.8999323498603352,0.9369246077933359,6.31,Unreliable,True,0.024078642669124916,True,0.0
0944_FV.png,FV,1.0,0.007564205938001453,0.18144115087696888,0.8109946431850297,0.9332419907233697,0.9243369850876322,0.03410661574785871,1.0,0.9653552723463688,0.8986120810055865,0.943415801681848,5.66,Unreliable,True,0.02700712623699146,True,0.0
0945_FV.png,FV,1.0,0.001668516138303223,0.1917156976233624,0.8066157862383344,0.9336987569953937,0.9256212901329692,0.03412247236578801,1.0,0.963554469273743,0.8928072625698324,0.943217801848006,5.68,Unreliable,True,0.03102023334851228,True,0.0
1069_RV.png,RV,1.0,0.03853429011379282,0.5666822508074444,0.39478345907876283,0.7815100603492278,0.7756003124933052,0.016206801663848747,1.0,0.7695120460893855,0.37225034916201116,0.7749379302885141,22.51,Unreliable,False,0.04240373983849019,True,0.0
1070_RV.png,RV,1.0,0.041154999292279844,0.5430443976443642,0.415800603063356,0.7877910552750889,0.7877566278256517,0.016784007848523207,1.0,0.7833993104050281,0.41574284217877094,0.7860240290922333,21.4,Unreliable,False,0.09582370899584587,True,0.0
1071_RV.png,RV,0.9998970588866061,0.035501181799853294,0.6327369283498986,0.3317618898502482,0.761005305756553,0.7555510824563375,0.02172058736611283,1.0,0.7498198542248605,0.31033956005586594,0.7548948581538113,24.51,Unreliable,False,0.06793341413300388,True,0.0
1072_RV.png,RV,1.0,0.03614948765350021,0.5147313022479766,0.44911921009852324,0.8007712005078429,0.7858760887904129,0.007973022578808471,1.0,0.777292903282123,0.3909414280726257,0.7869113481023259,21.31,Unreliable,False,0.09232649333906318,True,0.0
1073_RV.png,RV,1.0,0.037256104622484916,0.5201185538489254,0.44262534152858973,0.7981981015943005,0.7943628261671516,0.012415329601949831,1.0,0.7957486251745812,0.4469491969273743,0.7960677283982681,20.39,Unreliable,False,0.04817414567218164,True,0.0
1074_RV.png,RV,1.0,0.04032289195901228,0.5128569161415955,0.4468201918993922,0.7986123108993193,0.7873521824036253,0.011765101358154633,1.0,0.78345124825419,0.4166157472067039,0.7891698472925593,21.08,Unreliable,False,0.08026109932316287,True,0.0
1075_RV.png,RV,1.0,0.040743234838704144,0.5423280990636647,0.4169286660976311,0.7883104789764223,0.7755363602193525,0.014089017367563206,1.0,0.7654493278631285,0.3645796962290503,0.7753337829039838,22.47,Unreliable,False,0.0748404150551497,True,0.0
1076_FV.png,FV,0.7446811058509831,0.11990308695908533,0.06142292786732347,0.8186739851735912,0.6693053304699786,0.75788736298472,0.3085162799779118,0.8381743191340782,0.7514159610684357,0.657188372905028,0.7287241924637838,27.13,Unreliable,True,0.11030621438963982,True,0.0
1077_FV.png,FV,0.9756388660476925,0.29708410557280734,0.08530433395112491,0.6176115604760677,0.7531445940875453,0.8226229967950912,0.20474624990169682,0.9945989001396648,0.82427156075419,0.6537840432960894,0.802438901566467,19.76,Unreliable,True,0.052821166575963224,True,0.0
1078_FV.png,FV,0.8677840668683788,0.25613733273842104,0.05085119986752469,0.6930114673940543,0.7038584236114993,0.7911963741104161,0.25760952779554086,0.94713468924581,0.7870188111033519,0.6545478351955307,0.7633239637579154,23.67,Unreliable,True,0.060847380799004855,True,0.0
1079_FV.png,FV,0.7908966078827409,0.14125579775609806,0.08968037267143442,0.7690638295724675,0.6919295710556358,0.7735139825469854,0.28630260558141635,0.88684968575419,0.7724935623254191,0.6581594797486033,0.748630491010954,25.14,Unreliable,True,0.07570672334706843,True,0.0
1080_FV.png,FV,0.8358068353278355,0.1608831451659121,0.10748466960857356,0.7316321852255143,0.715169406279688,0.7957331521822549,0.25921379762679864,0.9254211766759777,0.7927053509078213,0.6640079434357542,0.7703529079017114,22.96,Unreliable,True,0.10293077429279075,True,0.0
1081_MVL.png,MVL,0.6304077412684566,0.43588478737171193,0.23313516214588645,0.33098005048240164,0.3963318228813285,0.3974643500674899,0.22011922626987437,0.65625,0.4349116020698052,0.2477171266233766,0.41210349271256763,58.79,Degraded,False,0.40747874105181353,False,0.5
1082_MVL.png,MVL,0.5543924267390391,0.43642549099597877,0.17285389591468034,0.39072061308934086,0.3597034425382056,0.3624315401858566,0.23926204981057278,0.5705661525974026,0.4035827161120131,0.2575461647727273,0.3780735812620239,62.19,Degraded,False,0.43929477455800814,False,0.5
1083_MVL.png,MVL,0.3940906594294207,0.321858987497438,0.1211826193892191,0.5569583931133429,0.29286941455849574,0.30397435969624303,0.33809490925991104,0.4851105925324675,0.38369330864448054,0.2762784090909091,0.3325304557342138,66.75,Degraded,False,0.4353542566466904,False,0.5
1084_MVL.png,MVL,0.42409776743885497,0.19433387296447957,0.30194267212646414,0.5037234549090562,0.3253405786565862,0.31962495435266924,0.32114946918701054,0.4641081574675325,0.3806783938717533,0.25980367288961037,0.3457610174514779,65.42,Degraded,False,0.46235410159460794,False,0.5
1085_MVL.png,MVL,0.44162951116280574,0.27474828762425585,0.2573639015646862,0.46788781081105796,0.3216895253788246,0.35110110082811236,0.2986723749017378,0.5905793425324676,0.44782771915584413,0.2691000405844156,0.38096827552441875,61.9,Degraded,False,0.23964186705124566,False,0.5
4480_MVR.png,MVR,0.7586963296813943,0.01548305553361245,0.2962687942702162,0.6882481501961714,0.6744013457035777,0.763098250917078,0.28762144705693177,0.937309760551948,0.8775695008116884,0.7686688311688312,0.7822776793108721,21.77,Unreliable,True,0.24328394686071655,False,0.0
4481_MVR.png,MVR,0.7466537210621789,0.0052282055535636885,0.35668455779655484,0.6380872366498814,0.6534895196541446,0.7206730439998842,0.3046536970874849,0.9299538352272727,0.8255362215909091,0.6240741680194806,0.7424632577325723,25.75,Unreliable,True,0.20598209430151107,False,0.0
4482_MVR.png,MVR,0.7560352887589001,0.013936232619345837,0.3373656979478805,0.6486980694327736,0.6622554519374457,0.7380910100936519,0.295451043646317,0.9303977272727273,0.842511541193182,0.6793070211038961,0.7571085550866021,24.29,Unreliable,True,0.1789224453263586,True,0.0
4483_MVR.png,MVR,0.7364770375342619,0.01826674768342701,0.3850014105596667,0.5967318417569063,0.6310583031668785,0.7032241359659755,0.31303722786342014,0.9296494521103896,0.8099917562905845,0.5838575487012987,0.7242814342560899,27.57,Unreliable,True,0.21609785092773626,False,0.0
4484_MVR.png,MVR,0.7842838763295216,0.06475655793243636,0.3617981649506595,0.5734452771169042,0.6537803961994263,0.7121919414575875,0.2921695278692366,0.9311333198051948,0.8060321124188311,0.5733563311688312,0.7322045462646365,26.78,Unreliable,True,0.26819399755279616,False,0.0
4485_MVR.png,MVR,0.7582088717346311,0.04676886432023102,0.32582747954026864,0.6274036561395003,0.6504548941576966,0.7241209186680803,0.30349278985208,0.9291294642857143,0.8399398843344156,0.6728388798701299,0.7483486975814992,25.17,Unreliable,True,0.07890290168455671,True,0.0
4486_MVR.png,MVR,0.7724410455573403,0.012978145609724557,0.3894633389370232,0.5975585154532523,0.6634396551035249,0.7212962704964597,0.2899338391268733,0.9278738839285714,0.8140626268262988,0.597947950487013,0.741045828410515,25.9,Unreliable,True,0.2941156239074983,False,0.0
4487_MVR.png,MVR,0.7727926545681203,0.024062498384286476,0.37190881688407706,0.6040286847316364,0.6626149321953987,0.7300982150715228,0.287241309829,0.9572722199675324,0.8417641538149352,0.6175426136363636,0.7545196057060506,24.55,Unreliable,True,0.1326428587613782,True,0.0
4488_MVR.png,MVR,0.7650852252295447,0.029360155417685028,0.3723287585385724,0.5983110860437426,0.6531815021695875,0.7150797372862708,0.29889142777236033,0.9236505681818182,0.8130688159496754,0.6090579342532467,0.7357058982166277,26.43,Unreliable,True,0.29664456306405457,False,0.0
4489_MVR.png,MVR,0.7280504079463637,0.012430370715912522,0.4396619378207063,0.5479076914633811,0.6131542924268215,0.6832784794457422,0.31774107003703445,0.921583299512987,0.7909733918425325,0.5415356128246753,0.7053191882987822,29.47,Unreliable,True,0.24821537821600134,False,0.0
4490_MVR.png,MVR,0.7800046348460512,0.03854665041133502,0.3171941111987624,0.6442592383899026,0.6757396575008591,0.751466529088285,0.28227941415336166,0.9419262378246753,0.8526740056818182,0.694437398538961,0.7692314582494706,23.08,Unreliable,True,0.1384594188214577,True,0.0
4491_RV.png,RV,1.0,0.3510978240822156,0.33637724486688425,0.31252493105090007,0.650396194610175,0.6858454731602314,0.12272937839344507,1.0,0.7301578866969275,0.32022520949720673,0.6929356550098928,30.71,Unreliable,False,0.15361519772417992,True,0.0
4492_RV.png,RV,0.9759761176616926,0.39598403811164534,0.29199883977463503,0.3120171221137197,0.6201460477046277,0.6431380053899743,0.1220028603119241,0.9575549930167597,0.6878540721019555,0.3135038407821229,0.6541268447691628,34.59,Unreliable,False,0.18063118867282624,True,0.0
4493_RV.png,RV,0.9713480567720241,0.4718121724078547,0.1833632867179186,0.3448245408742267,0.6037339315355813,0.6220006155016795,0.1426072071114889,0.9689682262569832,0.6694873865223464,0.3600187674581006,0.6355153187201168,36.45,Unreliable,False,0.2552967429451368,False,0.0
4494_RV.png,RV,0.8827372042051445,0.33597014635284056,0.3059950243921401,0.35803482925501934,0.5921945758611667,0.6355173762319829,0.1508823514123846,0.9094797486033519,0.6862213032472066,0.3428661836592179,0.6428021069268276,35.72,Unreliable,False,0.14530931053932103,True,0.0
4495_RV.png,RV,0.9296311705691357,0.3473979984958729,0.3157236650871794,0.33687833641694775,0.6134610946929567,0.6466878951362484,0.14680552771556918,0.977708187849162,0.6988596586941341,0.3331223812849162,0.6575885604264151,34.24,Unreliable,False,0.1995161532194528,True,0.0
4496_RV.png,RV,0.8287831931475532,0.31024970888860137,0.31208694527105707,0.37766334584034156,0.5685644432815912,0.6098154849126779,0.19736193282120318,0.9805560405027933,0.6821212683310056,0.32210195530726254,0.6263624857906829,37.36,Unreliable,False,0.27479372023170034,False,0.0
4497_RV.png,RV,0.8177727832274613,0.4546937448205688,0.14610978820715628,0.39919646697227495,0.5280177830773388,0.5217023354370485,0.18729155873680048,0.7795587465083799,0.5583638486382683,0.3652889315642458,0.5382615750096235,46.17,Unreliable,False,0.11864304115635296,True,0.0
4498_RV.png,RV,0.9159914730444405,0.3215956395716366,0.333840613981279,0.3445637464470844,0.6146532814624501,0.6477287992007631,0.15003042170994982,0.9682262569832403,0.7096440729748604,0.3158606843575419,0.6625722533889081,33.74,Unreliable,False,0.22513325790538605,False,0.0
4499_RV.png,RV,0.8948628095203373,0.3662159506497117,0.2808115764196117,0.35297247293067663,0.5898572120972965,0.6445577748214812,0.1531639809355099,0.9550017458100558,0.6980191602653631,0.3545740223463687,0.6495321601817785,35.05,Unreliable,False,0.22618242260242089,False,0.0
4500_RV.png,RV,0.5854818716410101,0.3198731144826778,0.164247880967905,0.5158790045494173,0.42730851880605464,0.4574247854520496,0.32406242620983783,0.7412382157821229,0.5135270818784916,0.3119544343575419,0.4708308240288279,52.92,Degraded,False,0.26325290856431743,False,0.5
4518_MVR.png,MVR,0.45136608091801916,0.2353076562181876,0.08847716589800561,0.6762151778838068,0.3666273503863704,0.46387761005927214,0.11063611517207886,0.653903713474026,0.543475294237013,0.4793653612012987,0.46654160582849796,53.35,Degraded,False,0.27995356463078297,False,0.5
4519_MVR.png,MVR,0.48074141554591293,0.26419767451524695,0.05970794305138839,0.6760943824333646,0.385884816084514,0.48573859816672055,0.11544208375373013,0.6925603693181818,0.5692138037743507,0.506062297077922,0.48917254578511066,51.08,Unreliable,True,0.29449496478098175,False,0.0
4520_MVR.png,MVR,0.4558730691471084,0.2029887374556291,0.07663788947806652,0.7203733730663044,0.3819945820247884,0.4818226242869498,0.11829683619378281,0.6636439732142857,0.5662335125811688,0.5081168831168831,0.48563856692598895,51.44,Unreliable,True,0.2934833891183592,False,0.0
4521_MVR.png,MVR,0.46753609985695904,0.22464833267814108,0.0710513271916181,0.7043003401302408,0.3858707117685134,0.48393949190589514,0.11994121872308595,0.6769100040584416,0.5682092126623376,0.5056310876623377,0.4882267461672576,51.18,Unreliable,True,0.35860357239968405,False,0.0
4522_MVR.png,MVR,0.4420284643476454,0.19239808370243153,0.08335894422850945,0.7242429720690591,0.37252003771805753,0.465155632583352,0.11155688459090699,0.643060064935065,0.5453922737418831,0.4902597402597403,0.4694596105871761,53.05,Degraded,False,0.4574850934210356,False,0.5
4523_MVR.png,MVR,0.4683671757006209,0.27540905290815715,0.05308730443090887,0.671503642660934,0.37348828103149295,0.46516607389882714,0.11068316232749553,0.6627181412337663,0.5468486201298701,0.48731737012987014,0.4703357545310441,52.97,Degraded,False,0.4469899959213269,False,0.5
4524_MVR.png,MVR,0.46764797545129816,0.25484014285470175,0.055330565096290224,0.689829292049008,0.379002828854314,0.47631331360673274,0.11338690021373601,0.6723062094155844,0.5620954241071429,0.5027901785714286,0.4814330123811712,51.86,Unreliable,True,0.4120906355608499,False,0.0
4525_MVR.png,MVR,0.4784719392036056,0.24385600120249518,0.06500154487227663,0.6911424539252282,0.38972302799287195,0.4911732066830223,0.11985025401577439,0.699713372564935,0.5791259131493506,0.5137352881493507,0.4959192356625085,50.41,Unreliable,True,0.34924649752042575,False,0.0
4526_RV.png,RV,0.29331354576375873,0.19574754328497895,0.07307264857276556,0.7311798081422555,0.247557936545382,0.26997588732100564,0.15996923361309104,0.3170500174581006,0.2726601780726257,0.25079652583798884,0.2643242183889666,73.57,Degraded,False,0.8201845019069618,False,0.5
4527_RV.png,RV,0.26980865820547906,0.22008139387002415,0.03778774004832761,0.7421308660816482,0.22655769206023774,0.2590927212357206,0.2057475144241134,0.31542423184357543,0.2727889315642458,0.25178945530726254,0.2548106966144858,74.52,Degraded,False,0.7741961160202693,False,0.5
4528_RV.png,RV,0.299155453948864,0.2585094485705273,0.023829323545436296,0.7176612278840364,0.24491758277108902,0.2652665967551804,0.1622895863453227,0.3221565118715084,0.2693083318784916,0.2432786312849162,0.2607785866092775,73.92,Degraded,False,0.6995305617479588,False,0.5
4529_RV.png,RV,0.2793006867030106,0.23101494233456701,0.029147534438011578,0.7398375232274214,0.2333026082704606,0.2650085861040557,0.19124812518938686,0.32604093924581007,0.276796875,0.2525423358938548,0.26021210831235486,73.98,Degraded,False,0.8054961961484745,False,0.5
4530_RV.png,RV,0.2715500787070596,0.227546990996683,0.031085136629284475,0.7413678723740326,0.2272805102447854,0.25560497782654,0.19479604647799081,0.3078408694134078,0.26417281337290505,0.24247119413407822,0.2505347717705596,74.95,Degraded,False,0.7557483034307406,False,0.5
4531_RV.png,RV,0.2779581630158315,0.23222331954817604,0.02910314178137152,0.7386735386704525,0.23196034193606502,0.2532659485916204,0.16629570931807633,0.3134383729050279,0.2574900707053073,0.22953037709497207,0.2485639154404285,75.14,Degraded,False,0.8328619086627991,False,0.5
4532_RV.png,RV,0.33309170766439483,0.25941950603930053,0.11166911329161194,0.6289113806690876,0.26255002294728985,0.2810299663579133,0.13924695359849518,0.3365157995810056,0.27844055516759775,0.24767589036312848,0.27445021885860005,72.55,Degraded,False,0.7359890349699184,False,0.5
4533_RV.png,RV,0.2884967594995346,0.255556711913293,0.05194689344493837,0.6924963946417686,0.23400406617397904,0.2562009925192786,0.18013504441245676,0.31134340083798884,0.2627134252793296,0.2369609811452514,0.25214688771970917,74.79,Degraded,False,0.6894760667347085,False,0.5
4534_FV.png,FV,0.08124236593991745,0.05144204785535302,0.279123470741414,0.6694344814032329,0.07073219118480613,0.11020629169326822,0.3678306985279997,0.1379844622905028,0.12182666288407823,0.09752531424581005,0.1030122100170536,89.7,Healthy,False,1.522594530581872,False,1.0
4535_FV.png,FV,0.09610333623394353,0.003572021930553248,0.35217644126931386,0.6442515368001329,0.08436592395079076,0.13044120645698315,0.36001495779662995,0.1585195530726257,0.14204925366620114,0.11021517108938547,0.12126184058881262,87.87,Healthy,False,0.7509933416262204,False,1.0
4536_FV.png,FV,0.08773680555001158,0.01897179253867152,0.40423111919927207,0.5767970882620564,0.07456315213833517,0.11652930316937807,0.3653747458451439,0.14602609986033518,0.12975875087290503,0.09821272695530726,0.10923123694147599,89.08,Healthy,False,0.7058730022102025,False,1.0
4537_FV.png,FV,0.1307749419212684,0.2283132897869483,0.3579451803919175,0.41374152982113427,0.09485482312930602,0.13468010982600975,0.3803717432136742,0.16878709846368714,0.14789138879189942,0.1075091655027933,0.12801703540335452,87.2,Healthy,False,0.7137907540788787,False,1.0
4538_MVL.png,MVL,0.13158702465186908,0.07906205880547541,0.2759499109938003,0.6449880302007244,0.1122707666957449,0.19105351848316302,0.23549704358459903,0.37345271915584416,0.3249756493506494,0.25342431006493504,0.22098754529393214,77.9,Degraded,False,1.25147929961293,False,0.5
4539_MVL.png,MVL,0.13258053051597687,0.023455586694285366,0.3227123187522846,0.6538320945534299,0.1159499693063229,0.19007128346982535,0.2298553134833327,0.3607700892857143,0.323154296875,0.25460379464285715,0.2210680945828445,77.89,Degraded,False,1.160263607221317,False,0.5
4540_MVL.png,MVL,0.11933378566120642,0.11100582103695682,0.22004873426289429,0.6689454447001489,0.1015303221220639,0.17757539700593558,0.22759093414938603,0.3496347402597403,0.30606153612012993,0.24705762987012986,0.20615633018645182,79.38,Degraded,False,0.6647799661500754,False,0.5
4541_MVL.png,MVL,0.13845675422441925,0.005921302103083161,0.30017793075285126,0.6939007671440656,0.12377649348970954,0.20792899491842193,0.23796334057700322,0.3828885957792208,0.3487409953327922,0.28495332792207795,0.2390080446555563,76.1,Degraded,False,0.5671426890140928,False,0.5
4542_MVL.png,MVL,0.1254967529320539,0.0,0.37983523202677477,0.6201647679732252,0.10928960292074569,0.17893264840176323,0.24058128661491285,0.3396027800324675,0.3032388900162338,0.23265016233766234,0.20776223140324618,79.22,Degraded,False,0.7151310283502458,False,0.5
4543_MVL.png,MVL,0.12850150237472133,0.06200892576529009,0.43280533031617324,0.5051857439185367,0.1042532955316468,0.16998640648174013,0.2790654531539867,0.35276734983766234,0.29016943993506494,0.18421519886363635,0.19833968657804207,80.17,Healthy,False,0.7300174293485571,False,1.0
4544_MVL.png,MVL,0.1438766114180479,0.03559298245614035,0.35727719298245614,0.6071298245614035,0.12296824012148234,0.19782401719460144,0.23999090897807046,0.39349127435064934,0.3414439174107143,0.25209263392857145,0.23281524415911084,76.72,Degraded,False,0.7418389830825101,False,0.5
4545_MVL.png,MVL,0.1291799941843559,0.017226286500343902,0.278403051334959,0.704370662164697,0.11546125327129979,0.19465382358980785,0.23983600754626958,0.36605874594155846,0.33263786018668834,0.2717380275974026,0.22608966713300763,77.39,Degraded,False,1.2462252757311731,False,0.5
4546_MVR.png,MVR,0.18630083347317783,0.16389645484376006,0.11313187638063783,0.7229716687756021,0.1586769911858014,0.2556920868897555,0.3862371403967383,0.4740893871753247,0.4177911931818182,0.3704976663961039,0.2914272006953943,70.86,Degraded,False,0.6989987828721627,False,0.5
4547_MVR.png,MVR,0.19189860874707326,0.09169651036895145,0.14025151994669777,0.7680519696843507,0.17095821446551435,0.2798413399845162,0.3705958661483388,0.500202922077922,0.45826159192370125,0.4151658887987013,0.3185445031044897,68.15,Degraded,False,0.6705482173609043,False,0.5
4548_MVR.png,MVR,0.2038053684303055,0.05342299247176913,0.2837005959849435,0.6628764115432874,0.17685178081972847,0.285986151154027,0.385517049371389,0.505757913961039,0.4580504261363637,0.38023792613636365,0.3220715500466721,67.79,Degraded,False,0.6919177532338051,False,0.5
4549_MVR.png,MVR,0.12753418198962754,0.056424073435884584,0.27287822300197373,0.6706977035621416,0.11088042097187926,0.19163760190461343,0.29577672230458224,0.37577364042207795,0.3323334770698052,0.27017806412337664,0.22368879769086988,77.63,Degraded,False,0.6863540870893812,False,0.5
4550_MVR.png,MVR,0.18917763447046884,0.2212811793777853,0.06598094916256574,0.712737871459649,0.15688654216511239,0.25310285326617,0.38187219938073963,0.48863636363636365,0.4163944551542208,0.3664265422077922,0.2895546006910731,71.04,Degraded,False,0.6954582680529839,False,0.5
4551_RV.png,RV,0.14477380834938214,0.22483927354605515,0.16647409119189405,0.6086866352620508,0.11477037697893566,0.1754336682254463,0.056780211221765735,0.3572800279329609,0.28768745635474857,0.22321272695530725,0.202136196103214,79.79,Degraded,False,0.884008687643246,False,0.5
4552_RV.png,RV,0.12075850443719091,0.13895006038218372,0.18377495204944236,0.6772749875683739,0.10197089340018788,0.15819570995062207,0.08262879093332892,0.3005302898044693,0.2560978962988827,0.20805691340782123,0.18048913952479606,81.95,Healthy,False,0.8986095630103138,False,1.0
4553_RV.png,RV,0.12877933285580095,0.09272581934452438,0.19551025845989875,0.7117639221955768,0.11221833810150851,0.1721601772327096,0.06783496036187701,0.3201924755586592,0.28084486295391065,0.23317475558659218,0.1976514997818297,80.23,Healthy,False,0.9239643765219883,False,1.0
4554_RV.png,RV,0.1313314146253587,0.2810019922270486,0.032365524674221886,0.6866324830987296,0.10516026644591515,0.1654797379398238,0.054913424704671934,0.3325113477653631,0.26695148830307264,0.22939944134078213,0.18797259663695076,81.2,Healthy,False,0.9459968351597192,False,1.0
4555_RV.png,RV,0.14082344312289025,0.20629264132553607,0.17050438596491227,0.6232029727095516,0.11319563529679212,0.17250148543699184,0.053267714463522214,0.34703430516759776,0.2804827164804469,0.21784436103351956,0.19790222281231395,80.21,Healthy,False,0.8915277013053289,False,1.0
4602_FV.png,FV,0.9489905078196725,0.2465351240625381,0.21288534257580666,0.5405795333616552,0.7235487502095624,0.623865281991213,0.06343399990704732,0.9427374301675978,0.635729093924581,0.36311758030726254,0.6585158472300651,34.15,Unreliable,False,0.018980912013949823,True,0.0
4603_FV.png,FV,0.9611451289707091,0.3193639217901224,0.15354585776699836,0.5270902204428792,0.7053080767357757,0.6094362211893748,0.08570127219489024,0.9586243016759777,0.6143401929120113,0.34361906424581007,0.6401593665423496,35.98,Unreliable,False,0.02082477203816209,True,0.0
4604_FV.png,FV,0.9638834114369197,0.3328805585694526,0.14750242262106894,0.5196170188094784,0.7005689719864923,0.6094447816354249,0.0896770202114584,0.967069657821229,0.6089800104748604,0.34122948673184356,0.6365961302765193,36.34,Unreliable,False,0.0212586214556238,True,0.0
4605_FV.png,FV,0.9566904303813637,0.23723672352214695,0.26805801261724355,0.4947052638606095,0.717433319229449,0.61646468993776,0.05961865686942391,0.9421591305865922,0.6248562980097766,0.32797224162011174,0.6501119219540734,34.99,Unreliable,False,0.04653035002276842,True,0.0
4606_FV.png,FV,0.9558042806619778,0.2923324284819378,0.16995614950929214,0.5377114220087701,0.7133666105172402,0.6130928555486033,0.07711497502826785,0.9548162534916201,0.6161896604399442,0.3481690817039106,0.6444137039957307,35.56,Unreliable,False,0.02093323439252752,True,0.0
4607_FV.png,FV,0.9631569283336393,0.2551472904199062,0.20900817267045738,0.5358445369096364,0.730061910730395,0.6349933226693989,0.06795646935963776,0.9628469797486033,0.6458139839385475,0.3637613477653631,0.6678421635953571,33.22,Unreliable,False,0.01681166492664127,True,0.0
4608_FV.png,FV,0.9641867780075203,0.07409646036017388,0.4068557234527013,0.5190478161871248,0.7829432145679821,0.6872518051262221,0.027124343873048535,0.9617776710893855,0.6942168950768157,0.3509842004189944,0.7187452639389875,28.13,Unreliable,False,0.031237158057243135,True,0.0
4609_FV.png,FV,0.9493258077134942,0.21125860394320242,0.2636412181964201,0.5251001778603775,0.7298594534611732,0.6350336985914009,0.05762585943498762,0.9609047660614525,0.6499585370111732,0.33784697974860334,0.6694513604202414,33.05,Unreliable,False,0.02082477203816209,True,0.0
4703_MVL.png,MVL,0.1545709347032406,0.12423901967444413,0.21777754552817913,0.6579834347973768,0.13025932118509903,0.23939422008735356,0.29618795319606944,0.4506645698051948,0.3826265726461039,0.3043704342532468,0.26394669144017735,73.61,Degraded,False,0.5671426890140928,False,0.5
4704_MVL.png,MVL,0.154938451100126,0.0934209154415598,0.28792618079449483,0.6186529037639453,0.13007285709670124,0.23530182273863115,0.30480359939876805,0.44698660714285715,0.3804905641233767,0.28538453733766234,0.2618086295999504,73.82,Degraded,False,0.5871371687863344,False,0.5
4705_MVL.png,MVL,0.14993053536234693,0.21743346622131235,0.12649498976403406,0.6560715440146536,0.12164033472262609,0.22685625217321,0.28942506135146256,0.443359375,0.3655131392045454,0.2981052150974026,0.250754231750569,74.92,Degraded,False,0.5697697009549714,False,0.5
4706_MVL.png,MVL,0.140758780007108,0.00045907095515450606,0.3466272630763492,0.6529136659684962,0.12412660334076446,0.22309999736416064,0.3188185839155314,0.410257711038961,0.3673069703733767,0.2841289569805195,0.2510907683608282,74.89,Degraded,False,0.40572739975789457,False,0.5
4707_MVL.png,MVL,0.1331944040580272,0.08062462098241359,0.23056397816858704,0.6888114008489994,0.1155580998998417,0.21272836773247025,0.28955291379994,0.39832335633116883,0.34896205357142857,0.28152901785714285,0.23807076171826502,76.19,Degraded,False,0.7212607228789623,False,0.5
4708_MVL.png,MVL,0.1337436593324933,0.0759149655755526,0.26081048435801424,0.6632745500664331,0.11508125747148719,0.21596358541594074,0.28471940080310987,0.39692826704545453,0.3483393364448052,0.2719916801948052,0.23864918744415045,76.14,Degraded,False,0.6329639326438808,False,0.5
4709_MVL.png,MVL,0.13555297082485218,0.02046835895602431,0.3403944702657609,0.6391371707782147,0.11800592064876742,0.22190508819947824,0.28856918767632667,0.4036373782467532,0.35507343242694805,0.2669693587662338,0.2440026756252529,75.6,Degraded,False,0.6255207321447253,False,0.5
4710_MVL.png,MVL,0.1464249943459016,0.08379302736098852,0.24724183583406883,0.6689651368049426,0.12589568996155215,0.2355427084552876,0.28430768628919556,0.43426592938311687,0.3764744825487013,0.298536424512987,0.2590213125445324,74.1,Degraded,False,0.575461560160208,False,0.5
4716_RV.png,RV,0.09479589779663125,0.0036197457128636715,0.3292158725849509,0.6671643817021854,0.08395516914511696,0.14973484917929258,0.15083369296220728,0.2411509252793296,0.21357323673184359,0.16088730796089384,0.15553630019006032,84.45,Healthy,False,0.865823166227976,False,1.0
4717_RV.png,RV,0.10469540153468043,0.02818632471629317,0.3526977754107092,0.6191158998729976,0.09016346190964346,0.16320963739258154,0.12507246273619507,0.2663342353351955,0.22936648917597768,0.1648917597765363,0.16775852546105857,83.22,Healthy,False,0.8616265074398367,False,1.0
4718_RV.png,RV,0.1028124370021832,0.004171881518564873,0.35765540258656653,0.6381727158948686,0.0900227757213384,0.16124534123498374,0.14525447315616918,0.2615441689944134,0.22900859811452515,0.16691035265363127,0.1669838743327067,83.3,Healthy,False,0.8842709788175047,False,1.0
4719_RV.png,RV,0.10543314618067023,0.008461820104959114,0.32256620967413857,0.6689719702209023,0.09327228353413998,0.16392672786929546,0.15879386225054487,0.26607236382681565,0.23586352129888266,0.1794256284916201,0.1715051119405837,82.85,Healthy,False,0.9230900726077926,False,1.0
4720_RV.png,RV,0.09809001342523688,0.00030609121518212427,0.3239319602955967,0.6757619484892212,0.08726657030234664,0.1532046457059604,0.16810168104249695,0.24766497905027932,0.22076564682262573,0.1686234287709497,0.1604476235315424,83.96,Healthy,False,0.9587616723069762,False,1.0
4721_RV.png,RV,0.09765251369331268,0.002547546888039707,0.37993587209557694,0.6175165810163834,0.08487125927006171,0.14712036274818974,0.14109127771286087,0.24576641061452514,0.214153718575419,0.15340214734636873,0.15525897403564304,84.47,Healthy,False,0.9394395558032518,False,1.0
4722_RV.png,RV,0.08635901571138743,0.08801033078374888,0.31707559352339326,0.5949140756928578,0.07195669610496562,0.12617535197078333,0.2030553132054825,0.21968837290502793,0.18305036662011173,0.13069570530726257,0.13265976107076938,86.73,Healthy,False,0.8732547494986391,False,1.0
4723_RV.png,RV,0.09321746739125773,0.21179772695900245,0.1006763907421893,0.6875258822988083,0.07679866004984066,0.14003417893859205,0.131159813264565,0.23713556215083798,0.19536782035614528,0.16303683659217877,0.14319697983898794,85.68,Healthy,False,0.9595485458297522,False,1.0
4724_RV.png,RV,0.11680384999764093,0.21162602820211515,0.10972385428907168,0.6786501175088132,0.0958848003156861,0.17106235889047333,0.09330974374378477,0.29713687150837986,0.2439209802723464,0.20165197276536312,0.17765253987078639,82.23,Healthy,False,1.000640829796949,False,1.0
4725_RV.png,RV,0.09987432605739825,0.030448786772600385,0.2789778827571398,0.6905733304702598,0.08836349364982007,0.15716751555833847,0.14593094594144673,0.25406991969273746,0.22478755673882683,0.17545391061452514,0.1635743254579783,83.64,Healthy,False,0.8900413846511962,False,1.0
4741_MVR.png,MVR,0.8699046660113954,0.16459364866478657,0.07045811554396053,0.7649482357912529,0.753134314642118,0.6005991754190385,0.04264706228952123,0.7304307021103896,0.5202905590503247,0.3322088068181818,0.6142362706384769,38.58,Unreliable,False,0.5949329365798708,False,0.0
4742_MVR.png,MVR,0.8865341739985136,0.16102848386515234,0.1013701099693528,0.7376014061654949,0.760331671181646,0.630634645366522,0.052608724511717726,0.7853338068181818,0.5500395698051949,0.3422661323051948,0.6373057228865284,36.27,Unreliable,False,0.37984666131475703,False,0.0
4743_MVR.png,MVR,0.8830820128017645,0.23644894487276938,0.04667082926122996,0.7168802258660006,0.7291706422458226,0.5776440131336225,0.05350875088798065,0.7627840909090909,0.4845814732142857,0.31752232142857145,0.5858769858995478,41.41,Unreliable,False,0.46039337345107534,False,0.0
4744_MVR.png,MVR,0.8490758276796203,0.0677254652831698,0.22630055763393803,0.7059739770828921,0.7452183571868083,0.5826337448474739,0.03993057780171921,0.6477145900974026,0.48719231939935065,0.31660917207792205,0.593232558370025,40.68,Unreliable,False,0.5859552025740958,False,0.0
4745_MVR.png,MVR,0.8444289949576071,0.15768753962771243,0.057229514247049806,0.7850829461252378,0.738783592644979,0.5884424686058923,0.04190086694679454,0.6959212662337663,0.508276176948052,0.3779804180194805,0.6014782891544822,39.85,Unreliable,False,0.39451450842278357,False,0.0
4746_MVR.png,MVR,0.8123886238502784,0.1529192467158167,0.037280583111600755,0.8098001701725825,0.718857270714965,0.5367969616037285,0.044574816922529494,0.5788605925324676,0.44197392451298706,0.35587459415584416,0.5534858395008029,44.65,Unreliable,False,0.5686319693516851,False,0.0
4747_MVR.png,MVR,0.8247348947969858,0.20013274357719718,0.029344082010338494,0.7705231744124643,0.7059186984073711,0.5326649041821675,0.04107188525023121,0.6312779017857143,0.44217925629058435,0.3324624594155844,0.5484467832930953,45.16,Unreliable,False,0.27767751938988233,False,0.0
4748_MVR.png,MVR,0.7931060660545474,0.16140798097704248,0.022710670690237134,0.8158813483327204,0.7012128513093441,0.5319823758237856,0.043685893703636985,0.5778840300324676,0.44898424817370125,0.3634080762987013,0.5495522674094194,45.04,Unreliable,False,0.4002046215250353,False,0.0
4757_FV.png,FV,0.9974972257925452,0.2202405010104244,0.23459452970247505,0.5451649692871006,0.7707428888480852,0.8103291935511893,0.10100408299617808,1.0,0.861803967353352,0.6456987604748603,0.8190432116611231,18.1,Unreliable,True,0.038070286382265076,True,0.0
4758_FV.png,FV,0.9996607084407757,0.19261930146104608,0.27619720728167163,0.5311834912572823,0.7767743751047812,0.8046224976171014,0.10197073513650298,1.0,0.8434311714385475,0.6185077688547486,0.8117915303919838,18.82,Unreliable,True,0.04978422065373125,True,0.0
4759_FV.png,FV,1.0,0.17071953760547975,0.28320866031725755,0.5460718020772627,0.7893269652964611,0.816982765178438,0.0960145227215114,1.0,0.8533894902234637,0.6428618191340782,0.8232487152318552,17.68,Unreliable,True,0.07407978803158702,True,0.0
4760_FV.png,FV,1.0,0.1812695092646554,0.2547760276542579,0.5639544630810867,0.7919255793902333,0.8266370338478528,0.08489376582349241,1.0,0.8682599729399442,0.6561299755586593,0.8328727731474035,16.71,Unreliable,True,0.045337264124748713,True,0.0
4761_FV.png,FV,1.0,0.05833818985957321,0.30605695308196484,0.6356048570584619,0.856854048746218,0.8625346068319287,0.05881601026294776,1.0,0.8908303509078211,0.6789127967877095,0.8721487370365726,12.79,Unreliable,True,0.0010846235436542755,True,0.0
4762_MVL.png,MVL,0.6619454944912927,0.06896762109296352,0.10048016204706442,0.830552216859972,0.6087439016509967,0.6688322630449866,0.30330581676671436,0.6929408482142857,0.6207234172077922,0.5338372564935064,0.6315622162919119,36.84,Unreliable,True,0.48935394654252534,False,0.0
4763_MVL.png,MVL,0.6700914348486318,0.07698891031822565,0.06780978784956605,0.8552013018322083,0.6200772188297632,0.6737542406160963,0.2878967665965556,0.6717862215909091,0.6124544693587662,0.5758040787337663,0.6331312255772644,36.69,Unreliable,True,0.5645156770732144,False,0.0
4764_MVL.png,MVL,0.6674218926690575,0.1214215262103728,0.06140664048554088,0.8171718333040863,0.5991908985170107,0.6431188347651634,0.3053073685988408,0.648145799512987,0.5766552100243506,0.529499797077922,0.6033550039943925,39.66,Unreliable,True,0.6069857034507494,False,0.0
4765_MVL.png,MVL,0.6786250848114762,0.09055364124904036,0.1357054864223099,0.7737408723286497,0.6061405931956965,0.6672799536893427,0.2863561574344744,0.677544135551948,0.6165261008522728,0.5615107548701299,0.6286366044064209,37.14,Unreliable,True,0.5154781208434833,False,0.0
4766_MVL.png,MVL,0.7323228651739847,0.10971769545963414,0.06965791461928318,0.8206243899210827,0.6611450760880101,0.6889607836282606,0.21541584762925192,0.7132457386363636,0.6319833096590909,0.5758421266233766,0.6578250817785176,34.22,Unreliable,True,0.649601674936111,False,0.0
4777_FV.png,FV,0.3825851621813653,0.0014502430983035287,0.50695908019114,0.4915906767105565,0.31626871093157494,0.40501400278478444,0.4210715016856122,0.4725362255586592,0.365117623952514,0.1565991620111732,0.3624318636959134,63.76,Degraded,False,0.48406748753290313,False,0.5
4778_FV.png,FV,0.3754520561068489,0.0384864818890271,0.4546508042824185,0.5068627138285544,0.307732813884609,0.3954768353449208,0.42395681775038513,0.4553618191340782,0.3498866314594972,0.16201117318435754,0.3509175473526578,64.91,Degraded,False,0.4482749105923121,False,0.5
4779_FV.png,FV,0.3812639209330917,0.012521593466994713,0.4771606553944407,0.5103177511385646,0.31621111119981477,0.4075177147883375,0.4168639370785913,0.4692955656424581,0.3684804905726257,0.17278063896648044,0.36451084402549594,63.55,Degraded,False,0.44578027644190726,False,0.5
4780_FV.png,FV,0.378062605280175,0.005236873502053573,0.48650132505569454,0.5082618014422519,0.31420058916981347,0.40353933322281793,0.42476032825053733,0.4606538058659218,0.3608966916899442,0.1673140712290503,0.3596806533937671,64.03,Degraded,False,0.5056514960516233,False,0.5
4781_FV.png,FV,0.366686358882653,0.02029108563839631,0.5180431729858593,0.4616657413757443,0.2971150637468965,0.381571231195441,0.4230008596602858,0.4502335020949721,0.3384174231843576,0.12627662360335196,0.33897285775644426,66.1,Degraded,False,0.5000114536246211,False,0.5
4782_FV.png,FV,0.379136363273485,0.003969173106483334,0.5358804826177591,0.4601503442757575,0.30904970421759365,0.39615373003884097,0.41826515376431433,0.47061583449720673,0.35674548271648043,0.1360313372905028,0.35425922336352256,64.57,Degraded,False,0.46714736025189646,False,0.5
4783_FV.png,FV,0.3717797239364208,0.050795048261201,0.4705010790324139,0.4787038727063851,0.2996533238597808,0.3803556034797231,0.43273892238004075,0.444505062849162,0.32782122905027933,0.12995373603351956,0.3351311698219629,66.49,Degraded,False,0.46595427435387676,False,0.5
4784_FV.png,FV,0.377376038830921,0.02484636295363916,0.5210755122116331,0.4540781248347278,0.30423575574201067,0.3935603319689263,0.4161524181833251,0.46362168296089384,0.3516372424930168,0.138671875,0.34999372331048784,65.0,Degraded,False,0.5265847304441508,False,0.5
4785_MVL.png,MVL,0.33735985913217664,0.16033184489962052,0.016628158931200843,0.8230399961691787,0.2992125860230687,0.35961281631371506,0.5300810894551311,0.5476232751623377,0.4701936637581169,0.425197849025974,0.3857250862042819,61.43,Degraded,False,0.34953853324466094,False,0.5
4786_MVL.png,MVL,0.3387128041097218,0.17979443888014499,0.017587160776458242,0.8026184003433968,0.29588531065232143,0.3550659209233613,0.5317377439418746,0.5538377637987013,0.4633247514204546,0.4112976866883117,0.3806152700408867,61.94,Degraded,False,0.40091121119961737,False,0.5
4787_MVL.png,MVL,0.33546573616361347,0.18070403544255031,0.0042978907830106905,0.814998073774439,0.294360117605247,0.35295983977443074,0.5321967551185999,0.5434253246753247,0.4591871702516234,0.4156478287337662,0.37787085531455267,62.21,Degraded,False,0.4073327959439869,False,0.5
4788_MVL.png,MVL,0.33181480404510355,0.1753286270691334,0.014203992210321325,0.8104673807205452,0.2912340069787729,0.3478239013822054,0.536280149894072,0.5331523944805194,0.45190442370129874,0.4047280844155844,0.372479141988813,62.75,Degraded,False,0.3940517911317681,False,0.5
4789_MVL.png,MVL,0.33401990242641594,0.15372524363407733,0.010241094962880564,0.8360336614030421,0.2984541694937159,0.3580238926493712,0.5311734159843127,0.5395317573051948,0.46383510044642856,0.42508370535714285,0.3824774588214976,61.75,Degraded,False,0.3396142659124535,False,0.5
4790_MVL.png,MVL,0.33372912022228685,0.17855846261829272,0.002710748602270252,0.8187307887794371,0.2934961309812284,0.34945353980516297,0.5379211621355038,0.5390878652597403,0.45261008522727275,0.41000405844155846,0.3739289353268265,62.61,Degraded,False,0.3645708793507988,False,0.5
4791_MVL.png,MVL,0.3465598849794837,0.1876099800724849,0.019438067380638847,0.7929519525468762,0.3007073680979613,0.3604132682179817,0.5280839378745779,0.5693105722402597,0.4719022676542207,0.41399908685064934,0.3870970979564712,61.29,Degraded,False,0.4171111181683678,False,0.5
4792_MVR.png,MVR,0.30553224814006824,0.3378929748391484,0.0,0.6621070251608516,0.23636332398373008,0.35572001759742244,0.310936189877859,0.5969206574675324,0.4792151988636364,0.4212408685064935,0.36931108201980034,63.07,Unreliable,False,0.1401032292732193,True,0.0
4793_MVR.png,MVR,0.3031908517728286,0.32628291294378114,0.0,0.6737170870562189,0.2369104355956177,0.35745072444931136,0.3136613685767966,0.5994571834415584,0.4856350192775974,0.42957335633116883,0.3725623557245177,62.74,Unreliable,False,0.13555113879141795,True,0.0
4794_MVR.png,MVR,0.3118851836757526,0.31143508673037995,0.0,0.68856491326962,0.246806750893007,0.3685850545232355,0.31642883145378886,0.6104657061688312,0.4989718191964286,0.44405691964285715,0.3842062693034442,61.58,Unreliable,False,0.19725725421139179,True,0.0
4795_MVR.png,MVR,0.2974452408921279,0.3480468540110687,0.0,0.6519531459889313,0.2280835710689713,0.3455123977179899,0.30527425775744116,0.5860009131493507,0.4665874847808441,0.4077719155844156,0.35871378454842606,64.13,Degraded,False,0.20686722300630575,False,0.5
4796_MVR.png,MVR,0.2940330352647856,0.3001087104226118,0.0,0.6998912895773882,0.23491097899136162,0.35244956202125677,0.3191694565089385,0.5872184456168831,0.4802111657873377,0.42750608766233766,0.3682926286187206,63.17,Unreliable,False,0.19573989071745804,True,0.0
4797_MVR.png,MVR,0.30487298124485573,0.3239060063169207,0.0,0.6760939936830793,0.23871035408625607,0.35802907078948865,0.30870125803443443,0.5998757102272727,0.4830369825487013,0.425489549512987,0.37223662048220396,62.78,Unreliable,False,0.14667847108026572,True,0.0
4798_MVR.png,MVR,0.2826377068699606,0.30887217619949675,0.0,0.6911278238005033,0.22414742805999727,0.3411795049458117,0.3209975132067166,0.5711495535714286,0.46869685978084413,0.4182350852272727,0.35707682381408035,64.29,Unreliable,False,0.1425057214719478,True,0.0
4799_MVR.png,MVR,0.286741143848041,0.2898070089876681,6.967184560719014e-05,0.7101233191667248,0.2310576239221985,0.34809680590044395,0.3201621236957666,0.5676618303571429,0.4742202719155844,0.4281655844155844,0.3634344377130265,63.66,Degraded,False,0.2128102300242131,False,0.5
4800_RV.png,RV,0.32262173858962095,0.1270058630362817,0.17753965194038582,0.6954544850233325,0.2756940161188627,0.43442918440052436,0.301152126017123,0.5868322276536313,0.5325553203561453,0.45149921438547486,0.4260590882982742,57.39,Degraded,False,0.3727157586216158,False,0.5
4801_RV.png,RV,0.3154330175042785,0.13272868195972315,0.17514039787329516,0.6921309201669816,0.26859879987818636,0.42557360390383475,0.3000482879137245,0.5758881808659218,0.5194844404678771,0.4370744587988827,0.4160454973217572,58.4,Degraded,False,0.37009284687902877,False,0.5
4802_RV.png,RV,0.3140776261779251,0.11478320245817686,0.19762376237623763,0.6875930351655856,0.26882003748772215,0.4254591852411742,0.30179417999347724,0.5746770251396648,0.5196270513268156,0.4315315118715084,0.4161345873493951,58.39,Degraded,False,0.3157985738074775,False,0.5
4803_RV.png,RV,0.3364587399149878,0.1696645972234616,0.19690730849151614,0.6334280942850222,0.2756862955353581,0.4352790330052589,0.2970633367232848,0.6097568959497207,0.533744871682961,0.42930560405027934,0.4267875472353695,57.32,Degraded,False,0.3279513982147973,False,0.5
4804_RV.png,RV,0.32105617582342166,0.1826404104098755,0.11357077967188585,0.7037888099182387,0.26937154450273004,0.42512506774270814,0.3035267302320921,0.5862975733240223,0.5196366532821229,0.45517632681564246,0.41620364498648066,58.38,Degraded,False,0.3637978586968199,False,0.5
4805_RV.png,RV,0.3221799496446387,0.19944351252762468,0.14324892829565727,0.657307559176718,0.26343630304148097,0.417933343486627,0.30332517316713575,0.5827513966480447,0.5092457009427375,0.42788713337988826,0.4081091743355274,59.19,Degraded,False,0.32629022077782555,False,0.5
4806_RV.png,RV,0.3221627927924064,0.1552123552123552,0.17956330714951405,0.6652243376381307,0.26899182047069825,0.4234877519729768,0.30221274755948746,0.587486906424581,0.5190866140013967,0.4300584846368715,0.41537851733366116,58.46,Degraded,False,0.3739397841014898,False,0.5
4807_FV.png,FV,0.043098011352296406,0.12827637306659256,0.42697045475595075,0.4447531721774567,0.03313740908982046,0.07065823903005666,0.07008279212591807,0.09361906424581005,0.07568413931564247,0.047922486033519555,0.061412350162220124,93.86,Healthy,False,1.5681487194153514,False,1.0
4808_FV.png,FV,0.0463991186402791,0.3121988988300069,0.1810048176187199,0.5067962835512733,0.033838185867907815,0.07201331716764534,0.06372001821410977,0.09904198673184357,0.07471990659916201,0.055200331703910616,0.06164341355033075,93.84,Healthy,False,1.6141367576662928,False,1.0
4809_FV.png,FV,0.1117067562928605,0.07146685724495265,0.6226192603180275,0.30591388243701984,0.08271066014162429,0.11814879776336865,0.4400167983041072,0.11557262569832402,0.09140057611731844,0.05684793994413408,0.09681806781842525,90.32,Healthy,False,1.327253830369737,False,1.0
4810_FV.png,FV,0.07383383495261893,0.37503378926312375,0.21046656214521273,0.4144996485916635,0.04999796425064466,0.06813809693504781,0.48782764834473974,0.0770338687150838,0.050752335020949724,0.03780769902234637,0.05574175236408763,94.43,Healthy,False,1.023125388729078,False,1.0
4811_FV.png,FV,0.036974796624647734,0.5055597538594407,0.002267084098024398,0.4921731620425348,0.024422006849697833,0.05324720974702435,0.1924858068390991,0.09074938896648045,0.05891181476955308,0.04323062150837989,0.04686549088683789,95.31,Healthy,False,0.8365701392205427,False,1.0
4812_FV.png,FV,0.04789998483167147,0.46291666666666664,0.07958333333333334,0.4575,0.031747511196621454,0.0681932665031283,0.18273962292664014,0.09864917946927375,0.07238957751396648,0.059455743715083796,0.05893806431551152,94.11,Healthy,False,0.6594511145417996,False,1.0
4813_FV.png,FV,0.0427826697854879,0.42815823847732787,0.03955961933196492,0.5322821421907072,0.029934337104126584,0.06850280108392945,0.17496009361339712,0.10179163756983241,0.0752980970670391,0.062249039804469275,0.059650380283232454,94.03,Healthy,False,0.6044607008785278,False,1.0
4814_FV.png,FV,0.04408395270674831,0.481437884824339,0.0,0.518562115175661,0.02986408379304014,0.0715722540980583,0.19045543382050362,0.12050453910614525,0.08163418732541902,0.06248908868715084,0.06308457629749714,93.69,Healthy,False,0.6636811463620512,False,1.0
4815_FV.png,FV,0.04863844293115974,0.3884283955683217,0.1469019286007386,0.46466967583093965,0.033551105292149996,0.0713159885055149,0.09001711085621351,0.10160614525139665,0.07527376483938548,0.055855010474860335,0.061569634075053656,93.84,Healthy,False,1.597433555094017,False,1.0
4816_MVL.png,MVL,0.13171222254531356,0.009812038144298285,0.3337012847637445,0.6564866770919572,0.11590247487964847,0.20400316924057826,0.24219951283616234,0.36732700892857145,0.329074802150974,0.258205661525974,0.22760161409645763,77.24,Degraded,False,1.169020313690912,False,0.5
4817_MVL.png,MVL,0.1386788795192401,0.0002038557865921137,0.35453433513891314,0.6452618090744947,0.12194335401117896,0.2111079121560554,0.2581912026048975,0.3732244318181818,0.3372322696834416,0.2674512987012987,0.23480828772354695,76.52,Degraded,False,1.0407345639113474,False,0.5
4818_MVL.png,MVL,0.12429323769829731,0.01400441902781388,0.31722770990382115,0.668767871068365,0.10972105101612228,0.19323974959948562,0.26876952703251494,0.34688260957792205,0.3118282010957792,0.24908685064935066,0.21561952062299405,78.44,Degraded,False,1.1015936738750316,False,0.5
4819_MVL.png,MVL,0.1384931019999354,0.023941444068587427,0.35346436486644117,0.6225941910649714,0.11962775839229751,0.21048441282308883,0.22244090070377423,0.3869343547077922,0.34060584922889614,0.26078023538961037,0.23527599105617436,76.47,Degraded,False,0.9147839358570083,False,0.5
4820_MVL.png,MVL,0.1297494426674421,0.0002801382015127463,0.5849285647586142,0.414791297039873,0.1039210768634293,0.1777879937309395,0.26206758782014755,0.36640117694805197,0.2953217583198052,0.15745484983766234,0.20264142450623274,79.74,Degraded,False,0.6568989303274401,False,0.5
4821_MVL.png,MVL,0.12903056444056735,0.033303076778615916,0.3378509499514852,0.6288459732698989,0.11132984394688379,0.19427984441124577,0.26671357662026784,0.3550121753246753,0.31450550426136364,0.24017096185064934,0.2174851082119843,78.25,Degraded,False,0.554591409741007,False,0.5
4822_MVL.png,MVL,0.13272592161804142,0.09362828627069134,0.44860637779941576,0.4577653359298929,0.10415572194759459,0.17828925866718448,0.2765676826749945,0.3542258522727273,0.2913449928977273,0.1766309862012987,0.20127149134352462,79.87,Degraded,False,0.5367861065861641,False,0.5
4823_MVL.png,MVL,0.13798423314270944,0.048732658198208746,0.34235789966633495,0.6089094421354563,0.11741732900390942,0.20809033360269724,0.23726196333938696,0.38490513392857145,0.3380240462662337,0.2553901176948052,0.2328619172884755,76.71,Degraded,False,0.45987303476155605,False,0.5
4824_MVL.png,MVL,0.14032260670091434,0.03597639948193985,0.34194848179594184,0.6220751187221183,0.12062598946722237,0.21020439047297482,0.24135068909947896,0.384080762987013,0.3373105215097403,0.2618836241883117,0.23417332258595527,76.58,Degraded,False,1.0329994731965386,False,0.5
4834_RV.png,RV,0.08717396619242268,0.05963393032867546,0.3406809683133242,0.5996851013580003,0.07359345980792904,0.12480877823896057,0.2704390593680966,0.18611426326815642,0.1566419343575419,0.11226649790502793,0.12217744515708365,87.78,Healthy,False,0.6795090021128779,False,1.0
4835_RV.png,RV,0.08401281616861754,0.01597998672588962,0.34767958339715116,0.6363404298769592,0.07318208138352857,0.12417832864687971,0.2701584841763499,0.1797202339385475,0.1569351213337989,0.11601998952513966,0.12198217154264204,87.8,Healthy,False,0.6542416189926229,False,1.0
4836_RV.png,RV,0.07920031911745153,0.0652585973463309,0.29526130517194693,0.6394800974817222,0.06778659449350828,0.11802491409503357,0.26534913677320776,0.1767305342178771,0.15190958886173186,0.11648917597765363,0.11650728812125531,88.35,Healthy,False,0.6240781339528721,False,1.0
4837_RV.png,RV,0.07962495121020147,0.005332902391725921,0.4230769230769231,0.571590174531351,0.06788670472628387,0.11887705799970892,0.251287492368374,0.18057131634078213,0.15585970233938548,0.10893854748603352,0.11837300975355203,88.16,Healthy,False,0.5667237971816359,False,1.0
4838_RV.png,RV,0.07417765062643956,0.0478200531976408,0.3757950734358737,0.5763848733664855,0.06232333803717032,0.10744243231828728,0.2586555458939849,0.16940904329608938,0.14280693523044694,0.0999258030726257,0.10805250519881607,89.19,Healthy,False,0.6399904651912334,False,1.0
4839_RV.png,RV,0.07948769639234289,0.07354845672350528,0.3091409453917548,0.61731059788474,0.06721595758826128,0.12053720582614741,0.2159350455073904,0.18671438547486033,0.15954848987430167,0.1202644902234637,0.12014534497404328,87.99,Healthy,False,0.7045140940588741,False,1.0
4840_RV.png,RV,0.07368439112476034,0.1758542406426451,0.2790034344257524,0.5451423249316025,0.05801293626658317,0.1030894578713345,0.22050213388765488,0.17422093226256982,0.1367501745810056,0.09485204259776536,0.10303078807377755,89.7,Healthy,False,0.6585257081721816,False,1.0
4841_RV.png,RV,0.07891294184256015,0.04995108163930862,0.38216110446787693,0.5678878138928144,0.06601840930244528,0.11313848193715431,0.2590991056301242,0.1771342527932961,0.14921405813547486,0.10474860335195531,0.11343269062606982,88.66,Healthy,False,0.606504625277539,False,1.0
4842_RV.png,RV,0.08334798814461511,0.0012350761630300535,0.3763894606834088,0.6223754631535612,0.07261277413432958,0.12354788846421044,0.26158430974446495,0.1804622032122905,0.15714472765363127,0.11213556215083799,0.12170608984101451,87.83,Healthy,False,0.6984813970509239,False,1.0
4874_FV.png,FV,0.4689169015096479,0.21736724722066159,0.02532475271123823,0.7573080000681002,0.3965881239970941,0.38063350619047603,0.2879619088395694,0.5014839385474861,0.3946196316340782,0.33927636173184356,0.39101434170990235,60.9,Degraded,False,0.5378648152981552,False,0.5
4875_FV.png,FV,0.48198561403788887,0.23615297975949912,0.015528207506542551,0.7483188127339583,0.4031799602430126,0.3890060780541423,0.2791450236164205,0.5254124476256983,0.4081173620810056,0.34957664106145253,0.4009027563215487,59.91,Degraded,False,0.5286455151770939,False,0.5
4876_FV.png,FV,0.4777105403916622,0.21776949622734526,0.02930387626695188,0.7529266275057028,0.4032503333040611,0.38737005257946816,0.28270218097571986,0.514817562849162,0.4041840520251397,0.3440446054469274,0.39885973657511464,60.11,Degraded,False,0.5063022701778158,False,0.5
4877_FV.png,FV,0.48101563934504754,0.21969212895730467,0.029882577486411353,0.750425293556284,0.40532599931343355,0.39125162030479704,0.2792168949470931,0.5154285963687151,0.4079912273044693,0.34884558310055863,0.4021697768072569,59.78,Degraded,False,0.5351532564390196,False,0.5
4878_FV.png,FV,0.501405066221729,0.26569702180506793,0.010755256223480053,0.723547721971452,0.41031290665091286,0.39679116624143945,0.2789529804194152,0.5493846019553073,0.4173914324371508,0.3508750872905028,0.409087794842566,59.09,Degraded,False,0.5736573922387463,False,0.5
4879_FV.png,FV,0.4734833667302672,0.17087625824073918,0.0627223524254329,0.766401389333828,0.40917831567686674,0.3913522569973268,0.27638628938143983,0.501614874301676,0.408535810928771,0.3514533868715084,0.4035734961737665,59.64,Degraded,False,0.39317603457467487,False,0.5
4880_FV.png,FV,0.4918969192326422,0.22457011628567486,0.032029278347169135,0.743400605367156,0.41252840069933977,0.40019847646923046,0.27146446445539185,0.5390734113128491,0.42225034916201126,0.3542685055865922,0.4127182028153756,58.73,Degraded,False,0.46031423192687454,False,0.5
4881_FV.png,FV,0.4772834321935798,0.2176131136572719,0.027908338211926068,0.7544785481308021,0.40316626883068163,0.3898416128452634,0.27861225521111255,0.5211243016759777,0.4079044823673184,0.34773262918994413,0.4010641574497109,59.89,Degraded,False,0.48916521818807823,False,0.5
4889_MVR.png,MVR,0.46098738203118134,0.176546045503792,0.03291874322860238,0.7905352112676056,0.4012995548949568,0.4230828082429561,0.3511076807147565,0.5612951501623377,0.4696712662337662,0.4244368912337662,0.43518321543488037,56.48,Degraded,False,0.6197165403141226,False,0.5
4890_MVR.png,MVR,0.5014184227139421,0.19883819146732115,0.05191483258163737,0.7492469759510415,0.4257681058662767,0.4399715608142284,0.3229913431532856,0.5881950081168831,0.4844689782873376,0.4326679180194805,0.4535094913190866,54.65,Degraded,False,0.5439748125752613,False,0.5
4891_MVR.png,MVR,0.535276772229281,0.25219455392332496,0.0781156694135913,0.6696897766630837,0.43061427692406046,0.44430887115972517,0.30805345063904604,0.646192674512987,0.5010270393668832,0.4189706777597403,0.462887760171889,53.71,Degraded,False,0.4789810762517642,False,0.5
4892_MVR.png,MVR,0.47187127913759896,0.12084776331721692,0.098662986138748,0.7804892505440351,0.41783568671637145,0.42658206775446594,0.34751535302835734,0.517476663961039,0.4588968648538961,0.4259588068181818,0.4368840722828097,56.31,Degraded,False,0.5150184592326915,False,0.5
4893_MVR.png,MVR,0.5022654807853667,0.21411070275086314,0.07941546147359713,0.7064738357755398,0.41665160341700036,0.4295230536536318,0.3224046374149069,0.5266462053571429,0.46509030032467524,0.4216974431818182,0.4398885172510598,56.01,Degraded,False,0.45432391947534023,False,0.5
4894_MVR.png,MVR,0.46232589360630977,0.11533143202834673,0.10050125313283208,0.7841673148388212,0.41080314690064645,0.42109555893573464,0.3411334420757185,0.506645698051948,0.45836546266233763,0.41969358766233766,0.43291579681584935,56.71,Degraded,False,0.568126181520374,False,0.5
4895_MVR.png,MVR,0.45234898792542694,0.11607324247215425,0.07556552692711968,0.8083612306007261,0.4055483502345392,0.41847969378591754,0.3479288467221174,0.5011160714285714,0.45484768161525974,0.42491883116883117,0.42914748585224094,57.09,Degraded,False,0.46469257001722103,False,0.5
4896_RV.png,RV,0.3211977198543383,0.11101021566401816,0.032329572010415975,0.8566602123255659,0.29377742415599006,0.25253613316573315,0.6514090312013623,0.33905813547486036,0.315559750349162,0.2969295565642458,0.2901179673361818,70.99,Degraded,False,0.7113336645896003,False,0.5
4897_RV.png,RV,0.32336806166172694,0.04775105781857251,0.11588916448913,0.8363597776922975,0.30028102923956546,0.2566539664879672,0.6513284938001624,0.33650488826815644,0.31766748865223465,0.28625829259776536,0.29414749417915365,70.59,Degraded,False,0.6268759064782983,False,0.5
4898_RV.png,RV,0.3396970957738384,0.08615116543347054,0.10562135407459784,0.8082274804919316,0.30789039344951386,0.2780632728588161,0.5966663061533443,0.39995417248603354,0.35552472503491617,0.2987735684357542,0.3179959899064655,68.2,Degraded,False,0.6366681103172899,False,0.5
4899_RV.png,RV,0.3191388975864598,0.058356293259861566,0.10074591761306363,0.8408977891270748,0.2957293163423307,0.25045957264562624,0.6559336510715345,0.32786312849162014,0.3106832664106145,0.2852980970670391,0.2881299732606329,71.19,Degraded,False,0.6371926926658072,False,0.5
4900_RV.png,RV,0.327970387273047,0.11084955011508683,0.06932674199623352,0.8198237078886796,0.29588166919015363,0.25150157215185087,0.6508479628355417,0.33203125,0.31131524965083796,0.2858436627094972,0.28874107226293655,71.13,Degraded,False,0.684929686380891,False,0.5
4901_RV.png,RV,0.325242447768108,0.07763622936118585,0.09314501239647624,0.8292187582423379,0.2980243455733177,0.2529993162017875,0.6535184534807291,0.33526099860335196,0.3128336679469274,0.2850144029329609,0.2904405657113025,70.96,Degraded,False,0.6334331858347658,False,0.5
4902_RV.png,RV,0.3396027330865606,0.1839572597756896,0.013918359098716783,0.8021243811255936,0.29613915065003027,0.25087832102538044,0.6536283036188216,0.3483545740223464,0.31018811103351956,0.2908737779329609,0.28818048591603107,71.18,Degraded,False,0.6392035916684572,False,0.5
4903_RV.png,RV,0.3260488198230271,0.05488318248789729,0.13403757103767627,0.8110792464744264,0.2992004906859738,0.25932463298982017,0.6477893924812573,0.35419212639664804,0.3236933702863129,0.28212290502793297,0.29703488521726334,70.3,Degraded,False,0.6404276171483313,False,0.5
4904_FV.png,FV,0.3371320682415117,0.20845617400158656,0.06884997454386152,0.7226938514545519,0.2821543816511125,0.31273738312332144,0.40177566073734666,0.46766978002793297,0.3697585326466481,0.2966240398044693,0.3263709424909894,67.36,Degraded,False,0.4863451969745771,False,0.5
4905_FV.png,FV,0.3311046534835264,0.1922506600441235,0.05928944291070417,0.7484598970451724,0.2817812008526197,0.31323247532011267,0.40161369414775,0.45794780027932963,0.3714957227653631,0.3083100558659218,0.327102391957965,67.29,Degraded,False,0.44643105056809984,False,0.5
4906_FV.png,FV,0.32841427100214754,0.15149194773625038,0.10385900941962929,0.7446490428441204,0.2834833667302672,0.3180908802007726,0.38788932600696724,0.4534305167597765,0.3759938023743017,0.30082489525139666,0.33086979502903263,66.91,Degraded,False,0.4317886327287671,False,0.5
4907_FV.png,FV,0.33607826857521494,0.20254171862937229,0.05429063483579785,0.7431676465348298,0.28426784873184785,0.3169030804941527,0.39643224017546225,0.46315249650837986,0.3740850864175978,0.3130346543296089,0.32998531333483927,67.0,Degraded,False,0.40640844180725705,False,0.5
4908_FV.png,FV,0.32500538874829354,0.14734527947335455,0.10445708109701428,0.7481976394296311,0.28137772331372096,0.3146573420229236,0.39899831325671176,0.44676370460893855,0.37164171613128494,0.29626396648044695,0.3274672060535073,67.25,Degraded,False,0.42376241850572544,False,0.5
4909_FV.png,FV,0.32728063802779794,0.1567489114658926,0.11912283055457307,0.7241282579795343,0.27965360327635896,0.30928320805609627,0.3997207216498255,0.4483240223463687,0.3657355315991621,0.2799624650837989,0.3229752560394014,67.7,Degraded,False,0.5461079542299278,False,0.5
4910_FV.png,FV,0.3377587597097261,0.2717452963978444,0.0018908953389429894,0.7263638082632127,0.2760460957520697,0.3042055026575432,0.41283541625278475,0.4737255586592179,0.3618468488128492,0.30589865572625696,0.31881421904802354,68.12,Degraded,False,0.5183415915123782,False,0.5
4911_FV.png,FV,0.3155930417288701,0.14301253430808342,0.10437246246664053,0.7526150032252761,0.2741540862678727,0.30400877964126766,0.40379476669202957,0.42515930516759776,0.3547268898393855,0.2827230272346369,0.31533961570849633,68.47,Degraded,False,0.5982783466796984,False,0.5
4920_MVR.png,MVR,0.3614260941832682,0.42892202925146755,0.0037918569043855093,0.567286113844147,0.2570943111260279,0.3598624326071434,0.15598370206397083,0.6171494521103896,0.453315619926948,0.3704849837662338,0.36641327109073063,63.36,Unreliable,False,0.16121987123046444,True,0.0
4921_MVR.png,MVR,0.35333509137838726,0.4570404378505518,0.00012438936131717025,0.542835172788131,0.24512290333149542,0.340832317602586,0.16095894594017324,0.5957158076298701,0.4262139813311689,0.34265929383116883,0.346272158812692,65.37,Unreliable,False,0.15565620508604058,True,0.0
4922_MVR.png,MVR,0.3692094391037167,0.4448893458146204,0.0,0.5551106541853795,0.2591570173966549,0.3635019034348808,0.14893377311784298,0.6353236607142857,0.4621984070616883,0.3769277597402597,0.371677039074136,62.83,Unreliable,False,0.15970250773653066,True,0.0
4923_MVR.png,MVR,0.35828958198483285,0.4555825675796235,0.0,0.5444174324203764,0.24892515522738717,0.34462672539993494,0.16070149581602491,0.601359577922078,0.4284722504058441,0.3433187905844156,0.3494544643505343,65.05,Degraded,False,0.28311473857647834,False,0.5
4924_MVR.png,MVR,0.3539544027041929,0.4342623635522142,0.0005644169008996806,0.5651732195468862,0.25090139764581787,0.3476480100603013,0.1583090646602739,0.5936865868506493,0.4327890371347403,0.3535409902597403,0.3526804371657319,64.73,Unreliable,False,0.15477107638124588,True,0.0
4925_MVR.png,MVR,0.37495105442747667,0.4962596705100062,0.0,0.5037403294899938,0.25028208632001214,0.3492262313598421,0.15794384288673843,0.6403079342532467,0.44006759841720783,0.34144176136363635,0.3558795346708394,64.41,Unreliable,False,0.1465520241224379,True,0.0
4926_MVR.png,MVR,0.36344784599525326,0.42200674999725163,0.0,0.5779932500027484,0.2606849583263411,0.3617144178759715,0.1531502063832989,0.612799310064935,0.44996436181006494,0.36976207386363635,0.3667055575847198,63.33,Unreliable,False,0.1689331356579612,True,0.0
4927_RV.png,RV,0.19940551507015009,0.2687889868788987,0.11178748117874812,0.6194235319423532,0.15591589711035714,0.14238157409424002,0.6451068899224766,0.20455438198324022,0.1629002269553073,0.13173228002793297,0.15464933214350207,84.54,Healthy,False,0.595400965567254,False,1.0
4928_RV.png,RV,0.2012884796026473,0.27204926591233564,0.0983187368151889,0.6296319972724754,0.15787027704027143,0.14616523173794607,0.643369626354984,0.21459278980446927,0.1696473463687151,0.13778805865921787,0.1590695911809513,84.09,Healthy,False,0.5540463904257986,False,1.0
4929_RV.png,RV,0.20611384429298757,0.28459649560910644,0.09684937778332708,0.6185541266075665,0.1600250490042592,0.14840044035014144,0.6408564244298288,0.2213578037709497,0.17116958362430168,0.13770076815642457,0.16099548025604088,83.9,Healthy,False,0.6191820320333763,False,1.0
4930_RV.png,RV,0.21286506564640587,0.29896429434996374,0.10185782219714677,0.5991778834528895,0.16285502888784995,0.1481571880856911,0.631008989256851,0.2153893156424581,0.16845637657122908,0.13391454259776536,0.16068621572055394,83.93,Healthy,False,0.4995772565714081,False,1.0
4931_RV.png,RV,0.21117940491458032,0.3227175789580583,0.1017162587590129,0.5755661622829288,0.15821470084883527,0.1426903961738722,0.6253285473462277,0.2102173533519553,0.16609702339385474,0.1356276187150838,0.15671033846435414,84.33,Healthy,False,0.4659165558748747,False,1.0
4932_RV.png,RV,0.20782524030316157,0.27081914432542875,0.10304831486182486,0.6261325408127464,0.1628341404202571,0.15003822663847385,0.6315892976390798,0.21368715083798884,0.17010965869413408,0.14009034567039105,0.1619055735952729,83.81,Healthy,False,0.5995976243553933,False,1.0
4933_RV.png,RV,0.206298280454485,0.3053204981599684,0.11235628001746471,0.5823232218225669,0.1562160991322922,0.1437582629525058,0.6427793475998793,0.21801894203910616,0.16481941777234638,0.1266912534916201,0.15592007573437794,84.41,Healthy,False,0.6023953968808193,False,1.0
4934_RV.png,RV,0.19355931767198672,0.26447581270636206,0.1264209896514282,0.6091031976422098,0.1509410533449428,0.13829181383601227,0.654335494951042,0.2082096717877095,0.16238881372206704,0.12848070879888268,0.15172538564311333,84.83,Healthy,False,0.630985134875018,False,1.0
4935_FV.png,FV,0.09742457748221713,0.004834678575818413,0.3662473880444135,0.6289179333797681,0.08497728742385899,0.14579252198388182,0.3088170348652339,0.18521953561452514,0.16313656599162013,0.12151929120111732,0.1344855692189703,86.55,Healthy,False,1.5549163121827694,False,1.0
4936_FV.png,FV,0.11059707331092679,0.0015519543797596275,0.3728299707655105,0.6256180748547299,0.09646254620352702,0.16125503117556775,0.3234627929948998,0.20151012569832402,0.17804567475558658,0.13252880586592178,0.14853354311596306,85.15,Healthy,False,1.916095952219643,False,1.0
4937_FV.png,FV,0.10900040714987107,0.006957922876918006,0.3244589299447028,0.6685831471783792,0.09646777528520449,0.1623419905680879,0.3117406757952815,0.20538364175977653,0.18703168645251397,0.15147084497206703,0.1524556043369933,84.75,Healthy,False,1.3212884008796386,False,1.0
4938_FV.png,FV,0.09550857808895027,4.1793789442888784e-05,0.40523258243824967,0.5947256237723074,0.08234681984017372,0.14340066080243197,0.31428243628449665,0.17823629539106145,0.15576946578212292,0.1121573847765363,0.1300320305056309,87.0,Healthy,False,1.6359376908937437,False,1.0
4939_FV.png,FV,0.10453772522972034,0.06124708847225935,0.30337164458360383,0.6353812669441369,0.08946527650266244,0.15156214451733147,0.3395486284306572,0.18024397695530725,0.15831965782122906,0.123046875,0.1356360894344898,86.44,Healthy,False,1.3311584751268923,False,1.0
4940_FV.png,FV,0.09344089541038313,0.03477295057456534,0.2867273270964159,0.6784997223290188,0.08215462115103664,0.14203919597247786,0.32018327192278506,0.17168950768156424,0.15456485684357543,0.12132288756983241,0.12908408787448453,87.09,Healthy,False,1.3506816989126693,False,1.0
4941_FV.png,FV,0.08701032244673122,0.04720616570327553,0.19694467382328654,0.755849160473438,0.07843203391318926,0.13618196933604806,0.31778124279120346,0.16349511173184358,0.1487421438547486,0.12597110684357543,0.12388105851667064,87.61,Healthy,False,1.3383169905150107,False,1.0
4942_FV.png,FV,0.0882876553755758,0.0018084817795460712,0.33289628356994305,0.6652952346505109,0.07818786374050983,0.13614105945986155,0.3064633701531702,0.17214778282122906,0.15387373428770948,0.1188241969273743,0.12584817067519521,87.42,Healthy,False,1.2323492702999879,False,1.0
4943_FV.png,FV,0.08827568037936788,0.014650689577210038,0.27343432059687994,0.7119149898259101,0.07920238541924461,0.13816990237971732,0.3038847056117195,0.17550846717877094,0.1576549406424581,0.12642938198324022,0.12827366259667183,87.17,Healthy,False,1.5765003207014894,False,1.0
4944_FV.png,FV,0.09975171841195583,0.003161264505802321,0.3510604241696679,0.6457783113245298,0.08763402016589361,0.15026097264515909,0.3045853616710862,0.19093706354748605,0.16994424319134077,0.1300301152234637,0.13934619511985213,86.07,Healthy,False,1.5689079558959094,False,1.0
4945_MVL.png,MVL,0.10433830893993733,0.08562028256241533,0.35935746080898007,0.5550222566286046,0.08560466543891959,0.13401295817049722,0.27278907355219006,0.293653612012987,0.25327427455357143,0.17940848214285715,0.1671949969042536,83.28,Healthy,False,1.2294415883311165,False,1.0
4946_MVL.png,MVL,0.09660027139672385,0.06041222459132907,0.3181989213595886,0.6213888540490823,0.08223930567671481,0.1289187453901152,0.2738547114417006,0.2738940746753247,0.24263862114448057,0.18434202516233766,0.16040286377784124,83.96,Healthy,False,1.2735170108947438,False,1.0
4947_MVL.png,MVL,0.10206859229104068,0.00253234677323626,0.4049776441261425,0.5924900091006212,0.08784134599851379,0.13567740008435406,0.2874984157204223,0.2923092532467532,0.2556478287337663,0.1844815340909091,0.16931475531836687,83.07,Healthy,False,1.692671360572684,False,1.0
4948_MVL.png,MVL,0.08992843526865045,0.0,0.510396550949836,0.4896034490501639,0.07432271978288263,0.12107996652612552,0.29033230676835253,0.2730950689935065,0.2272531960227273,0.13826603084415584,0.14952208430179337,85.05,Healthy,False,0.8685193366759822,False,1.0
4949_MVL.png,MVL,0.09784417304772058,0.0,0.40648862838981303,0.593511371610187,0.08432150819036541,0.13495796105639393,0.2668636842133003,0.2975091314935065,0.258342380275974,0.1823128043831169,0.1691207928844174,83.09,Healthy,False,1.6662552960560728,False,1.0
4950_MVL.png,MVL,0.10726632418984847,0.07963102409638555,0.3204066265060241,0.5999623493975904,0.08985796097056639,0.13529480185398815,0.2949581092535922,0.29813058035714285,0.2585683847402598,0.19026481331168832,0.1709731827434703,82.9,Healthy,False,2.1903441782613244,False,1.0
4951_MVL.png,MVL,0.10985913217666635,0.030181604293801928,0.31567531799132414,0.6541430777148739,0.09584645891893638,0.14552863875210276,0.28832853763213473,0.3043070211038961,0.27181501116071427,0.21540178571428573,0.18113853376559746,81.89,Healthy,False,2.3780295869263073,False,1.0
4952_MVL.png,MVL,0.10674533940745048,0.006885853732359729,0.31811130869055276,0.6750028375770875,0.0947075215663468,0.14348650536749982,0.2869256862616757,0.2975091314935065,0.2686784699675325,0.21271306818181818,0.178929596067167,82.11,Healthy,False,2.069939464304395,False,1.0
4953_MVL.png,MVL,0.11179364156246971,0.0036125862504967307,0.4162421877822333,0.5801452259672699,0.09570175438596491,0.14568802998933497,0.28462090166852533,0.30970982142857145,0.271207132711039,0.19646661931818182,0.1808997883970056,81.91,Healthy,False,2.0693556838730887,False,1.0
4954_MVL.png,MVL,0.102940938903428,0.03707481658754757,0.3774177096002197,0.5855074738122328,0.08717428354495815,0.13498555557874303,0.28130478939715053,0.28632305194805197,0.250765523538961,0.18174208603896103,0.16695416115269474,83.3,Healthy,False,1.225355125311972,False,1.0
4955_MVR.png,MVR,0.09293665444026243,0.07768701633705932,0.4542992261392949,0.46801375752364577,0.07374411654240486,0.1003649275801736,0.4935936332515393,0.13786018668831168,0.11451615767045457,0.09070616883116883,0.09803917630495537,90.2,Healthy,False,0.7513478234128783,False,1.0
4956_MVR.png,MVR,0.08952444881292003,0.0024546996340266,0.39261804873694545,0.6049272516290279,0.07742658164121498,0.11952831666885058,0.3795069417856611,0.16227424918831168,0.14190657974837662,0.1030463676948052,0.11584910139237031,88.42,Healthy,False,0.9292586930766144,False,1.0
4957_MVR.png,MVR,0.10717681937685294,0.0,0.4292424694303609,0.5707575305696392,0.09153517288774883,0.11460770841647515,0.5386140159647815,0.15154474431818182,0.1283974228896104,0.08346438717532467,0.11320183354711136,88.68,Healthy,False,0.9336843366005878,False,1.0
4958_MVR.png,MVR,0.08726296358449405,0.0016025641025641025,0.5609432234432234,0.43745421245421245,0.07052641462693485,0.10227157862997091,0.44781670203831614,0.13456270292207792,0.11731876521915582,0.08427607548701299,0.09876690406473405,90.12,Healthy,False,1.0357270315676348,False,1.0
4959_MVR.png,MVR,0.04167365889131286,0.0017257909875359539,0.32540747842761264,0.6728667305848514,0.03701475958733888,0.0891842749588302,0.17327549885259497,0.13227982954545456,0.11749162946428571,0.08900669642857142,0.08485636214956502,91.51,Healthy,False,1.2071891063821523,False,1.0
4960_MVR.png,MVR,0.04440262428179864,0.0001799694052011158,0.33015387384144695,0.669666156753352,0.03941297277427501,0.09064220061743504,0.17311794037059797,0.13307883522727273,0.11851714691558442,0.09027495941558442,0.08642341078374678,91.36,Healthy,False,1.3644891219199544,False,1.0
4961_MVR.png,MVR,0.08526518511415306,0.061199625117150894,0.4380037488284911,0.500796626054358,0.06907119283356906,0.08396984975750597,0.5744902597789471,0.1126851663961039,0.09435661018668831,0.06693892045454546,0.08365495685199784,91.63,Healthy,False,2.0747416840387927,False,1.0
4962_MVR.png,MVR,0.08083011690999609,0.0,0.5840336134453782,0.41596638655462187,0.06477956512358257,0.09892019995977586,0.4089003900257019,0.15074573863636365,0.1228809862012987,0.06879058441558442,0.09826232400552701,90.17,Healthy,False,2.2945064967435354,False,1.0
4963_MVR.png,MVR,0.11263874571476518,0.016033485864282927,0.46071441240112093,0.5232521017345961,0.09378467144535278,0.11277674923822681,0.5700046012555401,0.1433390827922078,0.12329126927759741,0.08931107954545454,0.11128493391611283,88.87,Healthy,False,0.7509684825393947,False,1.0
4964_RV.png,RV,0.10157285442839802,0.10037582872344918,0.243275199527047,0.6563489717495038,0.08634044341884595,0.10018767347600804,0.32766522277921767,0.21112299231843576,0.18972863564944134,0.1590323847765363,0.13184988932823274,86.82,Healthy,False,0.7882724090388197,False,1.0
4965_RV.png,RV,0.08279467966012276,0.10780707662021448,0.271356783919598,0.6208361394601876,0.06917561325023698,0.08618986791911083,0.27646284279458555,0.19577077513966482,0.16540448236731845,0.12794605446927373,0.11277143729773173,88.72,Healthy,False,0.8513097212523278,False,1.0
4966_RV.png,RV,0.09077690516121008,0.06837081837081838,0.6061708561708562,0.3254583254583255,0.06790960912401403,0.07622372070080977,0.3579328333692651,0.1818152060055866,0.14146822625698324,0.0733567562849162,0.09982728945024044,90.02,Healthy,False,0.993558968091964,False,1.0
4967_RV.png,RV,0.09864332190972923,0.09953039394729976,0.372032350639186,0.5284372554135143,0.07958776373298791,0.08997909992494228,0.3490019141037302,0.1955198149441341,0.1671337072276536,0.12839341829608938,0.11772354198844051,88.23,Healthy,False,1.4453118005568688,False,1.0
4968_RV.png,RV,0.1096279965514727,0.2929692084979851,0.14601510231229703,0.5610156891897179,0.08266668954246963,0.09591653032314203,0.3452224257076494,0.21331616620111732,0.1758049275488827,0.13998123254189945,0.12389693697923657,87.61,Healthy,False,1.2311947719703482,False,1.0
4969_RV.png,RV,0.10598645466516259,0.04330230675839741,0.3424524484014569,0.6142452448401456,0.09057110871868339,0.1027416266133119,0.36929831346436137,0.2039869937150838,0.18235749825418995,0.14386565991620112,0.13093681990127456,86.91,Healthy,False,1.5180538862179487,False,1.0
4970_RV.png,RV,0.098952145249911,0.04893801473775466,0.4094928478543563,0.541569137407889,0.08193078925809481,0.09427338369158289,0.3803820057461182,0.19589079958100558,0.1709718706354749,0.12693130237430167,0.12125000013909326,87.87,Healthy,False,1.6300522176264145,False,1.0
4971_RV.png,RV,0.10445520560342794,0.28456453003736704,0.12971707797807253,0.5857183919845604,0.07993308827629395,0.09265098039902099,0.33482611429118525,0.204674406424581,0.1720259034567039,0.14735728002793297,0.12058558198527605,87.94,Healthy,False,1.5365891291988971,False,1.0
4972_RV.png,RV,0.101036702796138,0.16675157072508065,0.1697656647987774,0.663482764476142,0.08391665201185539,0.0932331299665293,0.37977336062789147,0.19667641410614525,0.16978777496508382,0.14066864525139663,0.12106004457954894,87.89,Healthy,False,1.4406779898116318,False,1.0
4973_RV.png,RV,0.10051770801611029,0.055557926178792405,0.331768721997013,0.6126733518241946,0.08543752117798947,0.09895200372286907,0.3356675863636444,0.20796962290502793,0.1861452513966481,0.1470844972067039,0.1297749580289168,87.02,Healthy,False,0.7783927748084085,False,1.0
4997_RV.png,RV,1.0,0.49524540732511807,0.3246505363660929,0.18010405630878903,0.5578043947276993,0.4761415268315409,0.16740975103563152,1.0,0.4639842658868715,0.09839821927374302,0.49577748282252065,50.42,Unreliable,False,0.010229355796089386,True,0.0
4998_RV.png,RV,1.0,0.4590144246235143,0.35998507353855785,0.1810005018379278,0.5700654104991357,0.49127765570768567,0.1711232530529873,1.0,0.47598452775837996,0.10730185055865922,0.5087967309653983,49.12,Unreliable,False,0.05411941228871222,True,0.0
4999_RV.png,RV,1.0,0.5258703885598109,0.3086131687419309,0.16551644269825816,0.5427383622926703,0.46359423415742007,0.17628856849218,1.0,0.4499642108938548,0.07655377094972067,0.481885463292569,51.81,Unreliable,False,0.03252410560807907,True,0.0
